invoice_id,ticket_id,product_code,line_gallons_net,line_amount_usd
INV-2026-0001,BOL-2026-000241,ULSD,5640.7,13041.30
INV-2026-0001,BOL-2026-000546,RBOB,7751.7,16929.71
INV-2026-0001,BOL-2026-000660,RBOB,7607.0,16613.69
INV-2026-0002,BOL-2026-000037,RBOB,5337.2,11656.44
INV-2026-0002,BOL-2026-000091,RBOB,5195.3,11346.54
INV-2026-0002,BOL-2026-000137,RBOB,6127.6,13382.68
INV-2026-0002,BOL-2026-000165,ULSD,8318.2,19231.68
INV-2026-0002,BOL-2026-000179,ULSD,5984.1,13835.24
INV-2026-0002,BOL-2026-000185,RBOB,7073.3,15448.09
INV-2026-0002,BOL-2026-000322,RBOB,7364.8,16084.72
INV-2026-0002,BOL-2026-000346,RBOB,7593.9,16585.08
INV-2026-0002,BOL-2026-000376,ULSD,6912.2,15981.01
INV-2026-0002,BOL-2026-000380,ULSD,5725.7,13237.82
INV-2026-0002,BOL-2026-000383,RBOB,7667.7,16746.26
INV-2026-0002,BOL-2026-000401,ULSD,5980.1,13825.99
INV-2026-0002,BOL-2026-000408,RBOB,5430.2,11859.56
INV-2026-0002,BOL-2026-000431,RBOB,6478.3,14148.61
INV-2026-0002,BOL-2026-000525,ULSD,6432.5,14871.94
INV-2026-0002,BOL-2026-000526,RBOB,5450.1,11903.02
INV-2026-0002,BOL-2026-000575,RBOB,7257.2,15849.72
INV-2026-0002,BOL-2026-000591,ULSD,5935.6,13723.11
INV-2026-0002,BOL-2026-000593,RBOB,4151.8,9067.53
INV-2026-0002,BOL-2026-000629,ULSD,5609.5,12969.16
INV-2026-0002,BOL-2026-000637,RBOB,3972.7,8676.38
INV-2026-0002,BOL-2026-000640,RBOB,4587.1,10018.23
INV-2026-0002,BOL-2026-000658,RBOB,4300.9,9393.17
INV-2026-0002,BOL-2026-000664,RBOB,5788.4,12641.87
INV-2026-0002,BOL-2026-000687,ULSD,5380.7,12440.18
INV-2026-0002,BOL-2026-000699,RBOB,8157.6,17816.20
INV-2026-0002,BOL-2026-000715,RBOB,4277.1,9341.19
INV-2026-0002,BOL-2026-000742,ULSD,7882.7,18224.80
INV-2026-0002,BOL-2026-000743,RBOB,5277.9,11526.93
INV-2026-0002,BOL-2026-000757,RBOB,7450.1,16271.02
INV-2026-0002,BOL-2026-000771,RBOB,4769.6,10416.81
INV-2026-0003,BOL-2026-000002,RBOB,6373.0,13918.63
INV-2026-0003,BOL-2026-000013,RBOB,5841.0,12756.74
INV-2026-0003,BOL-2026-000016,RBOB,6818.6,14891.82
INV-2026-0003,BOL-2026-000021,RBOB,5189.5,11333.87
INV-2026-0003,BOL-2026-000023,ULSD,6232.5,14409.54
INV-2026-0003,BOL-2026-000038,RBOB,7156.2,15629.14
INV-2026-0003,BOL-2026-000045,RBOB,6179.3,13495.59
INV-2026-0003,BOL-2026-000048,RBOB,7332.7,16014.62
INV-2026-0003,BOL-2026-000070,RBOB,7078.7,15459.88
INV-2026-0003,BOL-2026-000102,RBOB,6574.7,14359.14
INV-2026-0003,BOL-2026-000123,ULSD,4768.3,11024.31
INV-2026-0003,BOL-2026-000136,RBOB,5223.1,11407.25
INV-2026-0003,BOL-2026-000143,ULSD,4856.3,11227.77
INV-2026-0003,BOL-2026-000157,RBOB,6178.4,13493.63
INV-2026-0003,BOL-2026-000181,ULSD,7773.8,17973.03
INV-2026-0003,BOL-2026-000183,RBOB,6005.2,13115.36
INV-2026-0003,BOL-2026-000184,RBOB,6672.7,14573.18
INV-2026-0003,BOL-2026-000191,RBOB,7922.9,17303.61
INV-2026-0003,BOL-2026-000197,RBOB,6974.2,15231.65
INV-2026-0003,BOL-2026-000224,RBOB,6489.1,14172.19
INV-2026-0003,BOL-2026-000338,RBOB,7438.6,16245.90
INV-2026-0003,BOL-2026-000339,RBOB,6092.4,13305.80
INV-2026-0003,BOL-2026-000340,ULSD,4572.8,10572.31
INV-2026-0003,BOL-2026-000364,RBOB,7048.5,15393.92
INV-2026-0003,BOL-2026-000366,RBOB,5550.3,12121.86
INV-2026-0003,BOL-2026-000375,RBOB,6568.0,14344.51
INV-2026-0003,BOL-2026-000381,ULSD,4321.3,9990.85
INV-2026-0003,BOL-2026-000394,ULSD,4522.5,10456.02
INV-2026-0003,BOL-2026-000396,RBOB,8180.0,17865.12
INV-2026-0003,BOL-2026-000398,RBOB,6944.2,15166.13
INV-2026-0003,BOL-2026-000434,ULSD,7483.3,17301.39
INV-2026-0003,BOL-2026-000440,RBOB,7257.8,15851.04
INV-2026-0003,BOL-2026-000461,RBOB,6161.7,13457.15
INV-2026-0003,BOL-2026-000471,ULSD,8161.1,18868.46
INV-2026-0003,BOL-2026-000489,ULSD,7605.8,17584.61
INV-2026-0003,BOL-2026-000491,RBOB,4109.9,8976.02
INV-2026-0003,BOL-2026-000501,RBOB,6851.2,14963.02
INV-2026-0003,BOL-2026-000511,ULSD,4958.6,11464.28
INV-2026-0003,BOL-2026-000539,ULSD,8009.5,18517.96
INV-2026-0003,BOL-2026-000544,ULSD,4865.0,11247.88
INV-2026-0003,BOL-2026-000564,ULSD,7489.5,17315.72
INV-2026-0003,BOL-2026-000568,RBOB,4399.7,9608.94
INV-2026-0003,BOL-2026-000573,RBOB,6882.1,15030.51
INV-2026-0003,BOL-2026-000608,RBOB,5238.1,11440.01
INV-2026-0003,BOL-2026-000610,RBOB,6211.9,13566.79
INV-2026-0003,BOL-2026-000613,RBOB,5315.9,11609.93
INV-2026-0003,BOL-2026-000614,ULSD,6542.0,15125.10
INV-2026-0003,BOL-2026-000626,RBOB,4709.7,10285.98
INV-2026-0003,BOL-2026-000634,ULSD,5229.5,12090.60
INV-2026-0003,BOL-2026-000642,RBOB,6104.8,13332.88
INV-2026-0003,BOL-2026-000648,ULSD,6734.8,15570.86
INV-2026-0003,BOL-2026-000656,ULSD,4712.3,10894.84
INV-2026-0003,BOL-2026-000667,ULSD,6988.1,16156.49
INV-2026-0003,BOL-2026-000669,ULSD,6610.9,15284.40
INV-2026-0003,BOL-2026-000675,RBOB,7846.6,17136.97
INV-2026-0003,BOL-2026-000683,RBOB,4198.3,9169.09
INV-2026-0003,BOL-2026-000710,RBOB,4649.5,10154.51
INV-2026-0003,BOL-2026-000740,RBOB,5643.9,12326.28
INV-2026-0003,BOL-2026-000759,RBOB,5068.8,11070.26
INV-2026-0003,BOL-2026-000767,RBOB,5440.8,11882.71
INV-2026-0003,BOL-2026-000780,RBOB,7470.7,16316.01
INV-2026-0004,BOL-2026-000008,ULSD,5252.7,12144.24
INV-2026-0004,BOL-2026-000015,RBOB,7966.2,17398.18
INV-2026-0004,BOL-2026-000024,RBOB,6208.2,13558.71
INV-2026-0004,BOL-2026-000028,RBOB,4452.1,9723.39
INV-2026-0004,BOL-2026-000030,ULSD,6531.4,15100.60
INV-2026-0004,BOL-2026-000039,ULSD,4389.6,10148.76
INV-2026-0004,BOL-2026-000046,RBOB,7916.7,17290.07
INV-2026-0004,BOL-2026-000051,RBOB,5930.3,12951.78
INV-2026-0004,BOL-2026-000060,RBOB,6941.9,15161.11
INV-2026-0004,BOL-2026-000117,RBOB,6726.6,14690.89
INV-2026-0004,BOL-2026-000134,RBOB,6583.1,14377.49
INV-2026-0004,BOL-2026-000155,RBOB,5722.9,12498.81
INV-2026-0004,BOL-2026-000159,RBOB,6392.8,13961.88
INV-2026-0004,BOL-2026-000172,RBOB,4531.8,9897.45
INV-2026-0004,BOL-2026-000190,RBOB,5912.4,12912.68
INV-2026-0004,BOL-2026-000208,ULSD,5421.4,12534.28
INV-2026-0004,BOL-2026-000243,ULSD,6641.5,15355.15
INV-2026-0004,BOL-2026-000263,RBOB,8248.8,18015.38
INV-2026-0004,BOL-2026-000264,RBOB,7444.0,16257.70
INV-2026-0004,BOL-2026-000291,RBOB,4639.6,10132.89
INV-2026-0004,BOL-2026-000320,RBOB,6166.5,13467.64
INV-2026-0004,BOL-2026-000327,ULSD,4745.6,10971.83
INV-2026-0004,BOL-2026-000334,RBOB,7969.4,17405.17
INV-2026-0004,BOL-2026-000344,ULSD,8215.9,18995.16
INV-2026-0004,BOL-2026-000363,ULSD,8390.6,19399.07
INV-2026-0004,BOL-2026-000378,RBOB,7547.7,16484.18
INV-2026-0004,BOL-2026-000405,RBOB,5068.3,11069.17
INV-2026-0004,BOL-2026-000428,ULSD,6603.8,15267.99
INV-2026-0004,BOL-2026-000432,RBOB,8098.5,17687.12
INV-2026-0004,BOL-2026-000447,RBOB,8090.6,17669.87
INV-2026-0004,BOL-2026-000465,RBOB,5019.5,10962.59
INV-2026-0004,BOL-2026-000478,ULSD,7936.1,18348.26
INV-2026-0004,BOL-2026-000480,ULSD,4713.2,10896.92
INV-2026-0004,BOL-2026-000516,RBOB,6406.3,13991.36
INV-2026-0004,BOL-2026-000520,ULSD,5496.0,12706.75
INV-2026-0004,BOL-2026-000529,RBOB,7037.4,15369.68
INV-2026-0004,BOL-2026-000542,ULSD,3842.8,8884.55
INV-2026-0004,BOL-2026-000583,ULSD,8066.5,18649.75
INV-2026-0004,BOL-2026-000602,ULSD,7418.3,17151.11
INV-2026-0004,BOL-2026-000615,ULSD,4294.4,9928.65
INV-2026-0004,BOL-2026-000639,RBOB,7451.5,16274.08
INV-2026-0004,BOL-2026-000641,RBOB,7791.5,17016.64
INV-2026-0004,BOL-2026-000685,ULSD,5140.0,11883.68
INV-2026-0004,BOL-2026-000714,RBOB,4936.2,10780.66
INV-2026-0004,BOL-2026-000730,RBOB,5005.1,10931.14
INV-2026-0004,BOL-2026-000765,RBOB,4571.6,9984.37
INV-2026-0004,BOL-2026-000776,ULSD,6383.6,14758.88
INV-2026-0005,BOL-2026-000005,ULSD,8384.4,19384.73
INV-2026-0005,BOL-2026-000036,ULSD,6830.2,15791.42
INV-2026-0005,BOL-2026-000052,ULSD,6647.2,15368.33
INV-2026-0005,BOL-2026-000053,ULSD,5585.7,12914.14
INV-2026-0005,BOL-2026-000098,RBOB,5970.1,13038.70
INV-2026-0005,BOL-2026-000118,ULSD,4658.6,10770.68
INV-2026-0005,BOL-2026-000119,ULSD,5380.3,12439.25
INV-2026-0005,BOL-2026-000135,RBOB,4822.2,10531.68
INV-2026-0005,BOL-2026-000141,RBOB,4626.5,10104.28
INV-2026-0005,BOL-2026-000154,ULSD,4715.9,10903.16
INV-2026-0005,BOL-2026-000167,RBOB,6770.9,14787.65
INV-2026-0005,BOL-2026-000170,RBOB,5612.4,12257.48
INV-2026-0005,BOL-2026-000175,RBOB,7677.1,16766.79
INV-2026-0005,BOL-2026-000192,RBOB,5657.9,12356.85
INV-2026-0005,BOL-2026-000199,RBOB,4311.4,9416.10
INV-2026-0005,BOL-2026-000214,ULSD,8448.5,19532.93
INV-2026-0005,BOL-2026-000237,ULSD,8347.4,19299.19
INV-2026-0005,BOL-2026-000248,RBOB,6804.7,14861.46
INV-2026-0005,BOL-2026-000250,ULSD,5069.3,11720.22
INV-2026-0005,BOL-2026-000266,ULSD,7842.7,18132.32
INV-2026-0005,BOL-2026-000281,ULSD,4336.2,10025.29
INV-2026-0005,BOL-2026-000298,RBOB,8365.5,18270.25
INV-2026-0005,BOL-2026-000316,RBOB,6671.7,14570.99
INV-2026-0005,BOL-2026-000330,RBOB,6929.8,15134.68
INV-2026-0005,BOL-2026-000359,ULSD,6744.3,15592.82
INV-2026-0005,BOL-2026-000407,ULSD,6447.0,14905.46
INV-2026-0005,BOL-2026-000411,RBOB,5537.1,12093.03
INV-2026-0005,BOL-2026-000417,RBOB,6240.7,13629.69
INV-2026-0005,BOL-2026-000422,ULSD,5907.8,13658.83
INV-2026-0005,BOL-2026-000430,ULSD,7925.5,18323.76
INV-2026-0005,BOL-2026-000438,RBOB,7153.2,15622.59
INV-2026-0005,BOL-2026-000443,RBOB,7213.1,15753.41
INV-2026-0005,BOL-2026-000451,RBOB,7793.5,17021.00
INV-2026-0005,BOL-2026-000479,RBOB,7537.4,16461.68
INV-2026-0005,BOL-2026-000533,ULSD,7961.1,18406.06
INV-2026-0005,BOL-2026-000547,RBOB,6337.3,13840.66
INV-2026-0005,BOL-2026-000598,RBOB,5749.3,12556.47
INV-2026-0005,BOL-2026-000631,RBOB,5380.7,11751.45
INV-2026-0005,BOL-2026-000633,ULSD,4779.2,11049.51
INV-2026-0005,BOL-2026-000647,ULSD,6527.0,15090.42
INV-2026-0005,BOL-2026-000652,RBOB,4056.0,8858.30
INV-2026-0005,BOL-2026-000677,RBOB,4296.7,9383.99
INV-2026-0005,BOL-2026-000678,ULSD,5585.0,12912.52
INV-2026-0005,BOL-2026-000693,RBOB,5414.7,11825.70
INV-2026-0005,BOL-2026-000700,RBOB,5022.5,10969.14
INV-2026-0005,BOL-2026-000706,ULSD,6804.7,15732.47
INV-2026-0005,BOL-2026-000734,RBOB,6843.4,14945.99
INV-2026-0005,BOL-2026-000744,RBOB,5311.7,11600.75
INV-2026-0005,BOL-2026-000760,RBOB,7989.3,17448.63
INV-2026-0005,BOL-2026-000775,RBOB,5754.6,12568.05
INV-2026-0006,BOL-2026-000010,ULSD,7287.0,16847.54
INV-2026-0006,BOL-2026-000065,RBOB,4324.8,9445.36
INV-2026-0006,BOL-2026-000068,RBOB,6012.7,13131.74
INV-2026-0006,BOL-2026-000072,RBOB,5813.8,12697.34
INV-2026-0006,BOL-2026-000078,RBOB,4981.9,10880.47
INV-2026-0006,BOL-2026-000089,ULSD,5513.1,12746.29
INV-2026-0006,BOL-2026-000099,RBOB,4698.5,10261.52
INV-2026-0006,BOL-2026-000104,RBOB,5849.4,12775.09
INV-2026-0006,BOL-2026-000131,ULSD,6112.2,14131.41
INV-2026-0006,BOL-2026-000138,RBOB,7928.0,17314.75
INV-2026-0006,BOL-2026-000156,ULSD,6665.6,15410.87
INV-2026-0006,BOL-2026-000176,ULSD,6362.5,14710.10
INV-2026-0006,BOL-2026-000221,ULSD,8392.9,19404.38
INV-2026-0006,BOL-2026-000222,RBOB,6350.3,13869.06
INV-2026-0006,BOL-2026-000230,ULSD,6492.4,15010.43
INV-2026-0006,BOL-2026-000242,RBOB,4684.4,10230.73
INV-2026-0006,BOL-2026-000247,ULSD,6946.5,16060.31
INV-2026-0006,BOL-2026-000272,RBOB,8219.5,17951.39
INV-2026-0006,BOL-2026-000277,ULSD,6851.0,15839.51
INV-2026-0006,BOL-2026-000296,RBOB,8279.9,18083.30
INV-2026-0006,BOL-2026-000309,RBOB,4297.1,9384.87
INV-2026-0006,BOL-2026-000347,ULSD,6507.2,15044.65
INV-2026-0006,BOL-2026-000350,ULSD,7389.3,17084.06
INV-2026-0006,BOL-2026-000352,ULSD,4326.2,10002.17
INV-2026-0006,BOL-2026-000395,RBOB,4909.5,10722.35
INV-2026-0006,BOL-2026-000403,ULSD,6359.0,14702.01
INV-2026-0006,BOL-2026-000439,ULSD,5934.6,13720.80
INV-2026-0006,BOL-2026-000459,RBOB,6126.8,13380.93
INV-2026-0006,BOL-2026-000482,ULSD,5958.4,13775.82
INV-2026-0006,BOL-2026-000486,ULSD,7830.1,18103.19
INV-2026-0006,BOL-2026-000504,ULSD,7578.3,17521.03
INV-2026-0006,BOL-2026-000507,RBOB,5545.9,12112.25
INV-2026-0006,BOL-2026-000541,RBOB,6588.1,14388.41
INV-2026-0006,BOL-2026-000551,ULSD,5562.6,12860.73
INV-2026-0006,BOL-2026-000554,RBOB,6298.5,13755.92
INV-2026-0006,BOL-2026-000558,ULSD,4537.3,10490.24
INV-2026-0006,BOL-2026-000594,ULSD,6514.5,15061.52
INV-2026-0006,BOL-2026-000611,RBOB,5539.4,12098.05
INV-2026-0006,BOL-2026-000635,ULSD,5176.7,11968.53
INV-2026-0006,BOL-2026-000717,ULSD,6724.3,15546.58
INV-2026-0006,BOL-2026-000724,RBOB,7266.2,15869.38
INV-2026-0006,BOL-2026-000731,RBOB,4386.8,9580.77
INV-2026-0006,BOL-2026-000732,ULSD,3831.8,8859.12
INV-2026-0006,BOL-2026-000777,RBOB,7126.9,15565.15
INV-2026-0006,BOL-2026-000779,ULSD,6374.9,14738.77
INV-2026-0007,BOL-2026-000026,RBOB,8170.0,17843.28
INV-2026-0007,BOL-2026-000031,RBOB,4544.5,9925.19
INV-2026-0007,BOL-2026-000033,ULSD,7279.6,16830.44
INV-2026-0007,BOL-2026-000054,RBOB,6921.6,15116.77
INV-2026-0007,BOL-2026-000075,RBOB,8033.8,17545.82
INV-2026-0007,BOL-2026-000082,RBOB,5556.9,12136.27
INV-2026-0007,BOL-2026-000083,ULSD,6735.2,15571.78
INV-2026-0007,BOL-2026-000095,RBOB,5586.0,12199.82
INV-2026-0007,BOL-2026-000114,RBOB,5461.5,11927.92
INV-2026-0007,BOL-2026-000128,ULSD,5499.4,12714.61
INV-2026-0007,BOL-2026-000145,RBOB,7061.0,15421.22
INV-2026-0007,BOL-2026-000150,ULSD,6005.3,13884.25
INV-2026-0007,BOL-2026-000178,RBOB,6132.1,13392.51
INV-2026-0007,BOL-2026-000212,ULSD,6960.2,16091.98
INV-2026-0007,BOL-2026-000249,ULSD,7585.7,17538.14
INV-2026-0007,BOL-2026-000271,RBOB,8131.6,17759.41
INV-2026-0007,BOL-2026-000279,RBOB,4840.3,10571.22
INV-2026-0007,BOL-2026-000282,RBOB,6065.8,13247.71
INV-2026-0007,BOL-2026-000286,ULSD,7449.1,17222.32
INV-2026-0007,BOL-2026-000300,ULSD,8254.8,19085.10
INV-2026-0007,BOL-2026-000306,RBOB,7122.1,15554.67
INV-2026-0007,BOL-2026-000311,ULSD,4325.5,10000.56
INV-2026-0007,BOL-2026-000317,RBOB,5004.5,10929.83
INV-2026-0007,BOL-2026-000341,ULSD,4801.3,11100.61
INV-2026-0007,BOL-2026-000374,RBOB,8105.7,17702.85
INV-2026-0007,BOL-2026-000379,RBOB,5346.1,11675.88
INV-2026-0007,BOL-2026-000393,RBOB,4343.7,9486.64
INV-2026-0007,BOL-2026-000406,ULSD,5868.8,13568.67
INV-2026-0007,BOL-2026-000413,RBOB,5950.8,12996.55
INV-2026-0007,BOL-2026-000423,ULSD,5483.4,12677.62
INV-2026-0007,BOL-2026-000435,ULSD,4362.2,10085.41
INV-2026-0007,BOL-2026-000441,ULSD,7010.3,16207.81
INV-2026-0007,BOL-2026-000444,RBOB,5054.2,11038.37
INV-2026-0007,BOL-2026-000456,ULSD,5686.7,13147.65
INV-2026-0007,BOL-2026-000473,ULSD,5429.5,12553.00
INV-2026-0007,BOL-2026-000487,ULSD,5449.8,12599.94
INV-2026-0007,BOL-2026-000490,ULSD,6818.6,15764.60
INV-2026-0007,BOL-2026-000513,RBOB,6458.5,14105.36
INV-2026-0007,BOL-2026-000518,RBOB,5874.2,12829.25
INV-2026-0007,BOL-2026-000524,ULSD,7150.8,16532.65
INV-2026-0007,BOL-2026-000527,RBOB,4949.7,10810.14
INV-2026-0007,BOL-2026-000531,RBOB,7339.2,16028.81
INV-2026-0007,BOL-2026-000534,ULSD,4656.9,10766.75
INV-2026-0007,BOL-2026-000535,RBOB,3801.3,8302.04
INV-2026-0007,BOL-2026-000548,RBOB,7214.0,15755.38
INV-2026-0007,BOL-2026-000549,RBOB,5469.5,11945.39
INV-2026-0007,BOL-2026-000556,RBOB,7616.4,16634.22
INV-2026-0007,BOL-2026-000557,RBOB,5945.0,12983.88
INV-2026-0007,BOL-2026-000560,ULSD,7930.6,18335.55
INV-2026-0007,BOL-2026-000561,ULSD,4832.4,11172.51
INV-2026-0007,BOL-2026-000570,ULSD,4899.5,11327.64
INV-2026-0007,BOL-2026-000586,RBOB,4635.0,10122.84
INV-2026-0007,BOL-2026-000603,RBOB,4409.0,9629.26
INV-2026-0007,BOL-2026-000622,RBOB,5267.7,11504.66
INV-2026-0007,BOL-2026-000643,ULSD,4551.9,10523.99
INV-2026-0007,BOL-2026-000671,RBOB,4992.6,10903.84
INV-2026-0007,BOL-2026-000674,RBOB,4671.8,10203.21
INV-2026-0007,BOL-2026-000682,ULSD,4575.2,10577.86
INV-2026-0007,BOL-2026-000716,ULSD,4120.8,9527.29
INV-2026-0007,BOL-2026-000720,ULSD,6582.0,15217.58
INV-2026-0007,BOL-2026-000721,ULSD,5075.8,11735.25
INV-2026-0007,BOL-2026-000748,RBOB,6865.3,14993.82
INV-2026-0007,BOL-2026-000756,ULSD,7750.9,17920.08
INV-2026-0008,BOL-2026-000001,RBOB,7366.8,16089.09
INV-2026-0008,BOL-2026-000003,RBOB,7938.0,17336.59
INV-2026-0008,BOL-2026-000018,RBOB,4538.7,9912.52
INV-2026-0008,BOL-2026-000022,ULSD,4504.7,10414.87
INV-2026-0008,BOL-2026-000032,RBOB,5258.7,11485.00
INV-2026-0008,BOL-2026-000047,ULSD,8238.7,19047.87
INV-2026-0008,BOL-2026-000058,RBOB,6483.9,14160.84
INV-2026-0008,BOL-2026-000061,RBOB,5368.4,11724.59
INV-2026-0008,BOL-2026-000067,RBOB,4981.4,10879.38
INV-2026-0008,BOL-2026-000071,ULSD,7288.9,16851.94
INV-2026-0008,BOL-2026-000077,ULSD,4572.7,10572.08
INV-2026-0008,BOL-2026-000080,ULSD,4274.1,9881.72
INV-2026-0008,BOL-2026-000090,RBOB,4875.3,10647.66
INV-2026-0008,BOL-2026-000094,RBOB,7208.9,15744.24
INV-2026-0008,BOL-2026-000124,RBOB,6271.9,13697.83
INV-2026-0008,BOL-2026-000142,RBOB,5657.4,12355.76
INV-2026-0008,BOL-2026-000162,RBOB,6216.4,13576.62
INV-2026-0008,BOL-2026-000164,RBOB,6695.4,14622.75
INV-2026-0008,BOL-2026-000173,ULSD,6857.5,15854.54
INV-2026-0008,BOL-2026-000182,RBOB,6559.9,14326.82
INV-2026-0008,BOL-2026-000188,RBOB,7698.1,16812.65
INV-2026-0008,BOL-2026-000202,RBOB,6531.3,14264.36
INV-2026-0008,BOL-2026-000226,RBOB,7566.5,16525.24
INV-2026-0008,BOL-2026-000235,ULSD,6616.7,15297.81
INV-2026-0008,BOL-2026-000238,ULSD,5435.2,12566.18
INV-2026-0008,BOL-2026-000255,ULSD,7939.4,18355.89
INV-2026-0008,BOL-2026-000256,ULSD,8469.2,19580.79
INV-2026-0008,BOL-2026-000268,RBOB,5503.7,12020.08
INV-2026-0008,BOL-2026-000287,ULSD,6079.5,14055.80
INV-2026-0008,BOL-2026-000288,RBOB,8468.1,18494.33
INV-2026-0008,BOL-2026-000305,ULSD,4245.4,9815.36
INV-2026-0008,BOL-2026-000310,RBOB,6607.4,14430.56
INV-2026-0008,BOL-2026-000312,ULSD,7435.0,17189.72
INV-2026-0008,BOL-2026-000321,RBOB,7740.1,16904.38
INV-2026-0008,BOL-2026-000324,RBOB,7256.2,15847.54
INV-2026-0008,BOL-2026-000333,RBOB,6097.5,13316.94
INV-2026-0008,BOL-2026-000342,RBOB,7966.1,17397.96
INV-2026-0008,BOL-2026-000370,RBOB,4722.2,10313.28
INV-2026-0008,BOL-2026-000404,ULSD,8281.0,19145.67
INV-2026-0008,BOL-2026-000420,ULSD,6784.9,15686.69
INV-2026-0008,BOL-2026-000425,RBOB,4801.7,10486.91
INV-2026-0008,BOL-2026-000427,RBOB,4930.9,10769.09
INV-2026-0008,BOL-2026-000449,RBOB,8028.3,17533.81
INV-2026-0008,BOL-2026-000467,RBOB,8161.0,17823.62
INV-2026-0008,BOL-2026-000474,RBOB,5059.6,11050.17
INV-2026-0008,BOL-2026-000484,RBOB,5260.3,11488.50
INV-2026-0008,BOL-2026-000497,RBOB,6994.1,15275.11
INV-2026-0008,BOL-2026-000499,RBOB,5078.9,11092.32
INV-2026-0008,BOL-2026-000500,RBOB,4831.9,10552.87
INV-2026-0008,BOL-2026-000508,RBOB,6292.0,13741.73
INV-2026-0008,BOL-2026-000510,RBOB,7678.8,16770.50
INV-2026-0008,BOL-2026-000532,RBOB,6479.7,14151.66
INV-2026-0008,BOL-2026-000536,RBOB,6078.1,13274.57
INV-2026-0008,BOL-2026-000567,RBOB,4194.0,9159.70
INV-2026-0008,BOL-2026-000569,RBOB,7311.0,15967.22
INV-2026-0008,BOL-2026-000578,RBOB,4676.4,10213.26
INV-2026-0008,BOL-2026-000579,RBOB,7919.3,17295.75
INV-2026-0008,BOL-2026-000587,ULSD,4103.1,9486.37
INV-2026-0008,BOL-2026-000600,ULSD,8031.3,18568.37
INV-2026-0008,BOL-2026-000609,ULSD,4196.4,9702.08
INV-2026-0008,BOL-2026-000624,ULSD,4792.6,11080.49
INV-2026-0008,BOL-2026-000650,ULSD,3957.7,9150.20
INV-2026-0008,BOL-2026-000653,ULSD,7268.0,16803.62
INV-2026-0008,BOL-2026-000690,RBOB,6694.9,14621.66
INV-2026-0008,BOL-2026-000707,ULSD,5273.9,12193.26
INV-2026-0008,BOL-2026-000708,ULSD,7031.0,16255.67
INV-2026-0008,BOL-2026-000712,ULSD,5854.6,13535.84
INV-2026-0008,BOL-2026-000723,RBOB,5952.6,13000.48
INV-2026-0008,BOL-2026-000729,RBOB,6201.9,13544.95
INV-2026-0008,BOL-2026-000735,ULSD,5642.7,13045.92
INV-2026-0008,BOL-2026-000737,RBOB,6815.1,14884.18
INV-2026-0008,BOL-2026-000747,ULSD,3994.6,9235.52
INV-2026-0008,BOL-2026-000754,RBOB,3979.8,8691.88
INV-2026-0008,BOL-2026-000758,ULSD,7959.6,18402.60
INV-2026-0008,BOL-2026-000761,RBOB,6636.6,14494.33
INV-2026-0008,BOL-2026-000772,RBOB,7175.2,15670.64
INV-2026-0008,BOL-2026-000774,ULSD,5498.9,12713.46
INV-2026-0009,BOL-2026-000034,RBOB,4511.9,9853.99
INV-2026-0009,BOL-2026-000056,ULSD,7288.9,16851.94
INV-2026-0009,BOL-2026-000108,RBOB,8127.7,17750.90
INV-2026-0009,BOL-2026-000109,ULSD,8351.0,19307.51
INV-2026-0009,BOL-2026-000120,ULSD,8082.6,18686.97
INV-2026-0009,BOL-2026-000121,RBOB,7449.0,16268.62
INV-2026-0009,BOL-2026-000147,RBOB,6668.6,14564.22
INV-2026-0009,BOL-2026-000169,RBOB,5704.2,12457.97
INV-2026-0009,BOL-2026-000211,ULSD,5338.0,12341.46
INV-2026-0009,BOL-2026-000215,RBOB,4726.8,10323.33
INV-2026-0009,BOL-2026-000219,RBOB,6053.0,13219.75
INV-2026-0009,BOL-2026-000220,RBOB,5037.0,11000.81
INV-2026-0009,BOL-2026-000225,ULSD,6709.9,15513.29
INV-2026-0009,BOL-2026-000227,RBOB,7530.8,16447.27
INV-2026-0009,BOL-2026-000233,RBOB,5832.7,12738.62
INV-2026-0009,BOL-2026-000236,RBOB,5170.4,11292.15
INV-2026-0009,BOL-2026-000251,ULSD,6302.0,14570.22
INV-2026-0009,BOL-2026-000290,RBOB,6925.8,15125.95
INV-2026-0009,BOL-2026-000293,RBOB,7316.8,15979.89
INV-2026-0009,BOL-2026-000297,RBOB,7895.9,17244.65
INV-2026-0009,BOL-2026-000303,RBOB,7217.0,15761.93
INV-2026-0009,BOL-2026-000304,ULSD,6982.1,16142.62
INV-2026-0009,BOL-2026-000319,ULSD,4555.5,10532.32
INV-2026-0009,BOL-2026-000323,RBOB,4574.0,9989.62
INV-2026-0009,BOL-2026-000331,ULSD,6327.3,14628.72
INV-2026-0009,BOL-2026-000337,ULSD,5184.5,11986.56
INV-2026-0009,BOL-2026-000361,ULSD,7373.8,17048.23
INV-2026-0009,BOL-2026-000372,RBOB,7680.0,16773.12
INV-2026-0009,BOL-2026-000373,ULSD,8173.8,18897.83
INV-2026-0009,BOL-2026-000384,RBOB,8144.1,17786.71
INV-2026-0009,BOL-2026-000385,ULSD,6719.9,15536.41
INV-2026-0009,BOL-2026-000418,ULSD,4318.0,9983.22
INV-2026-0009,BOL-2026-000454,ULSD,5968.5,13799.17
INV-2026-0009,BOL-2026-000457,ULSD,7850.0,18149.20
INV-2026-0009,BOL-2026-000464,RBOB,7392.8,16145.88
INV-2026-0009,BOL-2026-000468,RBOB,7995.6,17462.39
INV-2026-0009,BOL-2026-000485,ULSD,8117.0,18766.50
INV-2026-0009,BOL-2026-000498,RBOB,4912.1,10728.03
INV-2026-0009,BOL-2026-000502,RBOB,4774.7,10427.94
INV-2026-0009,BOL-2026-000503,ULSD,5836.5,13493.99
INV-2026-0009,BOL-2026-000521,RBOB,4223.7,9224.56
INV-2026-0009,BOL-2026-000530,ULSD,6036.7,13956.85
INV-2026-0009,BOL-2026-000545,ULSD,4145.3,9583.93
INV-2026-0009,BOL-2026-000550,RBOB,8017.5,17510.22
INV-2026-0009,BOL-2026-000553,ULSD,5998.2,13867.84
INV-2026-0009,BOL-2026-000565,RBOB,7913.4,17282.87
INV-2026-0009,BOL-2026-000582,ULSD,6829.0,15788.65
INV-2026-0009,BOL-2026-000589,ULSD,6171.4,14268.28
INV-2026-0009,BOL-2026-000592,ULSD,4016.0,9284.99
INV-2026-0009,BOL-2026-000595,ULSD,6990.8,16162.73
INV-2026-0009,BOL-2026-000616,RBOB,5142.5,11231.22
INV-2026-0009,BOL-2026-000617,RBOB,6214.7,13572.90
INV-2026-0009,BOL-2026-000618,ULSD,3991.3,9227.89
INV-2026-0009,BOL-2026-000620,RBOB,6657.4,14539.76
INV-2026-0009,BOL-2026-000628,RBOB,6965.5,15212.65
INV-2026-0009,BOL-2026-000644,RBOB,5646.2,12331.30
INV-2026-0009,BOL-2026-000651,ULSD,5871.6,13575.14
INV-2026-0009,BOL-2026-000654,ULSD,7879.3,18216.94
INV-2026-0009,BOL-2026-000655,ULSD,4824.0,11153.09
INV-2026-0009,BOL-2026-000663,ULSD,7106.8,16430.92
INV-2026-0009,BOL-2026-000681,ULSD,7895.8,18255.09
INV-2026-0009,BOL-2026-000684,ULSD,5082.6,11750.97
INV-2026-0009,BOL-2026-000694,RBOB,4425.2,9664.64
INV-2026-0009,BOL-2026-000698,RBOB,7097.5,15500.94
INV-2026-0009,BOL-2026-000701,RBOB,6403.8,13985.90
INV-2026-0009,BOL-2026-000725,ULSD,6160.9,14244.00
INV-2026-0009,BOL-2026-000739,ULSD,4573.9,10574.86
INV-2026-0009,BOL-2026-000745,ULSD,4180.5,9665.32
INV-2026-0009,BOL-2026-000752,ULSD,3943.9,9118.30
INV-2026-0009,BOL-2026-000766,RBOB,6327.9,13820.13
INV-2026-0010,BOL-2026-001181,JETA,10077.2,21726.44
INV-2026-0011,BOL-2026-001022,JETA,6697.0,14438.73
INV-2026-0011,BOL-2026-001030,JETA,5931.3,12787.88
INV-2026-0011,BOL-2026-001087,JETA,9088.7,19595.24
INV-2026-0011,BOL-2026-001109,JETA,10640.4,22940.70
INV-2026-0011,BOL-2026-001158,JETA,6897.2,14870.36
INV-2026-0011,BOL-2026-001160,JETA,10304.0,22215.42
INV-2026-0011,BOL-2026-001170,JETA,9479.8,20438.45
INV-2026-0011,BOL-2026-001200,JETA,9407.7,20283.00
INV-2026-0012,BOL-2026-001045,JETA,5877.0,12670.81
INV-2026-0012,BOL-2026-001053,JETA,10340.3,22293.69
INV-2026-0012,BOL-2026-001063,JETA,8580.2,18498.91
INV-2026-0012,BOL-2026-001074,JETA,7279.0,15693.52
INV-2026-0012,BOL-2026-001080,JETA,6685.8,14414.58
INV-2026-0012,BOL-2026-001092,JETA,5474.9,11803.88
INV-2026-0012,BOL-2026-001098,JETA,8242.6,17771.05
INV-2026-0012,BOL-2026-001146,JETA,8977.0,19354.41
INV-2026-0012,BOL-2026-001164,JETA,2309.8,4979.93
INV-2026-0012,BOL-2026-001167,JETA,7076.6,15257.15
INV-2026-0012,BOL-2026-001186,JETA,7135.0,15383.06
INV-2026-0012,BOL-2026-001196,JETA,8662.3,18675.92
INV-2026-0013,BOL-2026-001034,JETA,7533.0,16241.15
INV-2026-0013,BOL-2026-001095,JETA,10725.2,23123.53
INV-2026-0013,BOL-2026-001112,JETA,4401.2,9488.99
INV-2026-0013,BOL-2026-001128,JETA,3136.0,6761.22
INV-2026-0013,BOL-2026-001137,JETA,10824.2,23336.98
INV-2026-0013,BOL-2026-001138,JETA,2932.6,6322.69
INV-2026-0013,BOL-2026-001162,JETA,8322.9,17944.17
INV-2026-0013,BOL-2026-001172,JETA,3852.1,8305.13
INV-2026-0013,BOL-2026-001173,JETA,9154.0,19736.02
INV-2026-0013,BOL-2026-001182,JETA,5309.6,11447.50
INV-2026-0013,BOL-2026-001199,JETA,10580.9,22812.42
INV-2026-0014,BOL-2026-001024,JETA,3977.7,8575.92
INV-2026-0014,BOL-2026-001027,JETA,8327.2,17953.44
INV-2026-0014,BOL-2026-001094,JETA,7833.6,16889.24
INV-2026-0014,BOL-2026-001115,JETA,6417.8,13836.78
INV-2026-0014,BOL-2026-001187,JETA,8088.5,17438.81
INV-2026-0014,BOL-2026-001189,JETA,6479.4,13969.59
INV-2026-0015,BOL-2026-001032,JETA,3571.7,7700.59
INV-2026-0015,BOL-2026-001036,JETA,7841.2,16905.63
INV-2026-0015,BOL-2026-001046,JETA,6480.9,13972.82
INV-2026-0015,BOL-2026-001057,JETA,8465.1,18250.76
INV-2026-0015,BOL-2026-001067,JETA,6253.3,13482.11
INV-2026-0015,BOL-2026-001073,JETA,3916.8,8444.62
INV-2026-0015,BOL-2026-001090,JETA,2854.4,6154.09
INV-2026-0015,BOL-2026-001101,JETA,4889.8,10542.41
INV-2026-0015,BOL-2026-001113,JETA,6059.4,13064.07
INV-2026-0015,BOL-2026-001151,JETA,3095.3,6673.47
INV-2026-0015,BOL-2026-001166,JETA,7853.6,16932.36
INV-2026-0015,BOL-2026-001175,JETA,10089.3,21752.53
INV-2026-0015,BOL-2026-001180,JETA,7188.7,15498.84
INV-2026-0016,BOL-2026-001031,JETA,10568.9,22786.55
INV-2026-0016,BOL-2026-001041,JETA,8462.2,18244.50
INV-2026-0016,BOL-2026-001047,JETA,9320.8,20095.64
INV-2026-0016,BOL-2026-001051,JETA,5979.2,12891.16
INV-2026-0016,BOL-2026-001062,JETA,4169.5,8989.44
INV-2026-0016,BOL-2026-001070,JETA,2717.6,5859.15
INV-2026-0016,BOL-2026-001071,JETA,9029.1,19466.74
INV-2026-0016,BOL-2026-001081,JETA,3793.7,8179.22
INV-2026-0016,BOL-2026-001082,JETA,9787.5,21101.85
INV-2026-0016,BOL-2026-001084,JETA,3789.8,8170.81
INV-2026-0016,BOL-2026-001085,JETA,7943.2,17125.54
INV-2026-0016,BOL-2026-001100,JETA,6324.3,13635.19
INV-2026-0016,BOL-2026-001102,JETA,7262.8,15658.60
INV-2026-0016,BOL-2026-001104,JETA,9516.3,20517.14
INV-2026-0016,BOL-2026-001106,JETA,10385.6,22391.35
INV-2026-0016,BOL-2026-001116,JETA,8926.7,19245.97
INV-2026-0016,BOL-2026-001124,JETA,10498.4,22634.55
INV-2026-0016,BOL-2026-001126,JETA,5141.7,11085.51
INV-2026-0016,BOL-2026-001135,JETA,6820.6,14705.21
INV-2026-0016,BOL-2026-001147,JETA,9703.9,20921.61
INV-2026-0016,BOL-2026-001149,JETA,6701.6,14448.65
INV-2026-0016,BOL-2026-001183,JETA,10332.6,22277.09
INV-2026-0016,BOL-2026-001184,JETA,10270.8,22143.84
INV-2026-0016,BOL-2026-001188,JETA,10273.7,22150.10
INV-2026-0017,BOL-2026-001023,JETA,3291.7,7096.91
INV-2026-0017,BOL-2026-001040,JETA,3496.8,7539.10
INV-2026-0017,BOL-2026-001058,JETA,4851.9,10460.70
INV-2026-0017,BOL-2026-001078,JETA,4863.7,10486.14
INV-2026-0017,BOL-2026-001083,JETA,6864.8,14800.51
INV-2026-0017,BOL-2026-001088,JETA,7534.3,16243.95
INV-2026-0017,BOL-2026-001105,JETA,10300.0,22206.80
INV-2026-0017,BOL-2026-001118,JETA,10792.7,23269.06
INV-2026-0017,BOL-2026-001121,JETA,7402.5,15959.79
INV-2026-0017,BOL-2026-001127,JETA,8737.8,18838.70
INV-2026-0017,BOL-2026-001148,JETA,4345.5,9368.90
INV-2026-0017,BOL-2026-001176,JETA,9845.5,21226.90
INV-2026-0017,BOL-2026-001198,JETA,7289.7,15716.59
INV-2026-0018,BOL-2026-001038,JETA,5440.0,11728.64
INV-2026-0018,BOL-2026-001061,JETA,10098.1,21771.50
INV-2026-0018,BOL-2026-001079,JETA,4621.9,9964.82
INV-2026-0018,BOL-2026-001086,JETA,6991.0,15072.60
INV-2026-0018,BOL-2026-001089,JETA,9733.5,20985.43
INV-2026-0018,BOL-2026-001097,JETA,2622.1,5653.25
INV-2026-0018,BOL-2026-001103,JETA,3400.6,7331.69
INV-2026-0018,BOL-2026-001130,JETA,3887.0,8380.37
INV-2026-0018,BOL-2026-001136,JETA,4768.2,10280.24
INV-2026-0018,BOL-2026-001139,JETA,7708.4,16619.31
INV-2026-0018,BOL-2026-001157,JETA,10761.1,23200.93
INV-2026-0018,BOL-2026-001163,JETA,7318.1,15777.82
INV-2026-0018,BOL-2026-001169,JETA,9438.0,20348.33
INV-2026-0018,BOL-2026-001177,JETA,9982.7,21522.70
INV-2026-0018,BOL-2026-001178,JETA,7932.3,17102.04
INV-2026-0018,BOL-2026-001193,JETA,4483.1,9665.56
INV-2026-0019,BOL-2026-000944,ULSD,6343.2,14665.48
INV-2026-0020,BOL-2026-000808,ULSD,4836.6,11182.22
INV-2026-0020,BOL-2026-000815,RBOB,6561.9,14331.19
INV-2026-0020,BOL-2026-000829,ULSD,5025.7,11619.42
INV-2026-0020,BOL-2026-000833,ULSD,7558.4,17475.02
INV-2026-0020,BOL-2026-000867,ULSD,6397.0,14789.86
INV-2026-0020,BOL-2026-000885,ULSD,7331.6,16950.66
INV-2026-0020,BOL-2026-000887,RBOB,5860.0,12798.24
INV-2026-0020,BOL-2026-000910,ULSD,3604.8,8334.30
INV-2026-0020,BOL-2026-000922,ULSD,6797.8,15716.51
INV-2026-0020,BOL-2026-000923,ULSD,5346.2,12360.41
INV-2026-0020,BOL-2026-000931,ULSD,4523.4,10458.10
INV-2026-0020,BOL-2026-000957,ULSD,7602.3,17576.52
INV-2026-0020,BOL-2026-000959,ULSD,6328.1,14630.57
INV-2026-0020,BOL-2026-001000,ULSD,5278.9,12204.82
INV-2026-0021,BOL-2026-000805,ULSD,6676.7,15436.53
INV-2026-0021,BOL-2026-000843,ULSD,4568.5,10562.37
INV-2026-0021,BOL-2026-000858,ULSD,5246.8,12130.60
INV-2026-0021,BOL-2026-000884,ULSD,7042.0,16281.10
INV-2026-0021,BOL-2026-000911,ULSD,3112.4,7195.87
INV-2026-0021,BOL-2026-000937,ULSD,3976.6,9193.90
INV-2026-0021,BOL-2026-000945,ULSD,6223.7,14389.19
INV-2026-0021,BOL-2026-000965,ULSD,5463.0,12630.46
INV-2026-0021,BOL-2026-000974,RBOB,3100.8,6772.15
INV-2026-0021,BOL-2026-001007,ULSD,6741.7,15586.81
INV-2026-0022,BOL-2026-000792,ULSD,6315.9,14602.36
INV-2026-0022,BOL-2026-000802,RBOB,3061.4,6686.10
INV-2026-0022,BOL-2026-000847,ULSD,4888.8,11302.91
INV-2026-0022,BOL-2026-000851,RBOB,4277.8,9342.72
INV-2026-0022,BOL-2026-000907,ULSD,6463.4,14943.38
INV-2026-0022,BOL-2026-000912,ULSD,6513.5,15059.21
INV-2026-0022,BOL-2026-000914,RBOB,7292.8,15927.48
INV-2026-0022,BOL-2026-000964,ULSD,5310.7,12278.34
INV-2026-0022,BOL-2026-000978,ULSD,6818.9,15765.30
INV-2026-0022,BOL-2026-000982,RBOB,4468.8,9759.86
INV-2026-0022,BOL-2026-000992,ULSD,7194.0,16632.53
INV-2026-0022,BOL-2026-001008,ULSD,6243.0,14433.82
INV-2026-0022,BOL-2026-001011,RBOB,3850.7,8409.93
INV-2026-0022,BOL-2026-001012,ULSD,3854.1,8910.68
INV-2026-0022,BOL-2026-001015,ULSD,4618.2,10677.28
INV-2026-0022,BOL-2026-001016,ULSD,4995.3,11549.13
INV-2026-0022,BOL-2026-001020,RBOB,7710.8,16840.39
INV-2026-0023,BOL-2026-000785,RBOB,6678.9,14586.72
INV-2026-0023,BOL-2026-000794,ULSD,3985.9,9215.40
INV-2026-0023,BOL-2026-000801,RBOB,5658.8,12358.82
INV-2026-0023,BOL-2026-000816,ULSD,4686.1,10834.26
INV-2026-0023,BOL-2026-000828,ULSD,4133.4,9556.42
INV-2026-0023,BOL-2026-000832,ULSD,7527.2,17402.89
INV-2026-0023,BOL-2026-000837,ULSD,6942.6,16051.29
INV-2026-0023,BOL-2026-000855,ULSD,5673.6,13117.36
INV-2026-0023,BOL-2026-000926,ULSD,5596.8,12939.80
INV-2026-0023,BOL-2026-000969,ULSD,3503.3,8099.63
INV-2026-0023,BOL-2026-000980,ULSD,4544.8,10507.58
INV-2026-0023,BOL-2026-000988,ULSD,3041.0,7030.79
INV-2026-0023,BOL-2026-000994,ULSD,3737.7,8641.56
INV-2026-0024,BOL-2026-000784,ULSD,5013.7,11591.67
INV-2026-0024,BOL-2026-000803,ULSD,4895.1,11317.47
INV-2026-0024,BOL-2026-000842,ULSD,3481.9,8050.15
INV-2026-0024,BOL-2026-000859,ULSD,5396.2,12476.01
INV-2026-0024,BOL-2026-000860,RBOB,6982.0,15248.69
INV-2026-0024,BOL-2026-000863,ULSD,6403.3,14804.43
INV-2026-0024,BOL-2026-000882,ULSD,4731.5,10939.23
INV-2026-0024,BOL-2026-000883,ULSD,6916.6,15991.18
INV-2026-0024,BOL-2026-000886,ULSD,5733.3,13255.39
INV-2026-0024,BOL-2026-000904,ULSD,6696.7,15482.77
INV-2026-0024,BOL-2026-000916,ULSD,6949.6,16067.48
INV-2026-0024,BOL-2026-000934,ULSD,5865.6,13561.27
INV-2026-0024,BOL-2026-000943,ULSD,3641.9,8420.07
INV-2026-0024,BOL-2026-000953,ULSD,4315.4,9977.20
INV-2026-0024,BOL-2026-001018,ULSD,4868.1,11255.05
INV-2026-0025,BOL-2026-000783,ULSD,7057.3,16316.48
INV-2026-0025,BOL-2026-000791,ULSD,4067.3,9403.60
INV-2026-0025,BOL-2026-000796,ULSD,5775.0,13351.80
INV-2026-0025,BOL-2026-000798,ULSD,6232.9,14410.46
INV-2026-0025,BOL-2026-000800,ULSD,3194.9,7386.61
INV-2026-0025,BOL-2026-000809,ULSD,5362.5,12398.10
INV-2026-0025,BOL-2026-000810,ULSD,5594.5,12934.48
INV-2026-0025,BOL-2026-000817,ULSD,4620.5,10682.60
INV-2026-0025,BOL-2026-000826,ULSD,3963.1,9162.69
INV-2026-0025,BOL-2026-000838,RBOB,4214.3,9204.03
INV-2026-0025,BOL-2026-000845,ULSD,6684.5,15454.56
INV-2026-0025,BOL-2026-000846,ULSD,3640.8,8417.53
INV-2026-0025,BOL-2026-000861,ULSD,7560.2,17479.18
INV-2026-0025,BOL-2026-000872,RBOB,6287.8,13732.56
INV-2026-0025,BOL-2026-000877,ULSD,4982.5,11519.54
INV-2026-0025,BOL-2026-000890,RBOB,6348.1,13864.25
INV-2026-0025,BOL-2026-000893,ULSD,5984.8,13836.86
INV-2026-0025,BOL-2026-000898,ULSD,6835.1,15802.75
INV-2026-0025,BOL-2026-000915,ULSD,6431.3,14869.17
INV-2026-0025,BOL-2026-000950,ULSD,5894.3,13627.62
INV-2026-0025,BOL-2026-000958,ULSD,6667.7,15415.72
INV-2026-0025,BOL-2026-000962,RBOB,4630.2,10112.36
INV-2026-0025,BOL-2026-000967,ULSD,5685.4,13144.64
INV-2026-0025,BOL-2026-000970,ULSD,5994.8,13859.98
INV-2026-0025,BOL-2026-000993,ULSD,6612.6,15288.33
INV-2026-0025,BOL-2026-000995,ULSD,5565.6,12867.67
INV-2026-0025,BOL-2026-001001,ULSD,3035.7,7018.54
INV-2026-0025,BOL-2026-001005,RBOB,7178.6,15678.06
INV-2026-0025,BOL-2026-001010,ULSD,6425.2,14855.06
INV-2026-0026,BOL-2026-000804,ULSD,3961.3,9158.53
INV-2026-0026,BOL-2026-000823,RBOB,5591.7,12212.27
INV-2026-0026,BOL-2026-000824,ULSD,3089.3,7142.46
INV-2026-0026,BOL-2026-000827,ULSD,7373.5,17047.53
INV-2026-0026,BOL-2026-000844,ULSD,3014.8,6970.22
INV-2026-0026,BOL-2026-000848,RBOB,6007.8,13121.04
INV-2026-0026,BOL-2026-000880,RBOB,3898.5,8514.32
INV-2026-0026,BOL-2026-000889,ULSD,3304.9,7640.93
INV-2026-0026,BOL-2026-000903,ULSD,6848.5,15833.73
INV-2026-0026,BOL-2026-000917,ULSD,3624.3,8379.38
INV-2026-0026,BOL-2026-000925,ULSD,5159.7,11929.23
INV-2026-0026,BOL-2026-000929,ULSD,3862.8,8930.79
INV-2026-0026,BOL-2026-000998,ULSD,3824.8,8842.94
INV-2026-0026,BOL-2026-001013,ULSD,5509.8,12738.66
INV-2026-0027,BOL-2026-000786,RBOB,4445.1,9708.10
INV-2026-0027,BOL-2026-000821,ULSD,5752.9,13300.70
INV-2026-0027,BOL-2026-000822,ULSD,6845.7,15827.26
INV-2026-0027,BOL-2026-000831,RBOB,5887.7,12858.74
INV-2026-0027,BOL-2026-000836,ULSD,3542.2,8189.57
INV-2026-0027,BOL-2026-000839,RBOB,4864.7,10624.50
INV-2026-0027,BOL-2026-000841,ULSD,6951.3,16071.41
INV-2026-0027,BOL-2026-000874,ULSD,3446.1,7967.38
INV-2026-0027,BOL-2026-000875,ULSD,3403.1,7867.97
INV-2026-0027,BOL-2026-000876,RBOB,4442.0,9701.33
INV-2026-0027,BOL-2026-000878,ULSD,3078.1,7116.57
INV-2026-0027,BOL-2026-000879,ULSD,4428.7,10239.15
INV-2026-0027,BOL-2026-000908,RBOB,5141.7,11229.47
INV-2026-0027,BOL-2026-000924,ULSD,7321.4,16927.08
INV-2026-0027,BOL-2026-000927,ULSD,6821.6,15771.54
INV-2026-0027,BOL-2026-000942,ULSD,5173.0,11959.98
INV-2026-0027,BOL-2026-000949,ULSD,4901.2,11331.57
INV-2026-0027,BOL-2026-000961,ULSD,7150.0,16530.80
INV-2026-0027,BOL-2026-000986,ULSD,7447.7,17219.08
INV-2026-0027,BOL-2026-000989,RBOB,3057.1,6676.71
INV-2026-0027,BOL-2026-000997,ULSD,7622.4,17622.99
