row_id,baseline_sha,source,source_label,target,target_label,disposition,context,group,proposed,decision,reviewer_rationale
REL-00002,579ed89b479529d179485f633828df89399ad3c5,CM-1-1-1-1-1,Prepare Master Data To Create Demand Forecast,CM-1-1-1-1,Produce Demand Forecast,ResolvedToConcept,,G3-genuine-enablement,no triple; held pending domain-batch review,,
REL-00009,579ed89b479529d179485f633828df89399ad3c5,CM-1-1-1-1-4,Publish Forecast and Generate Component Level Forecast Plan,CM-1-1-4-7-1,Capture Product Demand Requirements,SoleCandidate,PROMOTE/A:explicit-reference,G3-genuine-enablement,no triple; held pending domain-batch review,,
REL-00010,579ed89b479529d179485f633828df89399ad3c5,CM-1-1-1-1-4,Publish Forecast and Generate Component Level Forecast Plan,CM-1-2-1-1-2,Receive Demand Forecast,SoleCandidate,PROMOTE/A:explicit-reference,G1-redundant-output-dep,proposed: merge into the existing core:dependsOnOutputOf fact,,
REL-00013,579ed89b479529d179485f633828df89399ad3c5,CM-1-1-1-1-5,Monitor Demand Forecasting Performance and Reporting,CM-1-1-1-1,Produce Demand Forecast,ResolvedToConcept,,G3-genuine-enablement,no triple; held pending domain-batch review,,
REL-00019,579ed89b479529d179485f633828df89399ad3c5,CM-1-1-2-11,Allocate Finished Products,CM-1-3-7,Order Management,SoleCandidate,HOLD,G3-genuine-enablement,no triple; held pending domain-batch review,,
REL-00020,579ed89b479529d179485f633828df89399ad3c5,CM-1-1-2-11,Allocate Finished Products,CM-1-3-10,Terminal Loading,SoleCandidate,HOLD,G3-genuine-enablement,no triple; held pending domain-batch review,,
REL-00021,579ed89b479529d179485f633828df89399ad3c5,CM-1-1-2-12,Maintain Supply Planning Master Data,CM-1-1-2,Regional Optimization,SoleCandidate,HOLD,G3-genuine-enablement,no triple; held pending domain-batch review,,
REL-00027,579ed89b479529d179485f633828df89399ad3c5,CM-1-1-2-13,Plan Finished Goods Inventory,CM-1-1-2-11,Allocate Finished Products,ResolvedToConcept,,G3-genuine-enablement,proposed: emit (target core:enabledBy source),,
REL-00032,579ed89b479529d179485f633828df89399ad3c5,CM-1-1-3-5-2,Coordinate Product Trading,CM-1-1-3-5-1,Develop Short-Term Network Plan,SoleCandidate,PROMOTE/B:structural-nearness,G3-genuine-enablement,no triple; held pending domain-batch review,,
REL-00038,579ed89b479529d179485f633828df89399ad3c5,CM-1-1-3-6-3,Track Movements and Inventory Management,CM-1-1-3-7-12,Monitor and Control Inventory Positions,ResolvedToConcept,,G3-genuine-enablement,proposed: emit (target core:enabledBy source),,
REL-00041,579ed89b479529d179485f633828df89399ad3c5,CM-1-1-3-6-4,Discharge & Reconcile Load,CM-1-1-3-7-5,Perform Inventory Reconciliation,SoleCandidate,PROMOTE/A:explicit-reference,G3-genuine-enablement,no triple; held pending domain-batch review,,
REL-00043,579ed89b479529d179485f633828df89399ad3c5,CM-1-1-3-7-1,Develop Crude/Feedstock Inventory Policy,CM-1-1-3-7-12,Monitor and Control Inventory Positions,ResolvedToConcept,,G3-genuine-enablement,proposed: emit (target core:enabledBy source),,
REL-00044,579ed89b479529d179485f633828df89399ad3c5,CM-1-1-3-7-10,Manage Lot/Batch Inventory,CM-1-1-3-7-5,Perform Inventory Reconciliation,SoleCandidate,PROMOTE/B:structural-nearness,G3-genuine-enablement,no triple; held pending domain-batch review,,
REL-00046,579ed89b479529d179485f633828df89399ad3c5,CM-1-1-3-7-11,Manage Third Party Storage,CM-1-1-3-7-5,Perform Inventory Reconciliation,SoleCandidate,PROMOTE/B:structural-nearness,G3-genuine-enablement,no triple; held pending domain-batch review,,
REL-00052,579ed89b479529d179485f633828df89399ad3c5,CM-1-1-3-7-2,Develop Intermediates Inventory Policy,CM-1-1-3-7-12,Monitor and Control Inventory Positions,ResolvedToConcept,,G3-genuine-enablement,proposed: emit (target core:enabledBy source),,
REL-00053,579ed89b479529d179485f633828df89399ad3c5,CM-1-1-3-7-3,Develop Finished Product Inventory Policy,CM-1-1-2-13,Plan Finished Goods Inventory,SoleCandidate,PROMOTE/A:explicit-reference,G3-genuine-enablement,proposed: emit (target core:enabledBy source),,
REL-00054,579ed89b479529d179485f633828df89399ad3c5,CM-1-1-3-7-3,Develop Finished Product Inventory Policy,CM-1-1-3-7-9,Manage Inventory Replenishment,SoleCandidate,PROMOTE/A:explicit-reference,G3-genuine-enablement,no triple; held pending domain-batch review,,
REL-00057,579ed89b479529d179485f633828df89399ad3c5,CM-1-1-3-7-4,Measure Inventory,CM-1-1-3-7-12,Monitor and Control Inventory Positions,ResolvedToConcept,,G1-redundant-output-dep,proposed: merge into the existing core:dependsOnOutputOf fact,,
REL-00059,579ed89b479529d179485f633828df89399ad3c5,CM-1-1-3-7-5,Perform Inventory Reconciliation,CM-1-1-6,Distribution Backcasting,SoleCandidate,PROMOTE/B:structural-nearness,G3-genuine-enablement,no triple; held pending domain-batch review,,
REL-00060,579ed89b479529d179485f633828df89399ad3c5,CM-1-1-3-7-5,Perform Inventory Reconciliation,CM-1-1-3-7-12,Monitor and Control Inventory Positions,ResolvedToConcept,,G3-genuine-enablement,proposed: emit (target core:enabledBy source),,
REL-00061,579ed89b479529d179485f633828df89399ad3c5,CM-1-1-3-7-6,Manage Consignment Inventory,CM-1-1-3-7-5,Perform Inventory Reconciliation,SoleCandidate,PROMOTE/B:structural-nearness,G3-genuine-enablement,no triple; held pending domain-batch review,,
REL-00063,579ed89b479529d179485f633828df89399ad3c5,CM-1-1-3-7-7,Manage Commingled Inventory,CM-1-1-3-7-5,Perform Inventory Reconciliation,SoleCandidate,PROMOTE/B:structural-nearness,G3-genuine-enablement,no triple; held pending domain-batch review,,
REL-00065,579ed89b479529d179485f633828df89399ad3c5,CM-1-1-3-7-8,Manage Inventory Re-brands,CM-1-1-3-7-12,Monitor and Control Inventory Positions,ResolvedToConcept,,G3-genuine-enablement,proposed: emit (target core:enabledBy source),,
REL-00074,579ed89b479529d179485f633828df89399ad3c5,CM-1-1-3-8-3,Maintain Secondary Distribution Scheduling Basis,CM-1-1-3-8-2,Schedule Secondary Distribution,SoleCandidate,PROMOTE/A:explicit-reference,G3-genuine-enablement,proposed: emit (target core:enabledBy source),,
REL-00075,579ed89b479529d179485f633828df89399ad3c5,CM-1-1-3-8-3,Maintain Secondary Distribution Scheduling Basis,CM-1-1-3-8-1,Generate Orders,SoleCandidate,PROMOTE/B:structural-nearness,G3-genuine-enablement,no triple; held pending domain-batch review,,
REL-00077,579ed89b479529d179485f633828df89399ad3c5,CM-1-1-3-8-4,Monitor Secondary Distribution Performance,CM-1-1-6,Distribution Backcasting,SoleCandidate,PROMOTE/A:explicit-reference,G3-genuine-enablement,no triple; held pending domain-batch review,,
REL-00080,579ed89b479529d179485f633828df89399ad3c5,CM-1-1-4-7-1,Capture Product Demand Requirements,CM-1-1-4-7,Refinery Optimization,SoleCandidate,HOLD,G3-genuine-enablement,no triple; held pending domain-batch review,,
REL-00084,579ed89b479529d179485f633828df89399ad3c5,CM-1-1-4-7-2,Evaluate Crude & Feedstock,CM-1-1-4-7,Refinery Optimization,SoleCandidate,HOLD,G3-genuine-enablement,no triple; held pending domain-batch review,,
REL-00088,579ed89b479529d179485f633828df89399ad3c5,CM-1-1-4-7-3,Capture Crude Availability,CM-1-1-4-7,Refinery Optimization,SoleCandidate,HOLD,G3-genuine-enablement,no triple; held pending domain-batch review,,
REL-00089,579ed89b479529d179485f633828df89399ad3c5,CM-1-1-4-7-3,Capture Crude Availability,CM-1-1-4-7-2,Evaluate Crude & Feedstock,SoleCandidate,PROMOTE/A:explicit-reference,G1-redundant-output-dep,proposed: merge into the existing core:dependsOnOutputOf fact,,
REL-00092,579ed89b479529d179485f633828df89399ad3c5,CM-1-1-4-7-4,Capture Product/Crude/Feedstock Price,CM-1-1-4-7,Refinery Optimization,SoleCandidate,HOLD,G3-genuine-enablement,no triple; held pending domain-batch review,,
REL-00093,579ed89b479529d179485f633828df89399ad3c5,CM-1-1-4-7-4,Capture Product/Crude/Feedstock Price,CM-1-1-4-7-2,Evaluate Crude & Feedstock,SoleCandidate,PROMOTE/B:structural-nearness,G1-redundant-output-dep,proposed: merge into the existing core:dependsOnOutputOf fact,,
REL-00096,579ed89b479529d179485f633828df89399ad3c5,CM-1-1-4-7-5,Capture Refinery Level Constraints,CM-1-1-4-7,Refinery Optimization,SoleCandidate,HOLD,G3-genuine-enablement,no triple; held pending domain-batch review,,
REL-00100,579ed89b479529d179485f633828df89399ad3c5,CM-1-1-4-7-6,Capture Inventory,CM-1-1-4-7,Refinery Optimization,SoleCandidate,HOLD,G3-genuine-enablement,no triple; held pending domain-batch review,,
REL-00108,579ed89b479529d179485f633828df89399ad3c5,CM-1-1-4-7-7,Capture Monthly Operating Plan,CM-1-1-5,Regional Backcasting,SoleCandidate,PROMOTE/A:explicit-reference,G3-genuine-enablement,proposed: emit (target core:enabledBy source),,
REL-00109,579ed89b479529d179485f633828df89399ad3c5,CM-1-1-4-7-8,Perform Scenario Analysis,CM-1-1-4-7,Refinery Optimization,SoleCandidate,HOLD,G3-genuine-enablement,no triple; held pending domain-batch review,,
REL-00113,579ed89b479529d179485f633828df89399ad3c5,CM-1-1-7-1-1,Update Refinery Execution Instructions,CM-1-1-7-1,Daily Execution Planning,SoleCandidate,HOLD,G3-genuine-enablement,no triple; held pending domain-batch review,,
REL-00115,579ed89b479529d179485f633828df89399ad3c5,CM-1-1-7-1-2,Schedule Resources,CM-1-1-7-1,Daily Execution Planning,SoleCandidate,HOLD,G3-genuine-enablement,no triple; held pending domain-batch review,,
REL-00118,579ed89b479529d179485f633828df89399ad3c5,CM-1-1-7-1-3,Perform Production Accounting,CM-1-1-3-7-5,Perform Inventory Reconciliation,SoleCandidate,PROMOTE/A:explicit-reference,G3-genuine-enablement,no triple; held pending domain-batch review,,
REL-00119,579ed89b479529d179485f633828df89399ad3c5,CM-1-1-7-1-3,Perform Production Accounting,CM-1-1-5,Regional Backcasting,SoleCandidate,HOLD,G3-genuine-enablement,no triple; held pending domain-batch review,,
REL-00120,579ed89b479529d179485f633828df89399ad3c5,CM-1-1-7-2-1,Maintain Production Scheduling Master Data,CM-1-1-7-2-3,Create Production Scheduling and Sequencing Plan,SoleCandidate,PROMOTE/B:structural-nearness,G1-redundant-output-dep,proposed: merge into the existing core:dependsOnOutputOf fact,,
REL-00121,579ed89b479529d179485f633828df89399ad3c5,CM-1-1-7-2-1,Maintain Production Scheduling Master Data,CM-1-1-7-2-2,Review Production Wheel and Run Length,SoleCandidate,PROMOTE/B:structural-nearness,G3-genuine-enablement,no triple; held pending domain-batch review,,
REL-00122,579ed89b479529d179485f633828df89399ad3c5,CM-1-1-7-2-2,Review Production Wheel and Run Length,CM-1-1-7-2-3,Create Production Scheduling and Sequencing Plan,SoleCandidate,PROMOTE/A:explicit-reference,G2-disguised-sequence,proposed: no separate triple; sequence fact already recorded,,
REL-00129,579ed89b479529d179485f633828df89399ad3c5,CM-1-1-7-2-4,Manage Production Schedule Exceptions,CM-1-1-7-2-5,Measure Production Scheduling Performance,SoleCandidate,PROMOTE/B:structural-nearness,G2-disguised-sequence,no triple; held pending domain-batch review,,
REL-00132,579ed89b479529d179485f633828df89399ad3c5,CM-1-1-7-2-5,Measure Production Scheduling Performance,CM-1-1-7-2,Production Scheduling,SoleCandidate,HOLD,G3-genuine-enablement,no triple; held pending domain-batch review,,
REL-00133,579ed89b479529d179485f633828df89399ad3c5,CM-1-1-7-2-6,"Manage The Interface to Planning, Operations, Engineering & Maintenance",CM-1-1-7-2-3,Create Production Scheduling and Sequencing Plan,SoleCandidate,PROMOTE/B:structural-nearness,G3-genuine-enablement,no triple; held pending domain-batch review,,
REL-00135,579ed89b479529d179485f633828df89399ad3c5,CM-1-1-7-3-1,Optimize Internal vs. External Energy Sources,CM-1-1-7-3-2,Optimize Plant Energy Balance,SoleCandidate,PROMOTE/A:explicit-reference,G2-disguised-sequence,proposed: no separate triple; sequence fact already recorded,,
REL-00138,579ed89b479529d179485f633828df89399ad3c5,CM-1-1-7-3-2,Optimize Plant Energy Balance,CM-1-1-7-1,Daily Execution Planning,SoleCandidate,PROMOTE/B:structural-nearness,G3-genuine-enablement,no triple; held pending domain-batch review,,
REL-00140,579ed89b479529d179485f633828df89399ad3c5,CM-1-1-7-3-3,Manage and Support Emissions Trading,CM-1-1-7-3-1,Optimize Internal vs. External Energy Sources,SoleCandidate,PROMOTE/B:structural-nearness,G1-redundant-output-dep,no triple; held pending domain-batch review,,
REL-00143,579ed89b479529d179485f633828df89399ad3c5,CM-1-2-1-1-1,Receive Production Forecast,CM-1-2-1-1-4,Perform Asset Optimization,SoleCandidate,PROMOTE/B:structural-nearness,G1-redundant-output-dep,proposed: merge into the existing core:dependsOnOutputOf fact,,
REL-00146,579ed89b479529d179485f633828df89399ad3c5,CM-1-2-1-1-2,Receive Demand Forecast,CM-1-2-1-1-4,Perform Asset Optimization,SoleCandidate,PROMOTE/B:structural-nearness,G1-redundant-output-dep,proposed: merge into the existing core:dependsOnOutputOf fact,,
REL-00148,579ed89b479529d179485f633828df89399ad3c5,CM-1-2-1-1-3,Forecast Renewables,CM-1-2-1-1-4,Perform Asset Optimization,SoleCandidate,PROMOTE/B:structural-nearness,G3-genuine-enablement,no triple; held pending domain-batch review,,
REL-00152,579ed89b479529d179485f633828df89399ad3c5,CM-1-2-1-1-4,Perform Asset Optimization,CM-1-2-1-4,Trading Strategy Management,SoleCandidate,PROMOTE/A:explicit-reference,G1-redundant-output-dep,no triple; held pending domain-batch review,,
REL-00154,579ed89b479529d179485f633828df89399ad3c5,CM-1-2-1-1-5,Forecast Revenue,CM-1-2-1-4,Trading Strategy Management,SoleCandidate,PROMOTE/B:structural-nearness,G1-redundant-output-dep,proposed: merge into the existing core:dependsOnOutputOf fact,,
REL-00156,579ed89b479529d179485f633828df89399ad3c5,CM-1-2-1-1-6,Receive Power Generation Forecast,CM-1-2-1-1-4,Perform Asset Optimization,SoleCandidate,PROMOTE/B:structural-nearness,G3-genuine-enablement,no triple; held pending domain-batch review,,
REL-00160,579ed89b479529d179485f633828df89399ad3c5,CM-1-2-1-2-10,Manage Storage Contract,CM-1-2-1-3-5,Capture Storage Deals,SoleCandidate,PROMOTE/A:explicit-reference,G3-genuine-enablement,proposed: emit (target core:enabledBy source),,
REL-00161,579ed89b479529d179485f633828df89399ad3c5,CM-1-2-1-2-10,Manage Storage Contract,CM-1-1-3-7-11,Manage Third Party Storage,SoleCandidate,PROMOTE/A:explicit-reference,G3-genuine-enablement,proposed: emit (target core:enabledBy source),,
REL-00164,579ed89b479529d179485f633828df89399ad3c5,CM-1-2-1-2-11,Monitor Contracts,CM-1-2-1-4,Trading Strategy Management,SoleCandidate,PROMOTE/B:structural-nearness,G3-genuine-enablement,no triple; held pending domain-batch review,,
REL-00166,579ed89b479529d179485f633828df89399ad3c5,CM-1-2-1-2-2,Manage Existing Counterparty,CM-1-2-1-3,Trade Capture,SoleCandidate,PROMOTE/B:structural-nearness,G3-genuine-enablement,no triple; held pending domain-batch review,,
REL-00172,579ed89b479529d179485f633828df89399ad3c5,CM-1-2-1-2-5,Create New Contract,CM-1-2-1-3,Trade Capture,SoleCandidate,PROMOTE/A:explicit-reference,G3-genuine-enablement,proposed: emit (target core:enabledBy source),,
REL-00174,579ed89b479529d179485f633828df89399ad3c5,CM-1-2-1-2-6,Manage Existing Contract,CM-1-2-1-2-11,Monitor Contracts,SoleCandidate,PROMOTE/A:explicit-reference,G2-disguised-sequence,proposed: no separate triple; sequence fact already recorded,,
REL-00176,579ed89b479529d179485f633828df89399ad3c5,CM-1-2-1-2-7,Terminate/Novate Contract,CM-1-2-4-1,Settlements,SoleCandidate,PROMOTE/A:explicit-reference,G3-genuine-enablement,no triple; held pending domain-batch review,,
REL-00177,579ed89b479529d179485f633828df89399ad3c5,CM-1-2-1-2-8,Manage Lease Contract,CM-1-2-3-1-6,Perform Lease Actualization,SoleCandidate,PROMOTE/A:explicit-reference,G3-genuine-enablement,proposed: emit (target core:enabledBy source),,
REL-00178,579ed89b479529d179485f633828df89399ad3c5,CM-1-2-1-2-8,Manage Lease Contract,CM-1-2-4-1-6,Settle First Purchaser/Leases,SoleCandidate,PROMOTE/A:explicit-reference,G3-genuine-enablement,proposed: emit (target core:enabledBy source),,
REL-00179,579ed89b479529d179485f633828df89399ad3c5,CM-1-2-1-2-9,Manage Carrier Contracts,CM-1-2-1-3-9,Capture Transportation Deals,SoleCandidate,PROMOTE/A:explicit-reference,G3-genuine-enablement,proposed: emit (target core:enabledBy source),,
REL-00180,579ed89b479529d179485f633828df89399ad3c5,CM-1-2-1-2-9,Manage Carrier Contracts,CM-1-1-3-6-1,Plan & Execute Nominations,SoleCandidate,PROMOTE/A:explicit-reference,G3-genuine-enablement,proposed: emit (target core:enabledBy source),,
REL-00194,579ed89b479529d179485f633828df89399ad3c5,CM-1-2-1-3-3,Capture Physical Trades,,,AmbiguousDeferred,,HELD-ambiguous,no triple; held for disambiguation,,
REL-00196,579ed89b479529d179485f633828df89399ad3c5,CM-1-2-1-3-4,Capture Exchange Trades,CM-1-2-2-1-5,Perform Margining,SoleCandidate,PROMOTE/A:explicit-reference,G3-genuine-enablement,proposed: emit (target core:enabledBy source),,
REL-00199,579ed89b479529d179485f633828df89399ad3c5,CM-1-2-1-3-5,Capture Storage Deals,CM-1-1-3-7-11,Manage Third Party Storage,SoleCandidate,PROMOTE/A:explicit-reference,G3-genuine-enablement,proposed: emit (target core:enabledBy source),,
REL-00211,579ed89b479529d179485f633828df89399ad3c5,CM-1-2-1-3-9,Capture Transportation Deals,CM-1-1-3-6-1,Plan & Execute Nominations,SoleCandidate,PROMOTE/A:explicit-reference,G3-genuine-enablement,proposed: emit (target core:enabledBy source),,
REL-00216,579ed89b479529d179485f633828df89399ad3c5,CM-1-2-2-1-1,Perform Counterparty Credit Reviews,CM-1-2-2-1-2,Manage Credit Limits,SoleCandidate,PROMOTE/A:explicit-reference,G2-disguised-sequence,proposed: no separate triple; sequence fact already recorded,,
REL-00217,579ed89b479529d179485f633828df89399ad3c5,CM-1-2-2-1-1,Perform Counterparty Credit Reviews,CM-1-2-1-2-1,Create New Counterparty,SoleCandidate,PROMOTE/A:explicit-reference,G3-genuine-enablement,proposed: emit (target core:enabledBy source),,
REL-00220,579ed89b479529d179485f633828df89399ad3c5,CM-1-2-2-1-2,Manage Credit Limits,CM-1-2-1-3-1,Manage Pre-Trade Analysis,SoleCandidate,PROMOTE/A:explicit-reference,G3-genuine-enablement,proposed: emit (target core:enabledBy source),,
REL-00221,579ed89b479529d179485f633828df89399ad3c5,CM-1-2-2-1-2,Manage Credit Limits,CM-1-2-2-1-7,Monitor & Analyze Credit,SoleCandidate,PROMOTE/A:explicit-reference,G3-genuine-enablement,proposed: emit (target core:enabledBy source),,
REL-00223,579ed89b479529d179485f633828df89399ad3c5,CM-1-2-2-1-3,Manage Collateral,CM-1-2-1-2-3,Terminate/Novate Counterparty,SoleCandidate,PROMOTE/A:explicit-reference,G3-genuine-enablement,proposed: emit (target core:enabledBy source),,
REL-00226,579ed89b479529d179485f633828df89399ad3c5,CM-1-2-2-1-4,Calculate Credit Exposure,CM-1-2-2-1-2,Manage Credit Limits,SoleCandidate,PROMOTE/A:explicit-reference,G3-genuine-enablement,proposed: emit (target core:enabledBy source),,
REL-00227,579ed89b479529d179485f633828df89399ad3c5,CM-1-2-2-1-4,Calculate Credit Exposure,CM-1-2-2-1-3,Manage Collateral,SoleCandidate,PROMOTE/B:structural-nearness,G1-redundant-output-dep,proposed: merge into the existing core:dependsOnOutputOf fact,,
REL-00232,579ed89b479529d179485f633828df89399ad3c5,CM-1-2-2-1-6,Perform Advanced Credit Risk Analytics,CM-1-2-2-1-2,Manage Credit Limits,SoleCandidate,PROMOTE/A:explicit-reference,G3-genuine-enablement,no triple; held pending domain-batch review,,
REL-00233,579ed89b479529d179485f633828df89399ad3c5,CM-1-2-2-1-6,Perform Advanced Credit Risk Analytics,CM-1-2-2-1-8,Manage Credit Risk Reporting,SoleCandidate,PROMOTE/A:explicit-reference,G1-redundant-output-dep,proposed: merge into the existing core:dependsOnOutputOf fact,,
REL-00239,579ed89b479529d179485f633828df89399ad3c5,CM-1-2-2-1-8,Manage Credit Risk Reporting,CM-1-2-1-4,Trading Strategy Management,SoleCandidate,PROMOTE/B:structural-nearness,G3-genuine-enablement,no triple; held pending domain-batch review,,
REL-00243,579ed89b479529d179485f633828df89399ad3c5,CM-1-2-2-2-2,Manage Confirmation Documentation,CM-1-2-2-2-1,Generate Confirms,SoleCandidate,PROMOTE/B:structural-nearness,G1-redundant-output-dep,no triple; held pending domain-batch review,,
REL-00253,579ed89b479529d179485f633828df89399ad3c5,CM-1-2-2-2-5,Manage Confirm Disputes,CM-1-2-4-1,Settlements,SoleCandidate,PROMOTE/B:structural-nearness,G3-genuine-enablement,no triple; held pending domain-batch review,,
REL-00254,579ed89b479529d179485f633828df89399ad3c5,CM-1-2-2-3-1,Establish And Maintain Book Structure,CM-1-2-1-3,Trade Capture,SoleCandidate,PROMOTE/A:explicit-reference,G3-genuine-enablement,proposed: emit (target core:enabledBy source),,
REL-00255,579ed89b479529d179485f633828df89399ad3c5,CM-1-2-2-3-1,Establish And Maintain Book Structure,CM-1-2-2-3-9,Perform Position & P&L Analysis,ResolvedToConcept,,G3-genuine-enablement,proposed: emit (target core:enabledBy source),,
REL-00257,579ed89b479529d179485f633828df89399ad3c5,CM-1-2-2-3-10,Monitor Risk Policy Compliance,CM-1-2-2-3-13,Manage Risk Reporting,SoleCandidate,PROMOTE/B:structural-nearness,G3-genuine-enablement,no triple; held pending domain-batch review,,
REL-00259,579ed89b479529d179485f633828df89399ad3c5,CM-1-2-2-3-11,Manage And Run Risk Scenarios,CM-1-2-2-3-6,Manage Risk Limits,SoleCandidate,PROMOTE/B:structural-nearness,G3-genuine-enablement,no triple; held pending domain-batch review,,
REL-00260,579ed89b479529d179485f633828df89399ad3c5,CM-1-2-2-3-11,Manage And Run Risk Scenarios,CM-1-2-2-3-13,Manage Risk Reporting,SoleCandidate,PROMOTE/B:structural-nearness,G3-genuine-enablement,no triple; held pending domain-batch review,,
REL-00262,579ed89b479529d179485f633828df89399ad3c5,CM-1-2-2-3-12,Conduct Advanced Risk Analytics,CM-1-2-2-3-6,Manage Risk Limits,SoleCandidate,PROMOTE/B:structural-nearness,G3-genuine-enablement,no triple; held pending domain-batch review,,
REL-00263,579ed89b479529d179485f633828df89399ad3c5,CM-1-2-2-3-12,Conduct Advanced Risk Analytics,CM-1-2-2-3-13,Manage Risk Reporting,SoleCandidate,PROMOTE/B:structural-nearness,G3-genuine-enablement,no triple; held pending domain-batch review,,
REL-00266,579ed89b479529d179485f633828df89399ad3c5,CM-1-2-2-3-13,Manage Risk Reporting,CM-1-2-1-4,Trading Strategy Management,SoleCandidate,PROMOTE/B:structural-nearness,G3-genuine-enablement,no triple; held pending domain-batch review,,
REL-00267,579ed89b479529d179485f633828df89399ad3c5,CM-1-2-2-3-14,Manage Volatilities And Correlations,CM-1-2-2-3-15,Manage Commodity Valuations,SoleCandidate,PROMOTE/A:explicit-reference,G1-redundant-output-dep,proposed: merge into the existing core:dependsOnOutputOf fact,,
REL-00268,579ed89b479529d179485f633828df89399ad3c5,CM-1-2-2-3-14,Manage Volatilities And Correlations,CM-1-2-2-3-7,Measure Risk,SoleCandidate,PROMOTE/A:explicit-reference,G1-redundant-output-dep,proposed: merge into the existing core:dependsOnOutputOf fact,,
REL-00271,579ed89b479529d179485f633828df89399ad3c5,CM-1-2-2-3-15,Manage Commodity Valuations,CM-1-2-2-3-9,Perform Position & P&L Analysis,ResolvedToConcept,,G1-redundant-output-dep,proposed: merge into the existing core:dependsOnOutputOf fact,,
REL-00272,579ed89b479529d179485f633828df89399ad3c5,CM-1-2-2-3-2,Establish & Maintain Delegation Of Authority (DOA),CM-1-2-1-3-2,Obtain Trade Approval,SoleCandidate,PROMOTE/A:explicit-reference,G3-genuine-enablement,proposed: emit (target core:enabledBy source),,
REL-00273,579ed89b479529d179485f633828df89399ad3c5,CM-1-2-2-3-2,Establish & Maintain Delegation Of Authority (DOA),CM-1-2-1-4,Trading Strategy Management,SoleCandidate,PROMOTE/A:explicit-reference,G3-genuine-enablement,proposed: emit (target core:enabledBy source),,
REL-00275,579ed89b479529d179485f633828df89399ad3c5,CM-1-2-2-3-3,Setup And Manage Curves,CM-1-2-2-3-15,Manage Commodity Valuations,SoleCandidate,PROMOTE/B:structural-nearness,G1-redundant-output-dep,proposed: merge into the existing core:dependsOnOutputOf fact,,
REL-00276,579ed89b479529d179485f633828df89399ad3c5,CM-1-2-2-3-3,Setup And Manage Curves,CM-1-2-2-1-4,Calculate Credit Exposure,SoleCandidate,PROMOTE/A:explicit-reference,G3-genuine-enablement,proposed: emit (target core:enabledBy source),,
REL-00277,579ed89b479529d179485f633828df89399ad3c5,CM-1-2-2-3-3,Setup And Manage Curves,CM-1-2-2-3-7,Measure Risk,SoleCandidate,PROMOTE/B:structural-nearness,G1-redundant-output-dep,proposed: merge into the existing core:dependsOnOutputOf fact,,
REL-00282,579ed89b479529d179485f633828df89399ad3c5,CM-1-2-2-3-5,Perform End-of-Month (EOM) Process,CM-1-2-4-2-6,Reconcile Economic PNL to Accounting PNL,ResolvedToConcept,,G1-redundant-output-dep,proposed: merge into the existing core:dependsOnOutputOf fact,,
REL-00283,579ed89b479529d179485f633828df89399ad3c5,CM-1-2-2-3-5,Perform End-of-Month (EOM) Process,CM-1-2-2-3-13,Manage Risk Reporting,SoleCandidate,PROMOTE/B:structural-nearness,G3-genuine-enablement,no triple; held pending domain-batch review,,
REL-00284,579ed89b479529d179485f633828df89399ad3c5,CM-1-2-2-3-6,Manage Risk Limits,CM-1-2-2-3-8,Monitor Risk,SoleCandidate,PROMOTE/A:explicit-reference,G3-genuine-enablement,proposed: emit (target core:enabledBy source),,
REL-00285,579ed89b479529d179485f633828df89399ad3c5,CM-1-2-2-3-6,Manage Risk Limits,CM-1-2-1-4,Trading Strategy Management,SoleCandidate,PROMOTE/B:structural-nearness,G3-genuine-enablement,no triple; held pending domain-batch review,,
REL-00289,579ed89b479529d179485f633828df89399ad3c5,CM-1-2-2-3-7,Measure Risk,CM-1-2-2-3-8,Monitor Risk,SoleCandidate,PROMOTE/A:explicit-reference,G1-redundant-output-dep,proposed: merge into the existing core:dependsOnOutputOf fact,,
REL-00292,579ed89b479529d179485f633828df89399ad3c5,CM-1-2-2-3-8,Monitor Risk,CM-1-2-2-3-13,Manage Risk Reporting,SoleCandidate,PROMOTE/B:structural-nearness,G1-redundant-output-dep,proposed: merge into the existing core:dependsOnOutputOf fact,,
REL-00294,579ed89b479529d179485f633828df89399ad3c5,CM-1-2-2-3-9,Perform Position & P&L Analysis,CM-1-2-4-2-6,Reconcile Economic PNL to Accounting PNL,ResolvedToConcept,,G3-genuine-enablement,no triple; held pending domain-batch review,,
REL-00295,579ed89b479529d179485f633828df89399ad3c5,CM-1-2-2-3-9,Perform Position & P&L Analysis,CM-1-2-2-3-13,Manage Risk Reporting,SoleCandidate,PROMOTE/B:structural-nearness,G1-redundant-output-dep,proposed: merge into the existing core:dependsOnOutputOf fact,,
REL-00304,579ed89b479529d179485f633828df89399ad3c5,CM-1-2-3-1-4,Perform Vessel & Barge Actualization,CM-1-2-4-4-1,Identify Potential Demurrage,SoleCandidate,PROMOTE/B:structural-nearness,G1-redundant-output-dep,no triple; held pending domain-batch review,,
REL-00358,579ed89b479529d179485f633828df89399ad3c5,CM-1-2-4-2-1,Manage Accounting Treatments,CM-1-2-4-2-5,Manage Trading Sub-Ledger,SoleCandidate,PROMOTE/B:structural-nearness,G1-redundant-output-dep,proposed: merge into the existing core:dependsOnOutputOf fact,,
REL-00362,579ed89b479529d179485f633828df89399ad3c5,CM-1-2-4-2-10,Manage Accruals,CM-1-2-4-2-5,Manage Trading Sub-Ledger,SoleCandidate,PROMOTE/B:structural-nearness,G3-genuine-enablement,no triple; held pending domain-batch review,,
REL-00364,579ed89b479529d179485f633828df89399ad3c5,CM-1-2-4-2-11,Manage Taxes,CM-1-2-4-2-5,Manage Trading Sub-Ledger,SoleCandidate,PROMOTE/B:structural-nearness,G3-genuine-enablement,no triple; held pending domain-batch review,,
REL-00367,579ed89b479529d179485f633828df89399ad3c5,CM-1-2-4-2-12,Maintain Trading Accounting Procedures and Guidance,CM-1-2-4-2-1,Manage Accounting Treatments,SoleCandidate,PROMOTE/A:explicit-reference,G3-genuine-enablement,proposed: emit (target core:enabledBy source),,
REL-00371,579ed89b479529d179485f633828df89399ad3c5,CM-1-2-4-2-2,Manage Production & Inventory Accounting,CM-1-2-4-2-5,Manage Trading Sub-Ledger,SoleCandidate,PROMOTE/B:structural-nearness,G3-genuine-enablement,no triple; held pending domain-batch review,,
REL-00375,579ed89b479529d179485f633828df89399ad3c5,CM-1-2-4-2-4,Manage AR/AP & Actuals,CM-1-2-4-2-9,Manage Cash Application,SoleCandidate,PROMOTE/A:explicit-reference,G2-disguised-sequence,proposed: no separate triple; sequence fact already recorded,,
REL-00376,579ed89b479529d179485f633828df89399ad3c5,CM-1-2-4-2-4,Manage AR/AP & Actuals,CM-1-2-4-2-5,Manage Trading Sub-Ledger,SoleCandidate,PROMOTE/B:structural-nearness,G1-redundant-output-dep,proposed: merge into the existing core:dependsOnOutputOf fact,,
REL-00379,579ed89b479529d179485f633828df89399ad3c5,CM-1-2-4-2-5,Manage Trading Sub-Ledger,CM-1-2-4-2-6,Reconcile Economic PNL to Accounting PNL,ResolvedToConcept,,G1-redundant-output-dep,proposed: merge into the existing core:dependsOnOutputOf fact,,
REL-00386,579ed89b479529d179485f633828df89399ad3c5,CM-1-2-4-2-8,Manage Financial System/GL,CM-1-2-4-2-5,Manage Trading Sub-Ledger,SoleCandidate,PROMOTE/A:explicit-reference,G3-genuine-enablement,proposed: emit (target core:enabledBy source),,
REL-00387,579ed89b479529d179485f633828df89399ad3c5,CM-1-2-4-2-8,Manage Financial System/GL,CM-1-2-4-2-4,Manage AR/AP & Actuals,SoleCandidate,PROMOTE/B:structural-nearness,G3-genuine-enablement,no triple; held pending domain-batch review,,
REL-00391,579ed89b479529d179485f633828df89399ad3c5,CM-1-2-4-3-1,Develop Compliance Policies & Procedures,CM-1-2-4-3-2,Monitor External Trading Compliance,SoleCandidate,PROMOTE/A:explicit-reference,G3-genuine-enablement,proposed: emit (target core:enabledBy source),,
REL-00392,579ed89b479529d179485f633828df89399ad3c5,CM-1-2-4-3-1,Develop Compliance Policies & Procedures,CM-1-2-4-3-3,Monitor Internal Trading Compliance,SoleCandidate,PROMOTE/B:structural-nearness,G3-genuine-enablement,no triple; held pending domain-batch review,,
REL-00405,579ed89b479529d179485f633828df89399ad3c5,CM-1-2-4-3-6,Manage RINs Reporting,CM-1-2-4-3-2,Monitor External Trading Compliance,SoleCandidate,PROMOTE/B:structural-nearness,G3-genuine-enablement,no triple; held pending domain-batch review,,
REL-00409,579ed89b479529d179485f633828df89399ad3c5,CM-1-2-4-3-7,Manage Exceptions,CM-1-2-4-3-1,Develop Compliance Policies & Procedures,SoleCandidate,PROMOTE/A:explicit-reference,G3-genuine-enablement,no triple; held pending domain-batch review,,
REL-00427,579ed89b479529d179485f633828df89399ad3c5,CM-1-2-5-1-1,Manage Feedstock Data Quality,CM-1-2-5-1-2,Review LP Model Integrity,SoleCandidate,PROMOTE/A:explicit-reference,G1-redundant-output-dep,proposed: merge into the existing core:dependsOnOutputOf fact,,
REL-00428,579ed89b479529d179485f633828df89399ad3c5,CM-1-2-5-1-1,Manage Feedstock Data Quality,CM-1-2-5-1-3,Develop Term Slate,SoleCandidate,PROMOTE/B:structural-nearness,G3-genuine-enablement,no triple; held pending domain-batch review,,
REL-00431,579ed89b479529d179485f633828df89399ad3c5,CM-1-2-5-1-2,Review LP Model Integrity,CM-1-2-5-1-3,Develop Term Slate,SoleCandidate,PROMOTE/B:structural-nearness,G3-genuine-enablement,no triple; held pending domain-batch review,,
REL-00433,579ed89b479529d179485f633828df89399ad3c5,CM-1-2-5-1-3,Develop Term Slate,CM-1-2-5-2-3,Recommend Feedstock Slate And Run Rate,ResolvedToConcept,,G3-genuine-enablement,proposed: emit (target core:enabledBy source),,
REL-00436,579ed89b479529d179485f633828df89399ad3c5,CM-1-2-5-1-4,Develop Spot Slate,CM-1-2-5-2-3,Recommend Feedstock Slate And Run Rate,ResolvedToConcept,,G1-redundant-output-dep,no triple; held pending domain-batch review,,
REL-00437,579ed89b479529d179485f633828df89399ad3c5,CM-1-2-5-1-4,Develop Spot Slate,CM-1-2-5-2-1,Coordinate Feedstock Trading,SoleCandidate,PROMOTE/B:structural-nearness,G3-genuine-enablement,no triple; held pending domain-batch review,,
REL-00440,579ed89b479529d179485f633828df89399ad3c5,CM-1-2-5-2-1,Coordinate Feedstock Trading,CM-1-2-1-3,Trade Capture,SoleCandidate,PROMOTE/A:explicit-reference,G3-genuine-enablement,no triple; held pending domain-batch review,,
REL-00445,579ed89b479529d179485f633828df89399ad3c5,CM-1-2-5-2-3,Recommend Feedstock Slate And Run Rate,CM-1-1-4,Refinery Planning and Optimization,SoleCandidate,PROMOTE/A:explicit-reference,G3-genuine-enablement,no triple; held pending domain-batch review,,
REL-00455,579ed89b479529d179485f633828df89399ad3c5,CM-1-2-5-3-3,Plan Feedstock Arrival,CM-1-2-3-1-4,Perform Vessel & Barge Actualization,SoleCandidate,PROMOTE/A:explicit-reference,G3-genuine-enablement,no triple; held pending domain-batch review,,
REL-00458,579ed89b479529d179485f633828df89399ad3c5,CM-1-2-5-4-1,Assess & Manage Inventory Risk,CM-1-2-1,Trading Management,SoleCandidate,PROMOTE/B:structural-nearness,G3-genuine-enablement,no triple; held pending domain-batch review,,
REL-00460,579ed89b479529d179485f633828df89399ad3c5,CM-1-2-5-4-2,Manage Feedstock Inventory,CM-1-2-5-2-2,Develop Feedstock Demand,SoleCandidate,PROMOTE/A:explicit-reference,G1-redundant-output-dep,proposed: merge into the existing core:dependsOnOutputOf fact,,
REL-00461,579ed89b479529d179485f633828df89399ad3c5,CM-1-2-5-4-2,Manage Feedstock Inventory,CM-1-2-5-4-1,Assess & Manage Inventory Risk,SoleCandidate,PROMOTE/A:explicit-reference,G1-redundant-output-dep,proposed: merge into the existing core:dependsOnOutputOf fact,,
REL-00463,579ed89b479529d179485f633828df89399ad3c5,CM-1-2-6-1-1,Segment Customers,CM-1-2-6-1-2,Evaluate Market Attractiveness,SoleCandidate,PROMOTE/A:explicit-reference,G1-redundant-output-dep,proposed: merge into the existing core:dependsOnOutputOf fact,,
REL-00464,579ed89b479529d179485f633828df89399ad3c5,CM-1-2-6-1-1,Segment Customers,CM-1-2-6-1-3,Assess Cost-to-Serve Performance,SoleCandidate,PROMOTE/A:explicit-reference,G1-redundant-output-dep,proposed: merge into the existing core:dependsOnOutputOf fact,,
REL-00466,579ed89b479529d179485f633828df89399ad3c5,CM-1-2-6-1-2,Evaluate Market Attractiveness,CM-1-2-6-1,Supply Network Participation Analysis,ResolvedToConcept,,G3-genuine-enablement,no triple; held pending domain-batch review,,
REL-00469,579ed89b479529d179485f633828df89399ad3c5,CM-1-2-6-1-3,Assess Cost-to-Serve Performance,CM-1-2-6-1,Supply Network Participation Analysis,ResolvedToConcept,,G1-redundant-output-dep,no triple; held pending domain-batch review,,
REL-00472,579ed89b479529d179485f633828df89399ad3c5,CM-1-2-6-2-1,Manage Refined Product Demand,CM-1-2-6-3-2,Fulfill Replenishment From Trading Sources,ResolvedToConcept,,G3-genuine-enablement,proposed: emit (target core:enabledBy source),,
REL-00473,579ed89b479529d179485f633828df89399ad3c5,CM-1-2-6-2-1,Manage Refined Product Demand,CM-1-1-3-5-2,Coordinate Product Trading,SoleCandidate,PROMOTE/A:explicit-reference,G3-genuine-enablement,proposed: emit (target core:enabledBy source),,
REL-00475,579ed89b479529d179485f633828df89399ad3c5,CM-1-2-6-2-2,Manage Refined Product Exchanges,CM-1-2-6-3,Supply Operations,SoleCandidate,PROMOTE/A:explicit-reference,G3-genuine-enablement,proposed: emit (target core:enabledBy source),,
REL-00478,579ed89b479529d179485f633828df89399ad3c5,CM-1-2-6-2-3,Forecast Operational Refined Product Demand,CM-1-2-6-2-1,Manage Refined Product Demand,SoleCandidate,PROMOTE/B:structural-nearness,G1-redundant-output-dep,proposed: merge into the existing core:dependsOnOutputOf fact,,
REL-00479,579ed89b479529d179485f633828df89399ad3c5,CM-1-2-6-2-3,Forecast Operational Refined Product Demand,CM-1-2-6-3-2,Fulfill Replenishment From Trading Sources,ResolvedToConcept,,G3-genuine-enablement,no triple; held pending domain-batch review,,
REL-00480,579ed89b479529d179485f633828df89399ad3c5,CM-1-2-6-3-1,Coordinate S&T Source-Point Supply Operations,CM-1-2-6-3-2,Fulfill Replenishment From Trading Sources,ResolvedToConcept,,G1-redundant-output-dep,proposed: merge into the existing core:dependsOnOutputOf fact,,
REL-00485,579ed89b479529d179485f633828df89399ad3c5,CM-1-2-6-3-2,Fulfill Replenishment From Trading Sources,CM-1-1-3-5-2,Coordinate Product Trading,SoleCandidate,HOLD,G3-genuine-enablement,no triple; held pending domain-batch review,,
REL-00489,579ed89b479529d179485f633828df89399ad3c5,CM-1-2-7-1-1,Manage Product Exchange Agreements,CM-1-2-6-2-2,Manage Refined Product Exchanges,SoleCandidate,PROMOTE/A:explicit-reference,G1-redundant-output-dep,no triple; held pending domain-batch review,,
REL-00493,579ed89b479529d179485f633828df89399ad3c5,CM-1-2-7-1-2,Manage Product Transport Agreements,CM-1-1-3-8,Secondary Distribution Management,SoleCandidate,PROMOTE/A:explicit-reference,G3-genuine-enablement,no triple; held pending domain-batch review,,
REL-00494,579ed89b479529d179485f633828df89399ad3c5,CM-1-2-7-1-2,Manage Product Transport Agreements,CM-1-2-4-1,Settlements,SoleCandidate,PROMOTE/B:structural-nearness,G3-genuine-enablement,no triple; held pending domain-batch review,,
REL-00499,579ed89b479529d179485f633828df89399ad3c5,CM-1-2-7-2-1,"Manage Safety (Materials, Staff, Contractor)",CM-1-2-7-2-3,"Manage Site Assets (Tank, Rack, Etc.)",SoleCandidate,PROMOTE/B:structural-nearness,G1-redundant-output-dep,no triple; held pending domain-batch review,,
REL-00501,579ed89b479529d179485f633828df89399ad3c5,CM-1-2-7-2-2,Manage Fleet (Own/Third Party),CM-1-1-3-8,Secondary Distribution Management,SoleCandidate,PROMOTE/A:explicit-reference,G3-genuine-enablement,proposed: emit (target core:enabledBy source),,
REL-00506,579ed89b479529d179485f633828df89399ad3c5,CM-1-2-7-2-3,"Manage Site Assets (Tank, Rack, Etc.)",CM-1-2-6-3,Supply Operations,SoleCandidate,PROMOTE/B:structural-nearness,G3-genuine-enablement,no triple; held pending domain-batch review,,
REL-00517,579ed89b479529d179485f633828df89399ad3c5,CM-1-3-1-1-4,Document Findings,CM-1-3-1-6,Marketing Insight and Metrics Stewardship,ResolvedToConcept,,G3-genuine-enablement,no triple; held pending domain-batch review,,
REL-00528,579ed89b479529d179485f633828df89399ad3c5,CM-1-3-1-2-4,Document Findings,CM-1-3-1-6,Marketing Insight and Metrics Stewardship,ResolvedToConcept,,G3-genuine-enablement,no triple; held pending domain-batch review,,
REL-00539,579ed89b479529d179485f633828df89399ad3c5,CM-1-3-1-3-4,Document Findings,CM-1-3-1-6,Marketing Insight and Metrics Stewardship,ResolvedToConcept,,G3-genuine-enablement,no triple; held pending domain-batch review,,
REL-00551,579ed89b479529d179485f633828df89399ad3c5,CM-1-3-1-4-4,Document Findings,CM-1-3-1-6,Marketing Insight and Metrics Stewardship,ResolvedToConcept,,G3-genuine-enablement,no triple; held pending domain-batch review,,
REL-00562,579ed89b479529d179485f633828df89399ad3c5,CM-1-3-1-5-4,Document Findings,CM-1-3-1-6,Marketing Insight and Metrics Stewardship,ResolvedToConcept,,G3-genuine-enablement,no triple; held pending domain-batch review,,
REL-00565,579ed89b479529d179485f633828df89399ad3c5,CM-1-3-1-6,Marketing Insight and Metrics Stewardship,CM-1-3-2-1,Brand Strategy,SoleCandidate,PROMOTE/B:structural-nearness,G1-redundant-output-dep,no triple; held pending domain-batch review,,
REL-00570,579ed89b479529d179485f633828df89399ad3c5,CM-1-3-10-1,Set Up and Maintain Terminal Customer Authorization,CM-1-3-10-2,Process Customer Lifting Forecasts and Nominations,ResolvedToConcept,,G1-redundant-output-dep,proposed: merge into the existing core:dependsOnOutputOf fact,,
REL-00571,579ed89b479529d179485f633828df89399ad3c5,CM-1-3-10-1,Set Up and Maintain Terminal Customer Authorization,CM-1-3-10-3,Manage Terminal Lifting Allocation,ResolvedToConcept,,G1-redundant-output-dep,proposed: merge into the existing core:dependsOnOutputOf fact,,
REL-00582,579ed89b479529d179485f633828df89399ad3c5,CM-1-3-10-4,Capture Terminal Sales Deal,CM-1-3-10-1,Set Up and Maintain Terminal Customer Authorization,ResolvedToConcept,,G1-redundant-output-dep,proposed: merge into the existing core:dependsOnOutputOf fact,,
REL-00583,579ed89b479529d179485f633828df89399ad3c5,CM-1-3-10-4,Capture Terminal Sales Deal,CM-1-3-10-2,Process Customer Lifting Forecasts and Nominations,ResolvedToConcept,,G1-redundant-output-dep,proposed: merge into the existing core:dependsOnOutputOf fact,,
REL-00595,579ed89b479529d179485f633828df89399ad3c5,CM-1-3-2-1-4,Develop / update Brand,CM-1-3-3-5,Marketing Communications Strategy,SoleCandidate,PROMOTE/A:explicit-reference,G3-genuine-enablement,proposed: emit (target core:enabledBy source),,
REL-00596,579ed89b479529d179485f633828df89399ad3c5,CM-1-3-2-1-4,Develop / update Brand,CM-1-3-6-7,Brand Standards Management,ResolvedToConcept,,G3-genuine-enablement,proposed: emit (target core:enabledBy source),,
REL-00606,579ed89b479529d179485f633828df89399ad3c5,CM-1-3-2-2-4,Develop/Update Strategy (CVP),CM-1-3-3-1,Customer Offer Definition,SoleCandidate,PROMOTE/A:explicit-reference,G3-genuine-enablement,proposed: emit (target core:enabledBy source),,
REL-00607,579ed89b479529d179485f633828df89399ad3c5,CM-1-3-2-2-4,Develop/Update Strategy (CVP),CM-1-3-6-1,Channel & Partner Management,SoleCandidate,PROMOTE/A:explicit-reference,G3-genuine-enablement,proposed: emit (target core:enabledBy source),,
REL-00617,579ed89b479529d179485f633828df89399ad3c5,CM-1-3-2-3-4,Develop and Update Consumer Value Proposition Strategy,CM-1-3-3-1,Customer Offer Definition,SoleCandidate,PROMOTE/A:explicit-reference,G3-genuine-enablement,proposed: emit (target core:enabledBy source),,
REL-00618,579ed89b479529d179485f633828df89399ad3c5,CM-1-3-2-3-4,Develop and Update Consumer Value Proposition Strategy,CM-1-3-2-5,Customer Experience Strategy,SoleCandidate,PROMOTE/A:explicit-reference,G3-genuine-enablement,proposed: emit (target core:enabledBy source),,
REL-00644,579ed89b479529d179485f633828df89399ad3c5,CM-1-3-3-2-2,Develop Integrated Pricing Strategy,CM-1-3-6-3,Sales Pricing Management,SoleCandidate,PROMOTE/A:explicit-reference,G3-genuine-enablement,proposed: emit (target core:enabledBy source),,
REL-00648,579ed89b479529d179485f633828df89399ad3c5,CM-1-3-3-2-3,Analyze Pricing Performance,CM-1-3-3-2-2,Develop Integrated Pricing Strategy,SoleCandidate,PROMOTE/A:explicit-reference,G1-redundant-output-dep,no triple; held pending domain-batch review,,
REL-00665,579ed89b479529d179485f633828df89399ad3c5,CM-1-3-3-3-4,"Develop Channel Structure, Size & Engagement Model",CM-1-3-6-1,Channel & Partner Management,SoleCandidate,PROMOTE/A:explicit-reference,G3-genuine-enablement,no triple; held pending domain-batch review,,
REL-00679,579ed89b479529d179485f633828df89399ad3c5,CM-1-3-3-5-1,Define Media Strategy,CM-1-3-5-2,Integrated Marketing Planning (Advertising),SoleCandidate,PROMOTE/A:explicit-reference,G1-redundant-output-dep,no triple; held pending domain-batch review,,
REL-00681,579ed89b479529d179485f633828df89399ad3c5,CM-1-3-3-5-2,Define Direct Marketing Strategy,CM-1-3-5-3,Marketing Communications Planning,SoleCandidate,PROMOTE/B:structural-nearness,G3-genuine-enablement,no triple; held pending domain-batch review,,
REL-00683,579ed89b479529d179485f633828df89399ad3c5,CM-1-3-3-5-3,Define Advertising Strategy,CM-1-3-5-2,Integrated Marketing Planning (Advertising),SoleCandidate,PROMOTE/B:structural-nearness,G3-genuine-enablement,no triple; held pending domain-batch review,,
REL-00685,579ed89b479529d179485f633828df89399ad3c5,CM-1-3-3-5-4,Define POS Communication Strategy,CM-1-3-6-5,Marketing Plan Execution,SoleCandidate,PROMOTE/A:explicit-reference,G3-genuine-enablement,proposed: emit (target core:enabledBy source),,
REL-00687,579ed89b479529d179485f633828df89399ad3c5,CM-1-3-3-5-5,Define Digital Marketing Strategy,CM-1-3-5-3,Marketing Communications Planning,SoleCandidate,PROMOTE/B:structural-nearness,G3-genuine-enablement,no triple; held pending domain-batch review,,
REL-00698,579ed89b479529d179485f633828df89399ad3c5,CM-1-3-3-6-3,Determine Channel Of Trade Mix,CM-1-3-3-6-1,Develop Business Process Blueprint,SoleCandidate,PROMOTE/A:explicit-reference,G2-disguised-sequence,proposed: no separate triple; sequence fact already recorded,,
REL-00699,579ed89b479529d179485f633828df89399ad3c5,CM-1-3-3-6-3,Determine Channel Of Trade Mix,CM-1-3-3-6-2,Develop Organizational Blueprint,SoleCandidate,PROMOTE/B:structural-nearness,G3-genuine-enablement,no triple; held pending domain-batch review,,
REL-00709,579ed89b479529d179485f633828df89399ad3c5,CM-1-3-4-1-2,Market Sensing,CM-1-3-4-1-1,Identify Market Needs,SoleCandidate,PROMOTE/B:structural-nearness,G1-redundant-output-dep,no triple; held pending domain-batch review,,
REL-00712,579ed89b479529d179485f633828df89399ad3c5,CM-1-3-4-1-3,Develop R&D Implementation Plans,CM-1-3-4-2,Concept & Feasibility Study,SoleCandidate,PROMOTE/B:structural-nearness,G3-genuine-enablement,no triple; held pending domain-batch review,,
REL-00727,579ed89b479529d179485f633828df89399ad3c5,CM-1-3-4-4-1,Set up Intellectual Asset Framework,CM-1-3-4-4-2,Register Intellectual Property,SoleCandidate,PROMOTE/B:structural-nearness,G2-disguised-sequence,proposed: no separate triple; sequence fact already recorded,,
REL-00728,579ed89b479529d179485f633828df89399ad3c5,CM-1-3-4-4-1,Set up Intellectual Asset Framework,CM-1-3-4-4-4,Protect Intellectual Assets,SoleCandidate,PROMOTE/B:structural-nearness,G2-disguised-sequence,no triple; held pending domain-batch review,,
REL-00731,579ed89b479529d179485f633828df89399ad3c5,CM-1-3-4-4-3,Value Intellectual Assets,CM-1-3-4-4-5,Exploit Intellectual Assets,SoleCandidate,PROMOTE/A:explicit-reference,G2-disguised-sequence,proposed: no separate triple; sequence fact already recorded,,
REL-00732,579ed89b479529d179485f633828df89399ad3c5,CM-1-3-4-4-3,Value Intellectual Assets,CM-1-3-4-4-6,Manage Intellectual Asset Portfolios,SoleCandidate,PROMOTE/A:explicit-reference,G1-redundant-output-dep,no triple; held pending domain-batch review,,
REL-00750,579ed89b479529d179485f633828df89399ad3c5,CM-1-3-4-5-4,Develop Portfolio Recommendations and Track Decisions,CM-1-3-4-3-3,Manage Product/Service Change,SoleCandidate,PROMOTE/A:explicit-reference,G3-genuine-enablement,no triple; held pending domain-batch review,,
REL-00753,579ed89b479529d179485f633828df89399ad3c5,CM-1-3-4-6-1,Collaborate with Manufacturing,CM-1-3-4-3-2,Conduct Product Development,SoleCandidate,PROMOTE/B:structural-nearness,G3-genuine-enablement,no triple; held pending domain-batch review,,
REL-00755,579ed89b479529d179485f633828df89399ad3c5,CM-1-3-4-6-2,Collaborate with Customers/Technical Service,CM-1-3-4-2-2,Conduct Research,SoleCandidate,PROMOTE/B:structural-nearness,G3-genuine-enablement,no triple; held pending domain-batch review,,
REL-00756,579ed89b479529d179485f633828df89399ad3c5,CM-1-3-4-6-2,Collaborate with Customers/Technical Service,CM-1-3-4-3-2,Conduct Product Development,SoleCandidate,PROMOTE/B:structural-nearness,G3-genuine-enablement,no triple; held pending domain-batch review,,
REL-00758,579ed89b479529d179485f633828df89399ad3c5,CM-1-3-4-6-3,Collaborate with Research Partners,CM-1-3-4-2-2,Conduct Research,SoleCandidate,PROMOTE/B:structural-nearness,G3-genuine-enablement,no triple; held pending domain-batch review,,
REL-00762,579ed89b479529d179485f633828df89399ad3c5,CM-1-3-4-6-4,Collaborate with marketing,CM-1-3-5-3,Marketing Communications Planning,SoleCandidate,PROMOTE/B:structural-nearness,G3-genuine-enablement,no triple; held pending domain-batch review,,
REL-00766,579ed89b479529d179485f633828df89399ad3c5,CM-1-3-5-1-2,Develop & Agree Demand Forecasting Process,CM-1-3-5-1-1,Determine & Allocate Sales Targets,SoleCandidate,PROMOTE/B:structural-nearness,G3-genuine-enablement,no triple; held pending domain-batch review,,
REL-00767,579ed89b479529d179485f633828df89399ad3c5,CM-1-3-5-1-2,Develop & Agree Demand Forecasting Process,CM-1-3-5-1-3,Perform Account Planning,SoleCandidate,PROMOTE/B:structural-nearness,G3-genuine-enablement,no triple; held pending domain-batch review,,
REL-00770,579ed89b479529d179485f633828df89399ad3c5,CM-1-3-5-1-3,Perform Account Planning,CM-1-3-6-2,Sales Execution,SoleCandidate,PROMOTE/B:structural-nearness,G3-genuine-enablement,no triple; held pending domain-batch review,,
REL-00771,579ed89b479529d179485f633828df89399ad3c5,CM-1-3-5-1-3,Perform Account Planning,CM-1-3-6-1,Channel & Partner Management,SoleCandidate,PROMOTE/A:explicit-reference,G1-redundant-output-dep,proposed: merge into the existing core:dependsOnOutputOf fact,,
REL-00773,579ed89b479529d179485f633828df89399ad3c5,CM-1-3-5-1-4,Analyze Gaps Between Forecast & Actual Margins,CM-1-3-5-1,Sales Planning,ResolvedToConcept,,G3-genuine-enablement,no triple; held pending domain-batch review,,
REL-00777,579ed89b479529d179485f633828df89399ad3c5,CM-1-3-5-2,Integrated Marketing Planning (Advertising),CM-1-3-6-5,Marketing Plan Execution,SoleCandidate,PROMOTE/A:explicit-reference,G3-genuine-enablement,proposed: emit (target core:enabledBy source),,
REL-00781,579ed89b479529d179485f633828df89399ad3c5,CM-1-3-5-3-10,Implement Brand Advertising / Communications,CM-1-3-6-5,Marketing Plan Execution,SoleCandidate,PROMOTE/A:explicit-reference,G3-genuine-enablement,proposed: emit (target core:enabledBy source),,
REL-00803,579ed89b479529d179485f633828df89399ad3c5,CM-1-3-5-3-8,Implement Promotional Advertising,CM-1-3-6-5,Marketing Plan Execution,SoleCandidate,PROMOTE/A:explicit-reference,G3-genuine-enablement,proposed: emit (target core:enabledBy source),,
REL-00811,579ed89b479529d179485f633828df89399ad3c5,CM-1-3-5-4-2,Create Promotional Event Calendar,CM-1-3-5-1-2,Develop & Agree Demand Forecasting Process,SoleCandidate,PROMOTE/A:explicit-reference,G3-genuine-enablement,no triple; held pending domain-batch review,,
REL-00816,579ed89b479529d179485f633828df89399ad3c5,CM-1-3-5-4-4,Create Site Level Marketing Calendar,CM-1-3-6-5,Marketing Plan Execution,SoleCandidate,PROMOTE/A:explicit-reference,G3-genuine-enablement,proposed: emit (target core:enabledBy source),,
REL-00818,579ed89b479529d179485f633828df89399ad3c5,CM-1-3-5-5-1,Marketing Spend Analysis,CM-1-3-5-3-5,Define Resource Allocation / Budgets,SoleCandidate,PROMOTE/A:explicit-reference,G3-genuine-enablement,no triple; held pending domain-batch review,,
REL-00820,579ed89b479529d179485f633828df89399ad3c5,CM-1-3-5-5-2,Campaign ROI Analysis,CM-1-3-5-3-3,Develop / Update Marketing Mix Model,SoleCandidate,PROMOTE/A:explicit-reference,G3-genuine-enablement,no triple; held pending domain-batch review,,
REL-00828,579ed89b479529d179485f633828df89399ad3c5,CM-1-3-6-1-3,Report Franchise Performance,CM-1-3-6-1-1,Manage Relationship with Franchise agreement,SoleCandidate,PROMOTE/A:explicit-reference,G1-redundant-output-dep,proposed: merge into the existing core:dependsOnOutputOf fact,,
REL-00834,579ed89b479529d179485f633828df89399ad3c5,CM-1-3-6-2-1,Manage Sales Pipeline,CM-1-3-5-1-2,Develop & Agree Demand Forecasting Process,SoleCandidate,PROMOTE/A:explicit-reference,G3-genuine-enablement,no triple; held pending domain-batch review,,
REL-00837,579ed89b479529d179485f633828df89399ad3c5,CM-1-3-6-2-2,Manage Key Accounts,CM-1-3-6-2-3,Manage Opportunity,SoleCandidate,PROMOTE/B:structural-nearness,G3-genuine-enablement,no triple; held pending domain-batch review,,
REL-00843,579ed89b479529d179485f633828df89399ad3c5,CM-1-3-6-2-4,Develop Quote,CM-1-3-7-2,"Manage Commercial Terms, Quoting, and Customer Commercial Services",ResolvedToConcept,,G3-genuine-enablement,no triple; held pending domain-batch review,,
REL-00846,579ed89b479529d179485f633828df89399ad3c5,CM-1-3-6-2-5,Manage Contract & Order,CM-1-3-7-3,Capture And Manage Order Fulfillment,SoleCandidate,PROMOTE/A:explicit-reference,G3-genuine-enablement,no triple; held pending domain-batch review,,
REL-00851,579ed89b479529d179485f633828df89399ad3c5,CM-1-3-6-2-7,Measure & report,CM-1-3-5-1-4,Analyze Gaps Between Forecast & Actual Margins,SoleCandidate,PROMOTE/A:explicit-reference,G3-genuine-enablement,no triple; held pending domain-batch review,,
REL-00852,579ed89b479529d179485f633828df89399ad3c5,CM-1-3-6-2-7,Measure & report,CM-1-3-5-5,Marketing Performance Analysis,SoleCandidate,PROMOTE/A:explicit-reference,G3-genuine-enablement,no triple; held pending domain-batch review,,
REL-00857,579ed89b479529d179485f633828df89399ad3c5,CM-1-3-6-3-2,Implement sales price,CM-1-3-8-1,Manage Customer Invoicing and Billing,SoleCandidate,PROMOTE/A:explicit-reference,G3-genuine-enablement,no triple; held pending domain-batch review,,
REL-00865,579ed89b479529d179485f633828df89399ad3c5,CM-1-3-6-4-3,Settle Rebate,CM-1-3-8-4-3,Analyze and Calculate Accruals,ResolvedToConcept,,G1-redundant-output-dep,proposed: merge into the existing core:dependsOnOutputOf fact,,
REL-00867,579ed89b479529d179485f633828df89399ad3c5,CM-1-3-6-5-1,Manage Advertising,CM-1-3-5-5-2,Campaign ROI Analysis,SoleCandidate,PROMOTE/B:structural-nearness,G3-genuine-enablement,no triple; held pending domain-batch review,,
REL-00871,579ed89b479529d179485f633828df89399ad3c5,CM-1-3-6-5-3,Manage Direct Marketing,CM-1-3-5-5-3,Customer Program Analysis,SoleCandidate,PROMOTE/B:structural-nearness,G3-genuine-enablement,no triple; held pending domain-batch review,,
REL-00880,579ed89b479529d179485f633828df89399ad3c5,CM-1-3-6-6-12,Manage Additional Card Services,CM-1-3-6-6-2,Manage Card Program Billing Coordination,ResolvedToConcept,,G3-genuine-enablement,proposed: emit (target core:enabledBy source),,
REL-00885,579ed89b479529d179485f633828df89399ad3c5,CM-1-3-6-6-14,Manage Credit Card Transactions,CM-1-3-6-6-7,"Analyze, Report, and Confirm Card Transactions",ResolvedToConcept,,G3-genuine-enablement,proposed: emit (target core:enabledBy source),,
REL-00886,579ed89b479529d179485f633828df89399ad3c5,CM-1-3-6-6-15,Manage Brand Loyalty Programs,CM-1-3-5-5-3,Customer Program Analysis,SoleCandidate,PROMOTE/A:explicit-reference,G3-genuine-enablement,no triple; held pending domain-batch review,,
REL-00889,579ed89b479529d179485f633828df89399ad3c5,CM-1-3-6-6-2,Manage Card Program Billing Coordination,CM-1-3-8-1,Manage Customer Invoicing and Billing,SoleCandidate,PROMOTE/A:explicit-reference,G3-genuine-enablement,no triple; held pending domain-batch review,,
REL-00898,579ed89b479529d179485f633828df89399ad3c5,CM-1-3-6-6-6,Manage Card Delinquency and Collections Referral,CM-1-3-8-3-3,Determine Bad Debt Allowance,ResolvedToConcept,,G3-genuine-enablement,no triple; held pending domain-batch review,,
REL-00899,579ed89b479529d179485f633828df89399ad3c5,CM-1-3-6-6-7,"Analyze, Report, and Confirm Card Transactions",CM-1-3-6-6-2,Manage Card Program Billing Coordination,ResolvedToConcept,,G1-redundant-output-dep,proposed: merge into the existing core:dependsOnOutputOf fact,,
REL-00900,579ed89b479529d179485f633828df89399ad3c5,CM-1-3-6-6-7,"Analyze, Report, and Confirm Card Transactions",CM-1-3-6-6-3,Manage Reimbursement,SoleCandidate,PROMOTE/B:structural-nearness,G1-redundant-output-dep,proposed: merge into the existing core:dependsOnOutputOf fact,,
REL-00904,579ed89b479529d179485f633828df89399ad3c5,CM-1-3-6-6-9,Plan Card Stock Consumption and Monitor Inventory,CM-1-3-6-6-13,Manage Card Production & Monthly Reissue,SoleCandidate,PROMOTE/A:explicit-reference,G1-redundant-output-dep,proposed: merge into the existing core:dependsOnOutputOf fact,,
REL-00906,579ed89b479529d179485f633828df89399ad3c5,CM-1-3-6-7-1,Manage Brand Standards and Inspections,CM-1-3-6-1-3,Report Franchise Performance,SoleCandidate,PROMOTE/B:structural-nearness,G3-genuine-enablement,no triple; held pending domain-batch review,,
REL-00910,579ed89b479529d179485f633828df89399ad3c5,CM-1-3-6-8-1,Conduct Commercial Audit to Validate Reported Sales,CM-1-3-8-4-7,"Administer Royalty, Brand Fee, and Contribution Streams",ResolvedToConcept,,G1-redundant-output-dep,proposed: merge into the existing core:dependsOnOutputOf fact,,
REL-00913,579ed89b479529d179485f633828df89399ad3c5,CM-1-3-7-1-1,Maintain Customer and Commercial Account Master Data,CM-1-3-6-6-1,Set Up Prospect,ResolvedToConcept,,G1-redundant-output-dep,proposed: merge into the existing core:dependsOnOutputOf fact,,
REL-00914,579ed89b479529d179485f633828df89399ad3c5,CM-1-3-7-1-1,Maintain Customer and Commercial Account Master Data,CM-1-3-8-1,Manage Customer Invoicing and Billing,SoleCandidate,PROMOTE/B:structural-nearness,G3-genuine-enablement,no triple; held pending domain-batch review,,
REL-00918,579ed89b479529d179485f633828df89399ad3c5,CM-1-3-7-1-2,Maintain Price & Discount Master Data,CM-1-3-8-1,Manage Customer Invoicing and Billing,SoleCandidate,PROMOTE/A:explicit-reference,G1-redundant-output-dep,proposed: merge into the existing core:dependsOnOutputOf fact,,
REL-00919,579ed89b479529d179485f633828df89399ad3c5,CM-1-3-7-1-3,Maintain Product and Service Master Data,CM-1-3-7-3-1,Capture & Validate Order,SoleCandidate,PROMOTE/B:structural-nearness,G3-genuine-enablement,no triple; held pending domain-batch review,,
REL-00920,579ed89b479529d179485f633828df89399ad3c5,CM-1-3-7-1-3,Maintain Product and Service Master Data,CM-1-3-8-1-1,Create and Distribute Bill,ResolvedToConcept,,G3-genuine-enablement,proposed: emit (target core:enabledBy source),,
REL-00921,579ed89b479529d179485f633828df89399ad3c5,CM-1-3-7-1-4,Maintain Tax Master Data,,,AmbiguousDeferred,,HELD-ambiguous,no triple; held for disambiguation,,
REL-00922,579ed89b479529d179485f633828df89399ad3c5,CM-1-3-7-1-4,Maintain Tax Master Data,CM-1-3-8-4-4,Reconcile And Report Indirect Tax,SoleCandidate,PROMOTE/B:structural-nearness,G1-redundant-output-dep,proposed: merge into the existing core:dependsOnOutputOf fact,,
REL-00924,579ed89b479529d179485f633828df89399ad3c5,CM-1-3-7-1-5,Maintain Commercial Workflow Configuration,CM-1-3-7-2-1,Establish Commercial Terms & Contracts,SoleCandidate,PROMOTE/B:structural-nearness,G3-genuine-enablement,no triple; held pending domain-batch review,,
REL-00926,579ed89b479529d179485f633828df89399ad3c5,CM-1-3-7-1-6,Maintain Commercial Policy Content and Approved Parameters,CM-1-3-7-2-1,Establish Commercial Terms & Contracts,SoleCandidate,PROMOTE/B:structural-nearness,G1-redundant-output-dep,proposed: merge into the existing core:dependsOnOutputOf fact,,
REL-00928,579ed89b479529d179485f633828df89399ad3c5,CM-1-3-7-2-1,Establish Commercial Terms & Contracts,CM-1-3-6-2-5,Manage Contract & Order,SoleCandidate,PROMOTE/A:explicit-reference,G3-genuine-enablement,proposed: emit (target core:enabledBy source),,
REL-00929,579ed89b479529d179485f633828df89399ad3c5,CM-1-3-7-2-1,Establish Commercial Terms & Contracts,CM-1-3-7-2-2,Issue Quotes & Renewals,SoleCandidate,PROMOTE/B:structural-nearness,G3-genuine-enablement,no triple; held pending domain-batch review,,
REL-00932,579ed89b479529d179485f633828df89399ad3c5,CM-1-3-7-2-2,Issue Quotes & Renewals,CM-1-3-7-3-1,Capture & Validate Order,SoleCandidate,PROMOTE/A:explicit-reference,G3-genuine-enablement,proposed: emit (target core:enabledBy source),,
REL-00936,579ed89b479529d179485f633828df89399ad3c5,CM-1-3-7-2-3,Develop and Monitor Commercial Revenue Plan,CM-1-3-7-2-5,Analyze Customer Profitability,SoleCandidate,PROMOTE/B:structural-nearness,G1-redundant-output-dep,no triple; held pending domain-batch review,,
REL-00938,579ed89b479529d179485f633828df89399ad3c5,CM-1-3-7-2-4,Define Financing & Payment Methods,CM-1-3-7-2-1,Establish Commercial Terms & Contracts,SoleCandidate,PROMOTE/B:structural-nearness,G3-genuine-enablement,no triple; held pending domain-batch review,,
REL-00939,579ed89b479529d179485f633828df89399ad3c5,CM-1-3-7-2-4,Define Financing & Payment Methods,CM-1-3-8-1,Manage Customer Invoicing and Billing,SoleCandidate,PROMOTE/B:structural-nearness,G3-genuine-enablement,no triple; held pending domain-batch review,,
REL-00942,579ed89b479529d179485f633828df89399ad3c5,CM-1-3-7-2-5,Analyze Customer Profitability,CM-1-3-3-2-3,Analyze Pricing Performance,SoleCandidate,PROMOTE/B:structural-nearness,G3-genuine-enablement,no triple; held pending domain-batch review,,
REL-00944,579ed89b479529d179485f633828df89399ad3c5,CM-1-3-7-2-6,Manage Customer Portal,CM-1-3-7-3-1,Capture & Validate Order,SoleCandidate,PROMOTE/B:structural-nearness,G1-redundant-output-dep,proposed: merge into the existing core:dependsOnOutputOf fact,,
REL-00945,579ed89b479529d179485f633828df89399ad3c5,CM-1-3-7-2-6,Manage Customer Portal,CM-1-3-7-5,Manage Customer Requests and Inquiries,SoleCandidate,PROMOTE/A:explicit-reference,G1-redundant-output-dep,proposed: merge into the existing core:dependsOnOutputOf fact,,
REL-00955,579ed89b479529d179485f633828df89399ad3c5,CM-1-3-7-3-3,Change or Cancel Order,CM-1-3-7-3-6,Manage Commercial Returns Authorization and Coordination,ResolvedToConcept,,G2-disguised-sequence,proposed: no separate triple; sequence fact already recorded,,
REL-00957,579ed89b479529d179485f633828df89399ad3c5,CM-1-3-7-3-4,Manage Fulfillment,CM-1-3-8-1-1,Create and Distribute Bill,ResolvedToConcept,,G1-redundant-output-dep,proposed: merge into the existing core:dependsOnOutputOf fact,,
REL-00958,579ed89b479529d179485f633828df89399ad3c5,CM-1-3-7-3-4,Manage Fulfillment,CM-1-3-7-3-5,Track Order Book and Forecast Order Volumes,ResolvedToConcept,,G1-redundant-output-dep,proposed: merge into the existing core:dependsOnOutputOf fact,,
REL-00960,579ed89b479529d179485f633828df89399ad3c5,CM-1-3-7-3-5,Track Order Book and Forecast Order Volumes,CM-1-3-7-2-6,Manage Customer Portal,SoleCandidate,PROMOTE/B:structural-nearness,G3-genuine-enablement,no triple; held pending domain-batch review,,
REL-00963,579ed89b479529d179485f633828df89399ad3c5,CM-1-3-7-3-6,Manage Commercial Returns Authorization and Coordination,CM-1-3-8-1-4,Create Credit Memo,SoleCandidate,PROMOTE/B:structural-nearness,G1-redundant-output-dep,proposed: merge into the existing core:dependsOnOutputOf fact,,
REL-00966,579ed89b479529d179485f633828df89399ad3c5,CM-1-3-7-4-1,Maintain Credit Policies,CM-1-3-7-4-2,Establish Credit Limit & Risk Code,SoleCandidate,PROMOTE/A:explicit-reference,G3-genuine-enablement,proposed: emit (target core:enabledBy source),,
REL-00970,579ed89b479529d179485f633828df89399ad3c5,CM-1-3-7-4-2,Establish Credit Limit & Risk Code,CM-1-3-7-4-3,Monitor Credit Against Limit,SoleCandidate,PROMOTE/A:explicit-reference,G1-redundant-output-dep,proposed: merge into the existing core:dependsOnOutputOf fact,,
REL-00971,579ed89b479529d179485f633828df89399ad3c5,CM-1-3-7-4-2,Establish Credit Limit & Risk Code,CM-1-3-6-6-1,Set Up Prospect,ResolvedToConcept,,G3-genuine-enablement,proposed: emit (target core:enabledBy source),,
REL-00973,579ed89b479529d179485f633828df89399ad3c5,CM-1-3-7-4-3,Monitor Credit Against Limit,CM-1-3-7-3-1,Capture & Validate Order,SoleCandidate,PROMOTE/B:structural-nearness,G1-redundant-output-dep,no triple; held pending domain-batch review,,
REL-00974,579ed89b479529d179485f633828df89399ad3c5,CM-1-3-7-4-3,Monitor Credit Against Limit,CM-1-3-6-6-6,Manage Card Delinquency and Collections Referral,ResolvedToConcept,,G1-redundant-output-dep,no triple; held pending domain-batch review,,
REL-00977,579ed89b479529d179485f633828df89399ad3c5,CM-1-3-7-4-4,Analyze Portfolio Credit Risk,CM-1-3-7-4-1,Maintain Credit Policies,SoleCandidate,PROMOTE/B:structural-nearness,G1-redundant-output-dep,no triple; held pending domain-batch review,,
REL-00978,579ed89b479529d179485f633828df89399ad3c5,CM-1-3-7-4-4,Analyze Portfolio Credit Risk,CM-1-3-8-3-3,Determine Bad Debt Allowance,ResolvedToConcept,,G1-redundant-output-dep,proposed: merge into the existing core:dependsOnOutputOf fact,,
REL-00980,579ed89b479529d179485f633828df89399ad3c5,CM-1-3-7-4-5,Perform Credit-Driven Customer Closure and Reinstatement,CM-1-3-7-1-1,Maintain Customer and Commercial Account Master Data,ResolvedToConcept,,G3-genuine-enablement,proposed: emit (target core:enabledBy source),,
REL-00982,579ed89b479529d179485f633828df89399ad3c5,CM-1-3-7-4-6,Perform KYC Due Diligence,CM-1-3-6-6-1,Set Up Prospect,ResolvedToConcept,,G3-genuine-enablement,proposed: emit (target core:enabledBy source),,
REL-00983,579ed89b479529d179485f633828df89399ad3c5,CM-1-3-7-4-6,Perform KYC Due Diligence,CM-1-3-7-4-2,Establish Credit Limit & Risk Code,SoleCandidate,PROMOTE/A:explicit-reference,G2-disguised-sequence,proposed: no separate triple; sequence fact already recorded,,
REL-00987,579ed89b479529d179485f633828df89399ad3c5,CM-1-3-7-5-2,Maintain Customer Request and Inquiry Records,CM-1-3-7-5-3,Process Inquiries and Requests,SoleCandidate,PROMOTE/A:explicit-reference,G3-genuine-enablement,proposed: emit (target core:enabledBy source),,
REL-00988,579ed89b479529d179485f633828df89399ad3c5,CM-1-3-7-5-2,Maintain Customer Request and Inquiry Records,CM-1-3-7-5-4,Perform Customer Follow-Up,ResolvedToConcept,,G3-genuine-enablement,proposed: emit (target core:enabledBy source),,
REL-00991,579ed89b479529d179485f633828df89399ad3c5,CM-1-3-7-5-3,Process Inquiries and Requests,CM-1-3-8-3-1,Manage Receivables Disputes,ResolvedToConcept,,G1-redundant-output-dep,proposed: merge into the existing core:dependsOnOutputOf fact,,
REL-00992,579ed89b479529d179485f633828df89399ad3c5,CM-1-3-7-5-3,Process Inquiries and Requests,CM-1-3-7-5-4,Perform Customer Follow-Up,ResolvedToConcept,,G2-disguised-sequence,proposed: no separate triple; sequence fact already recorded,,
REL-00994,579ed89b479529d179485f633828df89399ad3c5,CM-1-3-7-5-4,Perform Customer Follow-Up,CM-1-3-7-5-5,Conduct Customer Service Reviews,ResolvedToConcept,,G1-redundant-output-dep,proposed: merge into the existing core:dependsOnOutputOf fact,,
REL-00996,579ed89b479529d179485f633828df89399ad3c5,CM-1-3-7-5-5,Conduct Customer Service Reviews,CM-1-3-6-2-2,Manage Key Accounts,SoleCandidate,PROMOTE/B:structural-nearness,G3-genuine-enablement,no triple; held pending domain-batch review,,
REL-00999,579ed89b479529d179485f633828df89399ad3c5,CM-1-3-7-5-6,Provide Customer Training,CM-1-3-7-5-3,Process Inquiries and Requests,SoleCandidate,PROMOTE/B:structural-nearness,G3-genuine-enablement,no triple; held pending domain-batch review,,
REL-01003,579ed89b479529d179485f633828df89399ad3c5,CM-1-3-8-1-1,Create and Distribute Bill,CM-1-3-8-2-1,Record Customer Receipts and Payment Notifications,ResolvedToConcept,,G1-redundant-output-dep,proposed: merge into the existing core:dependsOnOutputOf fact,,
REL-01006,579ed89b479529d179485f633828df89399ad3c5,CM-1-3-8-1-2,Perform Self-Billing Accounting,CM-1-3-8-2-6,Perform Revenue Accounting,SoleCandidate,PROMOTE/B:structural-nearness,G1-redundant-output-dep,no triple; held pending domain-batch review,,
REL-01008,579ed89b479529d179485f633828df89399ad3c5,CM-1-3-8-1-3,Determine Taxability,CM-1-3-8-1-1,Create and Distribute Bill,ResolvedToConcept,,G1-redundant-output-dep,proposed: merge into the existing core:dependsOnOutputOf fact,,
REL-01009,579ed89b479529d179485f633828df89399ad3c5,CM-1-3-8-1-3,Determine Taxability,CM-1-3-8-4-4,Reconcile And Report Indirect Tax,SoleCandidate,PROMOTE/B:structural-nearness,G3-genuine-enablement,no triple; held pending domain-batch review,,
REL-01013,579ed89b479529d179485f633828df89399ad3c5,CM-1-3-8-1-4,Create Credit Memo,CM-1-3-8-2,"Manage Cash Application, A/R & Revenue Accounting",SoleCandidate,PROMOTE/B:structural-nearness,G3-genuine-enablement,no triple; held pending domain-batch review,,
REL-01016,579ed89b479529d179485f633828df89399ad3c5,CM-1-3-8-1-5,"Manage Invoice Exceptions, Reversals, and Rebilling",CM-1-3-8-2,"Manage Cash Application, A/R & Revenue Accounting",SoleCandidate,PROMOTE/B:structural-nearness,G3-genuine-enablement,no triple; held pending domain-batch review,,
REL-01024,579ed89b479529d179485f633828df89399ad3c5,CM-1-3-8-2-3,Apply Receipts,CM-1-3-8-2-4,Manage Unapplied Receipts and Exceptions,ResolvedToConcept,,G2-disguised-sequence,proposed: no separate triple; sequence fact already recorded,,
REL-01025,579ed89b479529d179485f633828df89399ad3c5,CM-1-3-8-2-3,Apply Receipts,CM-1-3-8-3-2,Manage Receivables Collections,ResolvedToConcept,,G1-redundant-output-dep,proposed: merge into the existing core:dependsOnOutputOf fact,,
REL-01028,579ed89b479529d179485f633828df89399ad3c5,CM-1-3-8-2-4,Manage Unapplied Receipts and Exceptions,CM-1-3-8-4-2,Perform AR Reconciliation and Compliance,ResolvedToConcept,,G1-redundant-output-dep,proposed: merge into the existing core:dependsOnOutputOf fact,,
REL-01031,579ed89b479529d179485f633828df89399ad3c5,CM-1-3-8-2-5,"Perform Cash, Acquirer, and Receivables Reconciliations",CM-1-3-8-4-2,Perform AR Reconciliation and Compliance,ResolvedToConcept,,G1-redundant-output-dep,proposed: merge into the existing core:dependsOnOutputOf fact,,
REL-01035,579ed89b479529d179485f633828df89399ad3c5,CM-1-3-8-2-6,Perform Revenue Accounting,CM-1-3-8-4-1,Perform Period-End Processing,ResolvedToConcept,,G1-redundant-output-dep,proposed: merge into the existing core:dependsOnOutputOf fact,,
REL-01037,579ed89b479529d179485f633828df89399ad3c5,CM-1-3-8-3-1,Manage Receivables Disputes,CM-1-3-8-1-4,Create Credit Memo,SoleCandidate,PROMOTE/B:structural-nearness,G1-redundant-output-dep,proposed: merge into the existing core:dependsOnOutputOf fact,,
REL-01038,579ed89b479529d179485f633828df89399ad3c5,CM-1-3-8-3-1,Manage Receivables Disputes,CM-1-3-8-3-2,Manage Receivables Collections,ResolvedToConcept,,G3-genuine-enablement,no triple; held pending domain-batch review,,
REL-01039,579ed89b479529d179485f633828df89399ad3c5,CM-1-3-8-3-1,Manage Receivables Disputes,CM-1-3-8-3-4,Develop Root-Cause Analyses and Action Plans,ResolvedToConcept,,G1-redundant-output-dep,proposed: merge into the existing core:dependsOnOutputOf fact,,
REL-01043,579ed89b479529d179485f633828df89399ad3c5,CM-1-3-8-3-2,Manage Receivables Collections,CM-1-3-8-3-3,Determine Bad Debt Allowance,ResolvedToConcept,,G1-redundant-output-dep,proposed: merge into the existing core:dependsOnOutputOf fact,,
REL-01046,579ed89b479529d179485f633828df89399ad3c5,CM-1-3-8-3-3,Determine Bad Debt Allowance,CM-1-3-8-4-1,Perform Period-End Processing,ResolvedToConcept,,G1-redundant-output-dep,proposed: merge into the existing core:dependsOnOutputOf fact,,
REL-01049,579ed89b479529d179485f633828df89399ad3c5,CM-1-3-8-3-4,Develop Root-Cause Analyses and Action Plans,CM-1-3-7-4-1,Maintain Credit Policies,SoleCandidate,PROMOTE/B:structural-nearness,G3-genuine-enablement,no triple; held pending domain-batch review,,
REL-01053,579ed89b479529d179485f633828df89399ad3c5,CM-1-3-8-4-1,Perform Period-End Processing,CM-1-3-8-4-2,Perform AR Reconciliation and Compliance,ResolvedToConcept,,G3-genuine-enablement,no triple; held pending domain-batch review,,
REL-01056,579ed89b479529d179485f633828df89399ad3c5,CM-1-3-8-4-2,Perform AR Reconciliation and Compliance,CM-1-3-8-4-1,Perform Period-End Processing,ResolvedToConcept,,G3-genuine-enablement,proposed: emit (target core:enabledBy source),,
REL-01059,579ed89b479529d179485f633828df89399ad3c5,CM-1-3-8-4-3,Analyze and Calculate Accruals,CM-1-3-8-2-6,Perform Revenue Accounting,SoleCandidate,PROMOTE/A:explicit-reference,G1-redundant-output-dep,proposed: merge into the existing core:dependsOnOutputOf fact,,
REL-01060,579ed89b479529d179485f633828df89399ad3c5,CM-1-3-8-4-3,Analyze and Calculate Accruals,CM-1-3-8-4-1,Perform Period-End Processing,ResolvedToConcept,,G1-redundant-output-dep,proposed: merge into the existing core:dependsOnOutputOf fact,,
REL-01063,579ed89b479529d179485f633828df89399ad3c5,CM-1-3-8-4-4,Reconcile And Report Indirect Tax,CM-1-3-8-4-1,Perform Period-End Processing,ResolvedToConcept,,G3-genuine-enablement,proposed: emit (target core:enabledBy source),,
REL-01064,579ed89b479529d179485f633828df89399ad3c5,CM-1-3-8-4-5,Determine Taxability,CM-1-3-7-1-4,Maintain Tax Master Data,SoleCandidate,PROMOTE/A:explicit-reference,G3-genuine-enablement,no triple; held pending domain-batch review,,
REL-01068,579ed89b479529d179485f633828df89399ad3c5,CM-1-3-8-4-6,Manage Intercompany Invoicing,CM-1-3-8-4-1,Perform Period-End Processing,ResolvedToConcept,,G3-genuine-enablement,proposed: emit (target core:enabledBy source),,
REL-01072,579ed89b479529d179485f633828df89399ad3c5,CM-1-3-8-4-7,"Administer Royalty, Brand Fee, and Contribution Streams",CM-1-3-8-1-1,Create and Distribute Bill,ResolvedToConcept,,G3-genuine-enablement,no triple; held pending domain-batch review,,
REL-01073,579ed89b479529d179485f633828df89399ad3c5,CM-1-3-8-4-7,"Administer Royalty, Brand Fee, and Contribution Streams",CM-1-3-8-4-1,Perform Period-End Processing,ResolvedToConcept,,G3-genuine-enablement,no triple; held pending domain-batch review,,
REL-01074,579ed89b479529d179485f633828df89399ad3c5,CM-1-3-9-1-1,Define Operating Model,CM-1-3-9-1-2,Manage Service Operations,ResolvedToConcept,,G1-redundant-output-dep,proposed: merge into the existing core:dependsOnOutputOf fact,,
REL-01078,579ed89b479529d179485f633828df89399ad3c5,CM-1-3-9-1-2,Manage Service Operations,CM-1-3-9-2-3,Fulfill Service Events,ResolvedToConcept,,G3-genuine-enablement,proposed: emit (target core:enabledBy source),,
REL-01082,579ed89b479529d179485f633828df89399ad3c5,CM-1-3-9-1-4,Manage Facilities,CM-1-3-9-1-2,Manage Service Operations,ResolvedToConcept,,G3-genuine-enablement,no triple; held pending domain-batch review,,
REL-01085,579ed89b479529d179485f633828df89399ad3c5,CM-1-3-9-1-6,Manage Contact Center,CM-1-3-7-5-3,Process Inquiries and Requests,SoleCandidate,PROMOTE/B:structural-nearness,G3-genuine-enablement,no triple; held pending domain-batch review,,
REL-01087,579ed89b479529d179485f633828df89399ad3c5,CM-1-3-9-2-1,Manage Service Delivery Data,CM-1-3-9-2-3,Fulfill Service Events,ResolvedToConcept,,G3-genuine-enablement,proposed: emit (target core:enabledBy source),,
REL-01090,579ed89b479529d179485f633828df89399ad3c5,CM-1-3-9-2-2,Manage Customer Interactions in Service Delivery,CM-1-3-9-2-3,Fulfill Service Events,ResolvedToConcept,,G2-disguised-sequence,proposed: no separate triple; sequence fact already recorded,,
REL-01092,579ed89b479529d179485f633828df89399ad3c5,CM-1-3-9-2-3,Fulfill Service Events,CM-1-3-8-1-1,Create and Distribute Bill,ResolvedToConcept,,G3-genuine-enablement,no triple; held pending domain-batch review,,
REL-01093,579ed89b479529d179485f633828df89399ad3c5,CM-1-3-9-2-3,Fulfill Service Events,CM-1-3-7-5-3,Process Inquiries and Requests,SoleCandidate,PROMOTE/B:structural-nearness,G3-genuine-enablement,no triple; held pending domain-batch review,,
REL-01094,579ed89b479529d179485f633828df89399ad3c5,CM-1-3-9-3-1,Measure Service Infrastructure,CM-1-3-9-1-5,Manage Technology,SoleCandidate,PROMOTE/B:structural-nearness,G3-genuine-enablement,no triple; held pending domain-batch review,,
REL-01095,579ed89b479529d179485f633828df89399ad3c5,CM-1-3-9-3-1,Measure Service Infrastructure,CM-1-3-9-1-6,Manage Contact Center,SoleCandidate,PROMOTE/B:structural-nearness,G3-genuine-enablement,no triple; held pending domain-batch review,,
REL-01096,579ed89b479529d179485f633828df89399ad3c5,CM-1-3-9-3-2,Measure Service Workforce Performance,CM-1-3-9-1-3,Manage Service Employees,SoleCandidate,PROMOTE/B:structural-nearness,G3-genuine-enablement,no triple; held pending domain-batch review,,
REL-01099,579ed89b479529d179485f633828df89399ad3c5,CM-1-3-9-3-3,Measure Service Effectiveness,CM-1-3-9-1-1,Define Operating Model,SoleCandidate,PROMOTE/B:structural-nearness,G3-genuine-enablement,no triple; held pending domain-batch review,,
REL-01100,579ed89b479529d179485f633828df89399ad3c5,CM-1-3-6-8,Commercial Agreement Compliance Management,CM-1-3-8-4-7,"Administer Royalty, Brand Fee, and Contribution Streams",ResolvedToConcept,,G3-genuine-enablement,proposed: emit (target core:enabledBy source),,
REL-01102,579ed89b479529d179485f633828df89399ad3c5,CM-1-3-6-8,Commercial Agreement Compliance Management,CM-1-1-4-6-2,Plan Budgets,SoleCandidate,HOLD,G3-genuine-enablement,no triple; held pending domain-batch review,,
REL-01103,579ed89b479529d179485f633828df89399ad3c5,CM-1-3-6-8,Commercial Agreement Compliance Management,CM-1-1-4-6-3,Coordinate Site Business Risk Management,SoleCandidate,HOLD,G3-genuine-enablement,no triple; held pending domain-batch review,,
REL-01104,579ed89b479529d179485f633828df89399ad3c5,CM-1-2-5-4,Crude/Feed Supply Management,CM-1-2-5-2-2,Develop Feedstock Demand,SoleCandidate,PROMOTE/B:structural-nearness,G3-genuine-enablement,no triple; held pending domain-batch review,,
REL-01108,579ed89b479529d179485f633828df89399ad3c5,CM-1-3-2-4,Sales & Distribution Channel Strategy,CM-1-3-3-3,Sales & Distribution Channel Design,SoleCandidate,PROMOTE/A:explicit-reference,G1-redundant-output-dep,no triple; held pending domain-batch review,,
REL-01109,579ed89b479529d179485f633828df89399ad3c5,CM-1-3-2-4,Sales & Distribution Channel Strategy,CM-1-3-6-1,Channel & Partner Management,SoleCandidate,PROMOTE/A:explicit-reference,G3-genuine-enablement,proposed: emit (target core:enabledBy source),,
REL-01111,579ed89b479529d179485f633828df89399ad3c5,CM-1-3-6-3,Sales Pricing Management,CM-1-3-6-2,Sales Execution,SoleCandidate,PROMOTE/B:structural-nearness,G1-redundant-output-dep,proposed: merge into the existing core:dependsOnOutputOf fact,,
REL-01112,579ed89b479529d179485f633828df89399ad3c5,CM-1-3-6-3,Sales Pricing Management,CM-1-3-3-2-3,Analyze Pricing Performance,SoleCandidate,PROMOTE/B:structural-nearness,G1-redundant-output-dep,no triple; held pending domain-batch review,,
REL-01115,579ed89b479529d179485f633828df89399ad3c5,CM-1-3-6-7,Brand Standards Management,CM-1-3-6-6-8,Ensure Card Design Compliance,SoleCandidate,PROMOTE/B:structural-nearness,G3-genuine-enablement,no triple; held pending domain-batch review,,
REL-01120,579ed89b479529d179485f633828df89399ad3c5,CM-1-1-7-1,Daily Execution Planning,CM-1-1-5,Regional Backcasting,SoleCandidate,HOLD,G3-genuine-enablement,no triple; held pending domain-batch review,,
REL-01122,579ed89b479529d179485f633828df89399ad3c5,CM-1-1-7-3,Energy & Utility Management,CM-1-1-7-1,Daily Execution Planning,SoleCandidate,PROMOTE/B:structural-nearness,G3-genuine-enablement,no triple; held pending domain-batch review,,
REL-01124,579ed89b479529d179485f633828df89399ad3c5,CM-1-2-5-2,Crude/Feed Demand Management,CM-1-2-1,Trading Management,SoleCandidate,PROMOTE/B:structural-nearness,G3-genuine-enablement,no triple; held pending domain-batch review,,
REL-01129,579ed89b479529d179485f633828df89399ad3c5,CM-1-2-6-1,Supply Network Participation Analysis,CM-1-1-2,Regional Optimization,SoleCandidate,PROMOTE/A:explicit-reference,G3-genuine-enablement,no triple; held pending domain-batch review,,
REL-01131,579ed89b479529d179485f633828df89399ad3c5,CM-1-2-6-1,Supply Network Participation Analysis,CM-1-2-6-2,Refined Product Demand Management,SoleCandidate,PROMOTE/B:structural-nearness,G3-genuine-enablement,no triple; held pending domain-batch review,,
REL-01133,579ed89b479529d179485f633828df89399ad3c5,CM-1-2-6-2,Refined Product Demand Management,CM-1-2-6-3,Supply Operations,SoleCandidate,PROMOTE/B:structural-nearness,G1-redundant-output-dep,proposed: merge into the existing core:dependsOnOutputOf fact,,
REL-01134,579ed89b479529d179485f633828df89399ad3c5,CM-1-2-6-2,Refined Product Demand Management,CM-1-1-3-5-2,Coordinate Product Trading,SoleCandidate,HOLD,G3-genuine-enablement,no triple; held pending domain-batch review,,
REL-01138,579ed89b479529d179485f633828df89399ad3c5,CM-1-2-7-1,Contractual Agreements Management,CM-1-2-6-2-2,Manage Refined Product Exchanges,SoleCandidate,PROMOTE/A:explicit-reference,G3-genuine-enablement,proposed: emit (target core:enabledBy source),,
REL-01139,579ed89b479529d179485f633828df89399ad3c5,CM-1-2-7-1,Contractual Agreements Management,CM-1-2-6-3,Supply Operations,SoleCandidate,PROMOTE/B:structural-nearness,G3-genuine-enablement,no triple; held pending domain-batch review,,
REL-01141,579ed89b479529d179485f633828df89399ad3c5,CM-1-2-7-2,Terminal Operations Management,CM-1-1-3-8,Secondary Distribution Management,SoleCandidate,PROMOTE/A:explicit-reference,G3-genuine-enablement,proposed: emit (target core:enabledBy source),,
REL-01142,579ed89b479529d179485f633828df89399ad3c5,CM-1-2-7-2,Terminal Operations Management,CM-1-2-6-3,Supply Operations,SoleCandidate,PROMOTE/B:structural-nearness,G3-genuine-enablement,no triple; held pending domain-batch review,,
REL-01146,579ed89b479529d179485f633828df89399ad3c5,CM-1-3-2-5,Customer Experience Strategy,CM-1-3-9-1,Service & Support Enablement,SoleCandidate,PROMOTE/B:structural-nearness,G3-genuine-enablement,no triple; held pending domain-batch review,,
REL-01148,579ed89b479529d179485f633828df89399ad3c5,CM-1-3-4-1,Visioning And Implementation Planning,CM-1-3-4-2,Concept & Feasibility Study,SoleCandidate,PROMOTE/A:explicit-reference,G1-redundant-output-dep,no triple; held pending domain-batch review,,
REL-01149,579ed89b479529d179485f633828df89399ad3c5,CM-1-3-4-1,Visioning And Implementation Planning,CM-1-3-4-3,Product & Service Development,SoleCandidate,PROMOTE/A:explicit-reference,G3-genuine-enablement,proposed: emit (target core:enabledBy source),,
REL-01151,579ed89b479529d179485f633828df89399ad3c5,CM-1-3-4-2,Concept & Feasibility Study,CM-1-3-4-3,Product & Service Development,SoleCandidate,PROMOTE/A:explicit-reference,G1-redundant-output-dep,no triple; held pending domain-batch review,,
REL-01153,579ed89b479529d179485f633828df89399ad3c5,CM-1-3-4-3,Product & Service Development,CM-1-3-3-1,Customer Offer Definition,SoleCandidate,PROMOTE/A:explicit-reference,G3-genuine-enablement,proposed: emit (target core:enabledBy source),,
REL-01154,579ed89b479529d179485f633828df89399ad3c5,CM-1-3-4-3,Product & Service Development,CM-1-3-4-5,Lifecycle Management,SoleCandidate,PROMOTE/A:explicit-reference,G1-redundant-output-dep,no triple; held pending domain-batch review,,
REL-01156,579ed89b479529d179485f633828df89399ad3c5,CM-1-3-5-5,Marketing Performance Analysis,CM-1-3-5-3,Marketing Communications Planning,SoleCandidate,PROMOTE/B:structural-nearness,G3-genuine-enablement,no triple; held pending domain-batch review,,
REL-01157,579ed89b479529d179485f633828df89399ad3c5,CM-1-3-5-5,Marketing Performance Analysis,CM-1-3-5-1,Sales Planning,ResolvedToConcept,,G3-genuine-enablement,no triple; held pending domain-batch review,,
REL-01161,579ed89b479529d179485f633828df89399ad3c5,CM-1-3-6-5,Marketing Plan Execution,CM-1-3-5-5,Marketing Performance Analysis,SoleCandidate,PROMOTE/B:structural-nearness,G3-genuine-enablement,no triple; held pending domain-batch review,,
REL-01163,579ed89b479529d179485f633828df89399ad3c5,CM-1-3-9-2,Service & Support Delivery,CM-1-3-8-1-1,Create and Distribute Bill,ResolvedToConcept,,G3-genuine-enablement,no triple; held pending domain-batch review,,
REL-01167,579ed89b479529d179485f633828df89399ad3c5,CM-1-3-9-3,Service & Support Measurement,CM-1-3-9-1-1,Define Operating Model,SoleCandidate,PROMOTE/B:structural-nearness,G3-genuine-enablement,no triple; held pending domain-batch review,,
REL-01169,579ed89b479529d179485f633828df89399ad3c5,CM-1-1-3-6,Physical Distribution Scheduling,CM-1-1-6,Distribution Backcasting,SoleCandidate,PROMOTE/B:structural-nearness,G3-genuine-enablement,no triple; held pending domain-batch review,,
REL-01171,579ed89b479529d179485f633828df89399ad3c5,CM-1-1-3-8,Secondary Distribution Management,CM-1-1-6,Distribution Backcasting,SoleCandidate,PROMOTE/A:explicit-reference,G3-genuine-enablement,no triple; held pending domain-batch review,,
REL-01172,579ed89b479529d179485f633828df89399ad3c5,CM-1-2-5-1,Crude/Feed Quality Management,CM-1-2-5-2-3,Recommend Feedstock Slate And Run Rate,ResolvedToConcept,,G3-genuine-enablement,proposed: emit (target core:enabledBy source),,
REL-01174,579ed89b479529d179485f633828df89399ad3c5,CM-1-2-5-1,Crude/Feed Quality Management,CM-1-2-5-2-1,Coordinate Feedstock Trading,SoleCandidate,PROMOTE/B:structural-nearness,G3-genuine-enablement,no triple; held pending domain-batch review,,
REL-01175,579ed89b479529d179485f633828df89399ad3c5,CM-1-3-1-1,Market Analysis,CM-1-3-1-6,Marketing Insight and Metrics Stewardship,ResolvedToConcept,,G1-redundant-output-dep,proposed: merge into the existing core:dependsOnOutputOf fact,,
REL-01176,579ed89b479529d179485f633828df89399ad3c5,CM-1-3-1-1,Market Analysis,CM-1-3-2-1,Brand Strategy,SoleCandidate,PROMOTE/B:structural-nearness,G3-genuine-enablement,no triple; held pending domain-batch review,,
REL-01178,579ed89b479529d179485f633828df89399ad3c5,CM-1-3-1-2,Company Analysis,CM-1-3-1-6,Marketing Insight and Metrics Stewardship,ResolvedToConcept,,G3-genuine-enablement,no triple; held pending domain-batch review,,
REL-01179,579ed89b479529d179485f633828df89399ad3c5,CM-1-3-1-2,Company Analysis,CM-1-3-2-1,Brand Strategy,SoleCandidate,PROMOTE/B:structural-nearness,G3-genuine-enablement,no triple; held pending domain-batch review,,
REL-01181,579ed89b479529d179485f633828df89399ad3c5,CM-1-3-1-3,Consumer Analysis,CM-1-3-2-3,Consumer Value Proposition,SoleCandidate,PROMOTE/A:explicit-reference,G1-redundant-output-dep,no triple; held pending domain-batch review,,
REL-01182,579ed89b479529d179485f633828df89399ad3c5,CM-1-3-1-3,Consumer Analysis,CM-1-3-1-6,Marketing Insight and Metrics Stewardship,ResolvedToConcept,,G3-genuine-enablement,no triple; held pending domain-batch review,,
REL-01184,579ed89b479529d179485f633828df89399ad3c5,CM-1-3-1-4,Customer And Marketer Analysis,CM-1-3-2-2,Customer And Marketer Value Proposition,SoleCandidate,PROMOTE/B:structural-nearness,G1-redundant-output-dep,no triple; held pending domain-batch review,,
REL-01185,579ed89b479529d179485f633828df89399ad3c5,CM-1-3-1-4,Customer And Marketer Analysis,CM-1-3-1-6,Marketing Insight and Metrics Stewardship,ResolvedToConcept,,G3-genuine-enablement,no triple; held pending domain-batch review,,
REL-01187,579ed89b479529d179485f633828df89399ad3c5,CM-1-3-1-5,Competitor Analysis,CM-1-3-2-1,Brand Strategy,SoleCandidate,PROMOTE/B:structural-nearness,G3-genuine-enablement,no triple; held pending domain-batch review,,
REL-01188,579ed89b479529d179485f633828df89399ad3c5,CM-1-3-1-5,Competitor Analysis,CM-1-3-1-6,Marketing Insight and Metrics Stewardship,ResolvedToConcept,,G1-redundant-output-dep,proposed: merge into the existing core:dependsOnOutputOf fact,,
REL-01191,579ed89b479529d179485f633828df89399ad3c5,CM-1-3-2-1,Brand Strategy,CM-1-3-3-5,Marketing Communications Strategy,SoleCandidate,PROMOTE/A:explicit-reference,G1-redundant-output-dep,no triple; held pending domain-batch review,,
REL-01192,579ed89b479529d179485f633828df89399ad3c5,CM-1-3-2-1,Brand Strategy,CM-1-3-2-4,Sales & Distribution Channel Strategy,SoleCandidate,PROMOTE/B:structural-nearness,G3-genuine-enablement,no triple; held pending domain-batch review,,
REL-01194,579ed89b479529d179485f633828df89399ad3c5,CM-1-3-2-2,Customer And Marketer Value Proposition,CM-1-3-3-1,Customer Offer Definition,SoleCandidate,PROMOTE/A:explicit-reference,G1-redundant-output-dep,no triple; held pending domain-batch review,,
REL-01195,579ed89b479529d179485f633828df89399ad3c5,CM-1-3-2-2,Customer And Marketer Value Proposition,CM-1-3-2-4,Sales & Distribution Channel Strategy,SoleCandidate,PROMOTE/B:structural-nearness,G3-genuine-enablement,no triple; held pending domain-batch review,,
REL-01197,579ed89b479529d179485f633828df89399ad3c5,CM-1-3-2-3,Consumer Value Proposition,CM-1-3-3-1,Customer Offer Definition,SoleCandidate,PROMOTE/A:explicit-reference,G1-redundant-output-dep,no triple; held pending domain-batch review,,
REL-01198,579ed89b479529d179485f633828df89399ad3c5,CM-1-3-2-3,Consumer Value Proposition,CM-1-3-2-5,Customer Experience Strategy,SoleCandidate,PROMOTE/A:explicit-reference,G3-genuine-enablement,proposed: emit (target core:enabledBy source),,
REL-01201,579ed89b479529d179485f633828df89399ad3c5,CM-1-3-3-1,Customer Offer Definition,CM-1-3-6-2,Sales Execution,SoleCandidate,PROMOTE/B:structural-nearness,G3-genuine-enablement,no triple; held pending domain-batch review,,
REL-01204,579ed89b479529d179485f633828df89399ad3c5,CM-1-3-3-4,Network Design (Retail),CM-1-3-6-1,Channel & Partner Management,SoleCandidate,PROMOTE/B:structural-nearness,G3-genuine-enablement,no triple; held pending domain-batch review,,
REL-01206,579ed89b479529d179485f633828df89399ad3c5,CM-1-3-4-5,Lifecycle Management,CM-1-3-4-3-3,Manage Product/Service Change,SoleCandidate,PROMOTE/A:explicit-reference,G3-genuine-enablement,no triple; held pending domain-batch review,,
REL-01209,579ed89b479529d179485f633828df89399ad3c5,CM-1-3-4-6,R&D Collaboration,CM-1-3-4-2,Concept & Feasibility Study,SoleCandidate,PROMOTE/B:structural-nearness,G3-genuine-enablement,no triple; held pending domain-batch review,,
REL-01210,579ed89b479529d179485f633828df89399ad3c5,CM-1-3-4-6,R&D Collaboration,CM-1-3-4-3,Product & Service Development,SoleCandidate,PROMOTE/A:explicit-reference,G3-genuine-enablement,no triple; held pending domain-batch review,,
REL-01213,579ed89b479529d179485f633828df89399ad3c5,CM-1-3-5-1,Sales Planning,CM-1-3-6-2,Sales Execution,SoleCandidate,PROMOTE/A:explicit-reference,G1-redundant-output-dep,no triple; held pending domain-batch review,,
REL-01215,579ed89b479529d179485f633828df89399ad3c5,CM-1-3-5-4,Promotions Planning,CM-1-3-6-5,Marketing Plan Execution,SoleCandidate,PROMOTE/A:explicit-reference,G3-genuine-enablement,proposed: emit (target core:enabledBy source),,
REL-01216,579ed89b479529d179485f633828df89399ad3c5,CM-1-3-5-4,Promotions Planning,CM-1-3-5-1-2,Develop & Agree Demand Forecasting Process,SoleCandidate,PROMOTE/A:explicit-reference,G3-genuine-enablement,no triple; held pending domain-batch review,,
REL-01219,579ed89b479529d179485f633828df89399ad3c5,CM-1-3-6-1,Channel & Partner Management,CM-1-3-6-2,Sales Execution,SoleCandidate,PROMOTE/B:structural-nearness,G3-genuine-enablement,no triple; held pending domain-batch review,,
REL-01222,579ed89b479529d179485f633828df89399ad3c5,CM-1-3-8-3,Manage Receivables Resolution,CM-1-3-8-4-1,Perform Period-End Processing,ResolvedToConcept,,G3-genuine-enablement,proposed: emit (target core:enabledBy source),,
REL-01224,579ed89b479529d179485f633828df89399ad3c5,CM-1-1-1-1,Produce Demand Forecast,CM-1-1-4-7-1,Capture Product Demand Requirements,SoleCandidate,HOLD,G1-redundant-output-dep,no triple; held pending domain-batch review,,
REL-01225,579ed89b479529d179485f633828df89399ad3c5,CM-1-1-1-1,Produce Demand Forecast,CM-1-2-1-1-2,Receive Demand Forecast,SoleCandidate,PROMOTE/A:explicit-reference,G1-redundant-output-dep,no triple; held pending domain-batch review,,
REL-01230,579ed89b479529d179485f633828df89399ad3c5,CM-1-3-3-2,Pricing Strategy Management,CM-1-3-6-3,Sales Pricing Management,SoleCandidate,PROMOTE/A:explicit-reference,G1-redundant-output-dep,no triple; held pending domain-batch review,,
REL-01231,579ed89b479529d179485f633828df89399ad3c5,CM-1-3-3-2,Pricing Strategy Management,CM-1-3-3-1,Customer Offer Definition,SoleCandidate,PROMOTE/B:structural-nearness,G3-genuine-enablement,no triple; held pending domain-batch review,,
REL-01233,579ed89b479529d179485f633828df89399ad3c5,CM-1-3-3-3,Sales & Distribution Channel Design,CM-1-3-6-1,Channel & Partner Management,SoleCandidate,PROMOTE/A:explicit-reference,G1-redundant-output-dep,no triple; held pending domain-batch review,,
REL-01234,579ed89b479529d179485f633828df89399ad3c5,CM-1-3-3-3,Sales & Distribution Channel Design,CM-1-3-3-4,Network Design (Retail),SoleCandidate,PROMOTE/A:explicit-reference,G1-redundant-output-dep,no triple; held pending domain-batch review,,
REL-01236,579ed89b479529d179485f633828df89399ad3c5,CM-1-3-3-6,Operating Model Design,CM-1-3-5-1,Sales Planning,ResolvedToConcept,,G3-genuine-enablement,proposed: emit (target core:enabledBy source),,
REL-01237,579ed89b479529d179485f633828df89399ad3c5,CM-1-3-3-6,Operating Model Design,CM-1-3-6-5,Marketing Plan Execution,SoleCandidate,PROMOTE/B:structural-nearness,G3-genuine-enablement,no triple; held pending domain-batch review,,
REL-01240,579ed89b479529d179485f633828df89399ad3c5,CM-1-3-8-1,Manage Customer Invoicing and Billing,CM-1-3-8-2,"Manage Cash Application, A/R & Revenue Accounting",SoleCandidate,PROMOTE/A:explicit-reference,G1-redundant-output-dep,proposed: merge into the existing core:dependsOnOutputOf fact,,
REL-01245,579ed89b479529d179485f633828df89399ad3c5,CM-1-2-1-1,Forecasting & Optimization,CM-1-2-1-4,Trading Strategy Management,SoleCandidate,PROMOTE/B:structural-nearness,G3-genuine-enablement,no triple; held pending domain-batch review,,
REL-01248,579ed89b479529d179485f633828df89399ad3c5,CM-1-3-4-4,Manage Licensing & IP,CM-1-3-4-6,R&D Collaboration,SoleCandidate,PROMOTE/B:structural-nearness,G3-genuine-enablement,no triple; held pending domain-batch review,,
REL-01249,579ed89b479529d179485f633828df89399ad3c5,CM-1-3-7-1,Manage Commercial Master Data Stewardship,CM-1-3-7-3,Capture And Manage Order Fulfillment,SoleCandidate,PROMOTE/B:structural-nearness,G1-redundant-output-dep,proposed: merge into the existing core:dependsOnOutputOf fact,,
REL-01250,579ed89b479529d179485f633828df89399ad3c5,CM-1-3-7-1,Manage Commercial Master Data Stewardship,CM-1-3-8-1,Manage Customer Invoicing and Billing,SoleCandidate,PROMOTE/B:structural-nearness,G3-genuine-enablement,no triple; held pending domain-batch review,,
REL-01254,579ed89b479529d179485f633828df89399ad3c5,CM-1-3-7-2,"Manage Commercial Terms, Quoting, and Customer Commercial Services",CM-1-3-7-3,Capture And Manage Order Fulfillment,SoleCandidate,PROMOTE/A:explicit-reference,G3-genuine-enablement,no triple; held pending domain-batch review,,
REL-01257,579ed89b479529d179485f633828df89399ad3c5,CM-1-3-7-3,Capture And Manage Order Fulfillment,CM-1-3-8-1,Manage Customer Invoicing and Billing,SoleCandidate,PROMOTE/A:explicit-reference,G3-genuine-enablement,no triple; held pending domain-batch review,,
REL-01259,579ed89b479529d179485f633828df89399ad3c5,CM-1-3-7-4,Manage Credit & Risk,CM-1-3-7-3,Capture And Manage Order Fulfillment,SoleCandidate,PROMOTE/B:structural-nearness,G3-genuine-enablement,no triple; held pending domain-batch review,,
REL-01260,579ed89b479529d179485f633828df89399ad3c5,CM-1-3-7-4,Manage Credit & Risk,CM-1-3-8-3,Manage Receivables Resolution,ResolvedToConcept,,G3-genuine-enablement,proposed: emit (target core:enabledBy source),,
REL-01262,579ed89b479529d179485f633828df89399ad3c5,CM-1-3-7-5,Manage Customer Requests and Inquiries,CM-1-3-8-3-1,Manage Receivables Disputes,ResolvedToConcept,,G3-genuine-enablement,no triple; held pending domain-batch review,,
REL-01265,579ed89b479529d179485f633828df89399ad3c5,CM-1-3-8-2,"Manage Cash Application, A/R & Revenue Accounting",CM-1-3-8-3,Manage Receivables Resolution,ResolvedToConcept,,G1-redundant-output-dep,proposed: merge into the existing core:dependsOnOutputOf fact,,
REL-01266,579ed89b479529d179485f633828df89399ad3c5,CM-1-3-8-2,"Manage Cash Application, A/R & Revenue Accounting",CM-1-3-8-4-1,Perform Period-End Processing,ResolvedToConcept,,G3-genuine-enablement,proposed: emit (target core:enabledBy source),,
REL-01267,579ed89b479529d179485f633828df89399ad3c5,CM-1-3-9-1,Service & Support Enablement,CM-1-3-7-5,Manage Customer Requests and Inquiries,SoleCandidate,PROMOTE/A:explicit-reference,G3-genuine-enablement,proposed: emit (target core:enabledBy source),,
REL-01268,579ed89b479529d179485f633828df89399ad3c5,CM-1-3-9-1,Service & Support Enablement,CM-1-3-9-2,Service & Support Delivery,SoleCandidate,PROMOTE/A:explicit-reference,G1-redundant-output-dep,proposed: merge into the existing core:dependsOnOutputOf fact,,
REL-01273,579ed89b479529d179485f633828df89399ad3c5,CM-1-3-3-5,Marketing Communications Strategy,CM-1-3-5-3,Marketing Communications Planning,SoleCandidate,PROMOTE/B:structural-nearness,G1-redundant-output-dep,no triple; held pending domain-batch review,,
REL-01274,579ed89b479529d179485f633828df89399ad3c5,CM-1-3-3-5,Marketing Communications Strategy,CM-1-3-5-2,Integrated Marketing Planning (Advertising),SoleCandidate,PROMOTE/A:explicit-reference,G3-genuine-enablement,proposed: emit (target core:enabledBy source),,
REL-01277,579ed89b479529d179485f633828df89399ad3c5,CM-1-3-6-2,Sales Execution,CM-1-3-7-2,"Manage Commercial Terms, Quoting, and Customer Commercial Services",ResolvedToConcept,,G3-genuine-enablement,no triple; held pending domain-batch review,,
REL-01281,579ed89b479529d179485f633828df89399ad3c5,CM-1-1-4-7,Refinery Optimization,CM-1-1-4,Refinery Planning and Optimization,SoleCandidate,HOLD,G3-genuine-enablement,no triple; held pending domain-batch review,,
REL-01287,579ed89b479529d179485f633828df89399ad3c5,CM-1-2-2-1,Credit Risk Management,CM-1-2-1-3,Trade Capture,SoleCandidate,PROMOTE/B:structural-nearness,G3-genuine-enablement,no triple; held pending domain-batch review,,
REL-01288,579ed89b479529d179485f633828df89399ad3c5,CM-1-2-2-1,Credit Risk Management,CM-1-2-1-2,Contract Management,SoleCandidate,PROMOTE/B:structural-nearness,G3-genuine-enablement,no triple; held pending domain-batch review,,
REL-01296,579ed89b479529d179485f633828df89399ad3c5,CM-1-3-5-3,Marketing Communications Planning,CM-1-3-5-2,Integrated Marketing Planning (Advertising),SoleCandidate,PROMOTE/B:structural-nearness,G1-redundant-output-dep,no triple; held pending domain-batch review,,
REL-01297,579ed89b479529d179485f633828df89399ad3c5,CM-1-3-5-3,Marketing Communications Planning,CM-1-3-6-5,Marketing Plan Execution,SoleCandidate,PROMOTE/A:explicit-reference,G1-redundant-output-dep,proposed: merge into the existing core:dependsOnOutputOf fact,,
REL-01298,579ed89b479529d179485f633828df89399ad3c5,CM-1-2-1-2,Contract Management,CM-1-2-1-3,Trade Capture,SoleCandidate,PROMOTE/A:explicit-reference,G3-genuine-enablement,proposed: emit (target core:enabledBy source),,
REL-01299,579ed89b479529d179485f633828df89399ad3c5,CM-1-2-1-2,Contract Management,CM-1-2-2-2,Confirmations Management,SoleCandidate,PROMOTE/A:explicit-reference,G3-genuine-enablement,no triple; held pending domain-batch review,,
REL-01303,579ed89b479529d179485f633828df89399ad3c5,CM-1-2-1-3,Trade Capture,CM-1-2-2-3,Market Risk Management,SoleCandidate,PROMOTE/A:explicit-reference,G3-genuine-enablement,proposed: emit (target core:enabledBy source),,
REL-01304,579ed89b479529d179485f633828df89399ad3c5,CM-1-1-3-7,Inventory Management,CM-1-1-2,Regional Optimization,SoleCandidate,PROMOTE/B:structural-nearness,G3-genuine-enablement,no triple; held pending domain-batch review,,
REL-01305,579ed89b479529d179485f633828df89399ad3c5,CM-1-1-3-7,Inventory Management,CM-1-1-4-7-6,Capture Inventory,SoleCandidate,HOLD,G3-genuine-enablement,no triple; held pending domain-batch review,,
REL-01311,579ed89b479529d179485f633828df89399ad3c5,CM-1-2-2-3,Market Risk Management,CM-1-2-1-4,Trading Strategy Management,SoleCandidate,PROMOTE/A:explicit-reference,G3-genuine-enablement,proposed: emit (target core:enabledBy source),,
REL-01312,579ed89b479529d179485f633828df89399ad3c5,CM-1-2-2-3,Market Risk Management,CM-1-2-1-3,Trade Capture,SoleCandidate,PROMOTE/B:structural-nearness,G3-genuine-enablement,no triple; held pending domain-batch review,,
REL-01315,579ed89b479529d179485f633828df89399ad3c5,CM-1-3-6-6,Loyalty and Cards Management (Marketing),CM-1-3-5-5-3,Customer Program Analysis,SoleCandidate,PROMOTE/B:structural-nearness,G1-redundant-output-dep,no triple; held pending domain-batch review,,
REL-01318,579ed89b479529d179485f633828df89399ad3c5,CM-1-2-4-1,Settlements,CM-1-2-4-2-4,Manage AR/AP & Actuals,SoleCandidate,PROMOTE/B:structural-nearness,G3-genuine-enablement,no triple; held pending domain-batch review,,
