#,baseline_sha,row_id,source_slug,source_label,verb,raw_target,candidate_slug,candidate_label,shared_parent_slug,shared_parent_label,source_definition_excerpt,candidate_definition_excerpt,decision (approve / remap-to / defer / reclassify),reviewer_rationale,resolution_pattern
1,d7310c9acd37c893d7d6926645c715f425eb9dc8,REL-00507,CM-1-3-1-1-1,Source & Collect Information,follows,Define Analysis Objectives & Scope,CM-1-3-1-1-2,Define Analysis Objectives & Scope,CM-1-3-1-1,Market Analysis,"Source and collect the market data the market-analysis cycle needs — government statistics, licensed market data, industry publications, and internal sales and channel data — qualifying sources, respecting licensing terms, and organizing collected data for analysis.","Define each market-analysis cycle's objectives, questions, scope, and method with the consuming stakeholders — which markets, products, channels, and periods, answering which decisions — so analysis effort lands on the questions strategy and planning actually need answered.",,,ContextualInferredSibling
2,d7310c9acd37c893d7d6926645c715f425eb9dc8,REL-00508,CM-1-3-1-1-1,Source & Collect Information,precedes,Analyze Data,CM-1-3-1-1-3,Analyze Data,CM-1-3-1-1,Market Analysis,"Source and collect the market data the market-analysis cycle needs — government statistics, licensed market data, industry publications, and internal sales and channel data — qualifying sources, respecting licensing terms, and organizing collected data for analysis.","Analyze the collected market data against the defined objectives — market sizing, demand and supply balance, channel and margin structure, trend and scenario analysis — producing evidenced analytical results with their assumptions and confidence stated.",,,ContextualInferredSibling
3,d7310c9acd37c893d7d6926645c715f425eb9dc8,REL-00510,CM-1-3-1-1-2,Define Analysis Objectives & Scope,precedes,Source & Collect Information,CM-1-3-1-1-1,Source & Collect Information,CM-1-3-1-1,Market Analysis,"Define each market-analysis cycle's objectives, questions, scope, and method with the consuming stakeholders — which markets, products, channels, and periods, answering which decisions — so analysis effort lands on the questions strategy and planning actually need answered.","Source and collect the market data the market-analysis cycle needs — government statistics, licensed market data, industry publications, and internal sales and channel data — qualifying sources, respecting licensing terms, and organizing collected data for analysis.",,,ContextualInferredSibling
4,d7310c9acd37c893d7d6926645c715f425eb9dc8,REL-00511,CM-1-3-1-1-2,Define Analysis Objectives & Scope,precedes,Analyze Data,CM-1-3-1-1-3,Analyze Data,CM-1-3-1-1,Market Analysis,"Define each market-analysis cycle's objectives, questions, scope, and method with the consuming stakeholders — which markets, products, channels, and periods, answering which decisions — so analysis effort lands on the questions strategy and planning actually need answered.","Analyze the collected market data against the defined objectives — market sizing, demand and supply balance, channel and margin structure, trend and scenario analysis — producing evidenced analytical results with their assumptions and confidence stated.",,,ContextualInferredSibling
5,d7310c9acd37c893d7d6926645c715f425eb9dc8,REL-00512,CM-1-3-1-1-2,Define Analysis Objectives & Scope,precedes,Document Findings,CM-1-3-1-1-4,Document Findings,CM-1-3-1-1,Market Analysis,"Define each market-analysis cycle's objectives, questions, scope, and method with the consuming stakeholders — which markets, products, channels, and periods, answering which decisions — so analysis effort lands on the questions strategy and planning actually need answered.","Document and distribute the market-analysis findings — governed findings records with their evidence, assumptions, and confidence — to the consuming strategy, planning, and insight processes, maintaining the findings library so analysis is reusable and auditable.",,,ContextualInferredSibling
6,d7310c9acd37c893d7d6926645c715f425eb9dc8,REL-00514,CM-1-3-1-1-3,Analyze Data,follows,Source & Collect Information,CM-1-3-1-1-1,Source & Collect Information,CM-1-3-1-1,Market Analysis,"Analyze the collected market data against the defined objectives — market sizing, demand and supply balance, channel and margin structure, trend and scenario analysis — producing evidenced analytical results with their assumptions and confidence stated.","Source and collect the market data the market-analysis cycle needs — government statistics, licensed market data, industry publications, and internal sales and channel data — qualifying sources, respecting licensing terms, and organizing collected data for analysis.",,,ContextualInferredSibling
7,d7310c9acd37c893d7d6926645c715f425eb9dc8,REL-00515,CM-1-3-1-1-3,Analyze Data,precedes,Document Findings,CM-1-3-1-1-4,Document Findings,CM-1-3-1-1,Market Analysis,"Analyze the collected market data against the defined objectives — market sizing, demand and supply balance, channel and margin structure, trend and scenario analysis — producing evidenced analytical results with their assumptions and confidence stated.","Document and distribute the market-analysis findings — governed findings records with their evidence, assumptions, and confidence — to the consuming strategy, planning, and insight processes, maintaining the findings library so analysis is reusable and auditable.",,,ContextualInferredSibling
8,d7310c9acd37c893d7d6926645c715f425eb9dc8,REL-00516,CM-1-3-1-1-4,Document Findings,follows,Analyze Data,CM-1-3-1-1-3,Analyze Data,CM-1-3-1-1,Market Analysis,"Document and distribute the market-analysis findings — governed findings records with their evidence, assumptions, and confidence — to the consuming strategy, planning, and insight processes, maintaining the findings library so analysis is reusable and auditable.","Analyze the collected market data against the defined objectives — market sizing, demand and supply balance, channel and margin structure, trend and scenario analysis — producing evidenced analytical results with their assumptions and confidence stated.",,,ContextualInferredSibling
9,d7310c9acd37c893d7d6926645c715f425eb9dc8,REL-00518,CM-1-3-1-2-1,Source & Collect Information,follows,Define Analysis Objectives & Scope,CM-1-3-1-2-2,Define Analysis Objectives & Scope,CM-1-3-1-2,Company Analysis,"Source and collect the data the company-analysis cycle needs — governed internal financial, volume, share, and capability data, and the external benchmarks to compare against — respecting the data owners' controls and organizing the data for analysis.","Define each company-analysis cycle's objectives, questions, scope, and method with the consuming stakeholders — which businesses, markets, capabilities, and periods, answering which strategic questions — so self-analysis lands where strategy needs it.",,,ContextualInferredSibling
10,d7310c9acd37c893d7d6926645c715f425eb9dc8,REL-00519,CM-1-3-1-2-1,Source & Collect Information,precedes,Analyze Data,CM-1-3-1-2-3,Analyze Data,CM-1-3-1-2,Company Analysis,"Source and collect the data the company-analysis cycle needs — governed internal financial, volume, share, and capability data, and the external benchmarks to compare against — respecting the data owners' controls and organizing the data for analysis.","Analyze the company's position against the defined objectives — share and share-trend analysis, portfolio and asset-position assessment, capability strengths and gaps, and performance versus market and benchmarks — producing evidenced results with assumptions and confidence stated.",,,ContextualInferredSibling
11,d7310c9acd37c893d7d6926645c715f425eb9dc8,REL-00521,CM-1-3-1-2-2,Define Analysis Objectives & Scope,precedes,Source & Collect Information,CM-1-3-1-2-1,Source & Collect Information,CM-1-3-1-2,Company Analysis,"Define each company-analysis cycle's objectives, questions, scope, and method with the consuming stakeholders — which businesses, markets, capabilities, and periods, answering which strategic questions — so self-analysis lands where strategy needs it.","Source and collect the data the company-analysis cycle needs — governed internal financial, volume, share, and capability data, and the external benchmarks to compare against — respecting the data owners' controls and organizing the data for analysis.",,,ContextualInferredSibling
12,d7310c9acd37c893d7d6926645c715f425eb9dc8,REL-00522,CM-1-3-1-2-2,Define Analysis Objectives & Scope,precedes,Analyze Data,CM-1-3-1-2-3,Analyze Data,CM-1-3-1-2,Company Analysis,"Define each company-analysis cycle's objectives, questions, scope, and method with the consuming stakeholders — which businesses, markets, capabilities, and periods, answering which strategic questions — so self-analysis lands where strategy needs it.","Analyze the company's position against the defined objectives — share and share-trend analysis, portfolio and asset-position assessment, capability strengths and gaps, and performance versus market and benchmarks — producing evidenced results with assumptions and confidence stated.",,,ContextualInferredSibling
13,d7310c9acd37c893d7d6926645c715f425eb9dc8,REL-00523,CM-1-3-1-2-2,Define Analysis Objectives & Scope,precedes,Document Findings,CM-1-3-1-2-4,Document Findings,CM-1-3-1-2,Company Analysis,"Define each company-analysis cycle's objectives, questions, scope, and method with the consuming stakeholders — which businesses, markets, capabilities, and periods, answering which strategic questions — so self-analysis lands where strategy needs it.","Document and distribute the company-analysis findings — governed records with evidence, assumptions, and confidence — to strategy, planning, and Marketing Insight and Metrics Stewardship, maintaining the findings library.",,,ContextualInferredSibling
14,d7310c9acd37c893d7d6926645c715f425eb9dc8,REL-00525,CM-1-3-1-2-3,Analyze Data,follows,Source & Collect Information,CM-1-3-1-2-1,Source & Collect Information,CM-1-3-1-2,Company Analysis,"Analyze the company's position against the defined objectives — share and share-trend analysis, portfolio and asset-position assessment, capability strengths and gaps, and performance versus market and benchmarks — producing evidenced results with assumptions and confidence stated.","Source and collect the data the company-analysis cycle needs — governed internal financial, volume, share, and capability data, and the external benchmarks to compare against — respecting the data owners' controls and organizing the data for analysis.",,,ContextualInferredSibling
15,d7310c9acd37c893d7d6926645c715f425eb9dc8,REL-00526,CM-1-3-1-2-3,Analyze Data,precedes,Document Findings,CM-1-3-1-2-4,Document Findings,CM-1-3-1-2,Company Analysis,"Analyze the company's position against the defined objectives — share and share-trend analysis, portfolio and asset-position assessment, capability strengths and gaps, and performance versus market and benchmarks — producing evidenced results with assumptions and confidence stated.","Document and distribute the company-analysis findings — governed records with evidence, assumptions, and confidence — to strategy, planning, and Marketing Insight and Metrics Stewardship, maintaining the findings library.",,,ContextualInferredSibling
16,d7310c9acd37c893d7d6926645c715f425eb9dc8,REL-00527,CM-1-3-1-2-4,Document Findings,follows,Analyze Data,CM-1-3-1-2-3,Analyze Data,CM-1-3-1-2,Company Analysis,"Document and distribute the company-analysis findings — governed records with evidence, assumptions, and confidence — to strategy, planning, and Marketing Insight and Metrics Stewardship, maintaining the findings library.","Analyze the company's position against the defined objectives — share and share-trend analysis, portfolio and asset-position assessment, capability strengths and gaps, and performance versus market and benchmarks — producing evidenced results with assumptions and confidence stated.",,,ContextualInferredSibling
17,d7310c9acd37c893d7d6926645c715f425eb9dc8,REL-00529,CM-1-3-1-3-1,Source & Collect Information,follows,Define Analysis Objectives & Scope,CM-1-3-1-3-2,Define Analysis Objectives & Scope,CM-1-3-1-3,Consumer Analysis,"Source and collect the consumer data the analysis cycle needs — research studies, panels, transaction and loyalty data, and demographic and market data — within consent, privacy, and licensing constraints, and organize it for analysis.","Define each consumer-analysis cycle's objectives, questions, scope, and method with the consuming stakeholders — which segments, behaviors, journeys, and markets, answering which proposition and experience questions — so consumer research answers real decisions.",,,ContextualInferredSibling
18,d7310c9acd37c893d7d6926645c715f425eb9dc8,REL-00530,CM-1-3-1-3-1,Source & Collect Information,precedes,Analyze Data,CM-1-3-1-3-3,Analyze Data,CM-1-3-1-3,Consumer Analysis,"Source and collect the consumer data the analysis cycle needs — research studies, panels, transaction and loyalty data, and demographic and market data — within consent, privacy, and licensing constraints, and organize it for analysis.","Analyze consumer data against the defined objectives — segmentation and segment dynamics, needs and preference analysis, behavior and journey analysis, and experience drivers — producing evidenced results with assumptions and confidence stated, within the privacy constraints the data carries.",,,ContextualInferredSibling
19,d7310c9acd37c893d7d6926645c715f425eb9dc8,REL-00532,CM-1-3-1-3-2,Define Analysis Objectives & Scope,precedes,Source & Collect Information,CM-1-3-1-3-1,Source & Collect Information,CM-1-3-1-3,Consumer Analysis,"Define each consumer-analysis cycle's objectives, questions, scope, and method with the consuming stakeholders — which segments, behaviors, journeys, and markets, answering which proposition and experience questions — so consumer research answers real decisions.","Source and collect the consumer data the analysis cycle needs — research studies, panels, transaction and loyalty data, and demographic and market data — within consent, privacy, and licensing constraints, and organize it for analysis.",,,ContextualInferredSibling
20,d7310c9acd37c893d7d6926645c715f425eb9dc8,REL-00533,CM-1-3-1-3-2,Define Analysis Objectives & Scope,precedes,Analyze Data,CM-1-3-1-3-3,Analyze Data,CM-1-3-1-3,Consumer Analysis,"Define each consumer-analysis cycle's objectives, questions, scope, and method with the consuming stakeholders — which segments, behaviors, journeys, and markets, answering which proposition and experience questions — so consumer research answers real decisions.","Analyze consumer data against the defined objectives — segmentation and segment dynamics, needs and preference analysis, behavior and journey analysis, and experience drivers — producing evidenced results with assumptions and confidence stated, within the privacy constraints the data carries.",,,ContextualInferredSibling
21,d7310c9acd37c893d7d6926645c715f425eb9dc8,REL-00534,CM-1-3-1-3-2,Define Analysis Objectives & Scope,precedes,Document Findings,CM-1-3-1-3-4,Document Findings,CM-1-3-1-3,Consumer Analysis,"Define each consumer-analysis cycle's objectives, questions, scope, and method with the consuming stakeholders — which segments, behaviors, journeys, and markets, answering which proposition and experience questions — so consumer research answers real decisions.","Document and distribute consumer-analysis findings — governed records with evidence, assumptions, and confidence, respecting the privacy classification of underlying data — to proposition, experience, and planning consumers and Marketing Insight and Metrics Stewardship, maintaining the findings library.",,,ContextualInferredSibling
22,d7310c9acd37c893d7d6926645c715f425eb9dc8,REL-00536,CM-1-3-1-3-3,Analyze Data,follows,Source & Collect Information,CM-1-3-1-3-1,Source & Collect Information,CM-1-3-1-3,Consumer Analysis,"Analyze consumer data against the defined objectives — segmentation and segment dynamics, needs and preference analysis, behavior and journey analysis, and experience drivers — producing evidenced results with assumptions and confidence stated, within the privacy constraints the data carries.","Source and collect the consumer data the analysis cycle needs — research studies, panels, transaction and loyalty data, and demographic and market data — within consent, privacy, and licensing constraints, and organize it for analysis.",,,ContextualInferredSibling
23,d7310c9acd37c893d7d6926645c715f425eb9dc8,REL-00537,CM-1-3-1-3-3,Analyze Data,precedes,Document Findings,CM-1-3-1-3-4,Document Findings,CM-1-3-1-3,Consumer Analysis,"Analyze consumer data against the defined objectives — segmentation and segment dynamics, needs and preference analysis, behavior and journey analysis, and experience drivers — producing evidenced results with assumptions and confidence stated, within the privacy constraints the data carries.","Document and distribute consumer-analysis findings — governed records with evidence, assumptions, and confidence, respecting the privacy classification of underlying data — to proposition, experience, and planning consumers and Marketing Insight and Metrics Stewardship, maintaining the findings library.",,,ContextualInferredSibling
24,d7310c9acd37c893d7d6926645c715f425eb9dc8,REL-00538,CM-1-3-1-3-4,Document Findings,follows,Analyze Data,CM-1-3-1-3-3,Analyze Data,CM-1-3-1-3,Consumer Analysis,"Document and distribute consumer-analysis findings — governed records with evidence, assumptions, and confidence, respecting the privacy classification of underlying data — to proposition, experience, and planning consumers and Marketing Insight and Metrics Stewardship, maintaining the findings library.","Analyze consumer data against the defined objectives — segmentation and segment dynamics, needs and preference analysis, behavior and journey analysis, and experience drivers — producing evidenced results with assumptions and confidence stated, within the privacy constraints the data carries.",,,ContextualInferredSibling
25,d7310c9acd37c893d7d6926645c715f425eb9dc8,REL-00540,CM-1-3-1-4-1,Source & Collect Information,follows,Define Analysis Objectives & Scope,CM-1-3-1-4-2,Define Analysis Objectives & Scope,CM-1-3-1-4,Customer And Marketer Analysis,"Source and collect customer and marketer data for the analysis cycle — volumes, margins, service and relationship records, marketer network data, and external context — under the applicable data controls, organized for analysis.","Define each customer-and-marketer analysis cycle's objectives, questions, scope, and method with the consuming stakeholders — which segments, channels, marketers, and periods, answering which proposition and channel questions.",,,ContextualInferredSibling
26,d7310c9acd37c893d7d6926645c715f425eb9dc8,REL-00541,CM-1-3-1-4-1,Source & Collect Information,precedes,Analyze Data,CM-1-3-1-4-3,Analyze Data,CM-1-3-1-4,Customer And Marketer Analysis,"Source and collect customer and marketer data for the analysis cycle — volumes, margins, service and relationship records, marketer network data, and external context — under the applicable data controls, organized for analysis.","Analyze customer and marketer data against the defined objectives — needs and segment analysis, channel and counterparty economics, performance and share-of-wallet, and relationship health — producing evidenced results with assumptions and confidence stated.",,,ContextualInferredSibling
27,d7310c9acd37c893d7d6926645c715f425eb9dc8,REL-00543,CM-1-3-1-4-2,Define Analysis Objectives & Scope,precedes,Source & Collect Information,CM-1-3-1-4-1,Source & Collect Information,CM-1-3-1-4,Customer And Marketer Analysis,"Define each customer-and-marketer analysis cycle's objectives, questions, scope, and method with the consuming stakeholders — which segments, channels, marketers, and periods, answering which proposition and channel questions.","Source and collect customer and marketer data for the analysis cycle — volumes, margins, service and relationship records, marketer network data, and external context — under the applicable data controls, organized for analysis.",,,ContextualInferredSibling
28,d7310c9acd37c893d7d6926645c715f425eb9dc8,REL-00544,CM-1-3-1-4-2,Define Analysis Objectives & Scope,precedes,Analyze Data,CM-1-3-1-4-3,Analyze Data,CM-1-3-1-4,Customer And Marketer Analysis,"Define each customer-and-marketer analysis cycle's objectives, questions, scope, and method with the consuming stakeholders — which segments, channels, marketers, and periods, answering which proposition and channel questions.","Analyze customer and marketer data against the defined objectives — needs and segment analysis, channel and counterparty economics, performance and share-of-wallet, and relationship health — producing evidenced results with assumptions and confidence stated.",,,ContextualInferredSibling
29,d7310c9acd37c893d7d6926645c715f425eb9dc8,REL-00545,CM-1-3-1-4-2,Define Analysis Objectives & Scope,precedes,Document Findings,CM-1-3-1-4-4,Document Findings,CM-1-3-1-4,Customer And Marketer Analysis,"Define each customer-and-marketer analysis cycle's objectives, questions, scope, and method with the consuming stakeholders — which segments, channels, marketers, and periods, answering which proposition and channel questions.","Document and distribute customer-and-marketer findings — governed records with evidence, assumptions, and confidence, handled per commercial-sensitivity classification — to proposition, channel, and sales consumers and Marketing Insight and Metrics Stewardship, maintaining the findings library.",,,ContextualInferredSibling
30,d7310c9acd37c893d7d6926645c715f425eb9dc8,REL-00547,CM-1-3-1-4-3,Analyze Data,follows,Source & Collect Information,CM-1-3-1-4-1,Source & Collect Information,CM-1-3-1-4,Customer And Marketer Analysis,"Analyze customer and marketer data against the defined objectives — needs and segment analysis, channel and counterparty economics, performance and share-of-wallet, and relationship health — producing evidenced results with assumptions and confidence stated.","Source and collect customer and marketer data for the analysis cycle — volumes, margins, service and relationship records, marketer network data, and external context — under the applicable data controls, organized for analysis.",,,ContextualInferredSibling
31,d7310c9acd37c893d7d6926645c715f425eb9dc8,REL-00548,CM-1-3-1-4-3,Analyze Data,precedes,Document Findings,CM-1-3-1-4-4,Document Findings,CM-1-3-1-4,Customer And Marketer Analysis,"Analyze customer and marketer data against the defined objectives — needs and segment analysis, channel and counterparty economics, performance and share-of-wallet, and relationship health — producing evidenced results with assumptions and confidence stated.","Document and distribute customer-and-marketer findings — governed records with evidence, assumptions, and confidence, handled per commercial-sensitivity classification — to proposition, channel, and sales consumers and Marketing Insight and Metrics Stewardship, maintaining the findings library.",,,ContextualInferredSibling
32,d7310c9acd37c893d7d6926645c715f425eb9dc8,REL-00550,CM-1-3-1-4-4,Document Findings,follows,Analyze Data,CM-1-3-1-4-3,Analyze Data,CM-1-3-1-4,Customer And Marketer Analysis,"Document and distribute customer-and-marketer findings — governed records with evidence, assumptions, and confidence, handled per commercial-sensitivity classification — to proposition, channel, and sales consumers and Marketing Insight and Metrics Stewardship, maintaining the findings library.","Analyze customer and marketer data against the defined objectives — needs and segment analysis, channel and counterparty economics, performance and share-of-wallet, and relationship health — producing evidenced results with assumptions and confidence stated.",,,ContextualInferredSibling
33,d7310c9acd37c893d7d6926645c715f425eb9dc8,REL-00552,CM-1-3-1-5-1,Source & Collect Information,follows,Define Analysis Objectives & Scope,CM-1-3-1-5-2,Define Analysis Objectives & Scope,CM-1-3-1-5,Competitor Analysis,"Source and collect competitor information from legitimate sources — public filings and disclosures, licensed market data, observable market conduct, and published network and pricing information — recording provenance, and never through anti-competitive exchange or illegitimate means.","Define each competitor-analysis cycle's objectives, questions, scope, and method with the consuming stakeholders — which competitors, markets, and dimensions, answering which strategic and response questions.",,,ContextualInferredSibling
34,d7310c9acd37c893d7d6926645c715f425eb9dc8,REL-00553,CM-1-3-1-5-1,Source & Collect Information,precedes,Analyze Data,CM-1-3-1-5-3,Analyze Data,CM-1-3-1-5,Competitor Analysis,"Source and collect competitor information from legitimate sources — public filings and disclosures, licensed market data, observable market conduct, and published network and pricing information — recording provenance, and never through anti-competitive exchange or illegitimate means.","Analyze competitor information against the defined objectives — position and share assessment, conduct and strategy inference, capability and economics estimation, and likely-response analysis — producing evidenced results that state what is known, inferred, and assumed.",,,ContextualInferredSibling
35,d7310c9acd37c893d7d6926645c715f425eb9dc8,REL-00555,CM-1-3-1-5-2,Define Analysis Objectives & Scope,precedes,Source & Collect Information,CM-1-3-1-5-1,Source & Collect Information,CM-1-3-1-5,Competitor Analysis,"Define each competitor-analysis cycle's objectives, questions, scope, and method with the consuming stakeholders — which competitors, markets, and dimensions, answering which strategic and response questions.","Source and collect competitor information from legitimate sources — public filings and disclosures, licensed market data, observable market conduct, and published network and pricing information — recording provenance, and never through anti-competitive exchange or illegitimate means.",,,ContextualInferredSibling
36,d7310c9acd37c893d7d6926645c715f425eb9dc8,REL-00556,CM-1-3-1-5-2,Define Analysis Objectives & Scope,precedes,Analyze Data,CM-1-3-1-5-3,Analyze Data,CM-1-3-1-5,Competitor Analysis,"Define each competitor-analysis cycle's objectives, questions, scope, and method with the consuming stakeholders — which competitors, markets, and dimensions, answering which strategic and response questions.","Analyze competitor information against the defined objectives — position and share assessment, conduct and strategy inference, capability and economics estimation, and likely-response analysis — producing evidenced results that state what is known, inferred, and assumed.",,,ContextualInferredSibling
37,d7310c9acd37c893d7d6926645c715f425eb9dc8,REL-00557,CM-1-3-1-5-2,Define Analysis Objectives & Scope,precedes,Document Findings,CM-1-3-1-5-4,Document Findings,CM-1-3-1-5,Competitor Analysis,"Define each competitor-analysis cycle's objectives, questions, scope, and method with the consuming stakeholders — which competitors, markets, and dimensions, answering which strategic and response questions.","Document and distribute competitor-analysis findings — governed records separating fact, inference, and assumption, handled per sensitivity classification — to strategy, planning, and pricing consumers and Marketing Insight and Metrics Stewardship, maintaining the findings library.",,,ContextualInferredSibling
38,d7310c9acd37c893d7d6926645c715f425eb9dc8,REL-00559,CM-1-3-1-5-3,Analyze Data,follows,Source & Collect Information,CM-1-3-1-5-1,Source & Collect Information,CM-1-3-1-5,Competitor Analysis,"Analyze competitor information against the defined objectives — position and share assessment, conduct and strategy inference, capability and economics estimation, and likely-response analysis — producing evidenced results that state what is known, inferred, and assumed.","Source and collect competitor information from legitimate sources — public filings and disclosures, licensed market data, observable market conduct, and published network and pricing information — recording provenance, and never through anti-competitive exchange or illegitimate means.",,,ContextualInferredSibling
39,d7310c9acd37c893d7d6926645c715f425eb9dc8,REL-00560,CM-1-3-1-5-3,Analyze Data,precedes,Document Findings,CM-1-3-1-5-4,Document Findings,CM-1-3-1-5,Competitor Analysis,"Analyze competitor information against the defined objectives — position and share assessment, conduct and strategy inference, capability and economics estimation, and likely-response analysis — producing evidenced results that state what is known, inferred, and assumed.","Document and distribute competitor-analysis findings — governed records separating fact, inference, and assumption, handled per sensitivity classification — to strategy, planning, and pricing consumers and Marketing Insight and Metrics Stewardship, maintaining the findings library.",,,ContextualInferredSibling
40,d7310c9acd37c893d7d6926645c715f425eb9dc8,REL-00561,CM-1-3-1-5-4,Document Findings,follows,Analyze Data,CM-1-3-1-5-3,Analyze Data,CM-1-3-1-5,Competitor Analysis,"Document and distribute competitor-analysis findings — governed records separating fact, inference, and assumption, handled per sensitivity classification — to strategy, planning, and pricing consumers and Marketing Insight and Metrics Stewardship, maintaining the findings library.","Analyze competitor information against the defined objectives — position and share assessment, conduct and strategy inference, capability and economics estimation, and likely-response analysis — producing evidenced results that state what is known, inferred, and assumed.",,,ContextualInferredSibling
41,d7310c9acd37c893d7d6926645c715f425eb9dc8,REL-01002,CM-1-3-8-1-1,Create and Distribute Bill,uses-input,Determine Taxability,CM-1-3-8-1-3,Determine Taxability,CM-1-3-8-1,Manage Customer Invoicing and Billing,"Create customer invoices from confirmed channel evidence and governed commercial data on the customer's billing cadence — per delivery, consolidated, statement, or cycle — and distribute them through the customer's channels in the formats and content the applicable requirements mandate.","Determine the taxes applicable to each billed transaction. Apply tax determination rules through effective-dated tax master data, transaction attributes, product tax classes, origin/destination or jurisdiction logic, customer tax status, exemption evidence, and other Tax-approved rules. Produce the tax lines the invoice carries, including federal and state fuel excise treatment where applicable.",,,ContextualInferredSibling
42,d7310c9acd37c893d7d6926645c715f425eb9dc8,REL-01061,CM-1-3-8-4-4,Reconcile And Report Indirect Tax,uses-input,Determine Taxability,CM-1-3-8-4-5,Determine Taxability,CM-1-3-8-4,"Manage Accounting, Regulatory Reporting and Compliance","Reconcile O2C indirect taxes each period and prepare their reporting: reconcile transaction tax lines and governed tax data to the amounts reportable and remittable by tax type and jurisdiction — excise, sales and use, VAT/GST as applicable — prepare returns and reports per the Tax function's direction, and support remittance through the authorized payment process.","Assess and prepare taxability-treatment recommendations for Tax approval, including new or changed product, channel, jurisdiction, exemption, and exception classes; evaluate reporting/remittance implications; and coordinate approved treatment changes into governed tax data and procedures.",,,ContextualInferredSibling
