#,source_slug,source_label,verb,raw_target,candidate_slug,candidate_label,shared_parent,sibling_evidence,source_definition_excerpt,candidate_definition_excerpt,decision (approve / remap-to / defer / reclassify),reviewer_rationale,resolution_pattern
1,CM-1-3-1-1-1,Source & Collect Information,follows,Define Analysis Objectives & Scope,CM-1-3-1-1-2,Define Analysis Objectives & Scope,source and candidate share parent CM-1-3-1-1 (same decomposition pattern),source and candidate share parent CM-1-3-1-1 (same decomposition pattern),"Source and collect the market data the market-analysis cycle needs — government statistics, licensed market data, industry publications, and internal sales and channel data — qualifying sources, respecting licensing terms, and organizing collected data for analysis.","Define each market-analysis cycle's objectives, questions, scope, and method with the consuming stakeholders — which markets, products, channels, and periods, answering which decisions — so analysis effort lands on the questions strategy and planning actually need answered.",approve,"Approved Local Analysis-Cycle Template: same local parent, approved four-stage analysis-cycle structure (Define Objectives and Scope -> Source and Collect Information -> Analyze Data -> Document Findings), raw target matches candidate preferred label, source/candidate definitions confirm the stage relationship, relationship verb consistent with the local lifecycle.",ApprovedLocalAnalysisCycle
2,CM-1-3-1-1-1,Source & Collect Information,precedes,Analyze Data,CM-1-3-1-1-3,Analyze Data,source and candidate share parent CM-1-3-1-1 (same decomposition pattern),source and candidate share parent CM-1-3-1-1 (same decomposition pattern),"Source and collect the market data the market-analysis cycle needs — government statistics, licensed market data, industry publications, and internal sales and channel data — qualifying sources, respecting licensing terms, and organizing collected data for analysis.","Analyze the collected market data against the defined objectives — market sizing, demand and supply balance, channel and margin structure, trend and scenario analysis — producing evidenced analytical results with their assumptions and confidence stated.",approve,"Approved Local Analysis-Cycle Template: same local parent, approved four-stage analysis-cycle structure (Define Objectives and Scope -> Source and Collect Information -> Analyze Data -> Document Findings), raw target matches candidate preferred label, source/candidate definitions confirm the stage relationship, relationship verb consistent with the local lifecycle.",ApprovedLocalAnalysisCycle
3,CM-1-3-1-1-2,Define Analysis Objectives & Scope,precedes,Source & Collect Information,CM-1-3-1-1-1,Source & Collect Information,source and candidate share parent CM-1-3-1-1 (same decomposition pattern),source and candidate share parent CM-1-3-1-1 (same decomposition pattern),"Define each market-analysis cycle's objectives, questions, scope, and method with the consuming stakeholders — which markets, products, channels, and periods, answering which decisions — so analysis effort lands on the questions strategy and planning actually need answered.","Source and collect the market data the market-analysis cycle needs — government statistics, licensed market data, industry publications, and internal sales and channel data — qualifying sources, respecting licensing terms, and organizing collected data for analysis.",approve,"Approved Local Analysis-Cycle Template: same local parent, approved four-stage analysis-cycle structure (Define Objectives and Scope -> Source and Collect Information -> Analyze Data -> Document Findings), raw target matches candidate preferred label, source/candidate definitions confirm the stage relationship, relationship verb consistent with the local lifecycle.",ApprovedLocalAnalysisCycle
4,CM-1-3-1-1-2,Define Analysis Objectives & Scope,precedes,Analyze Data,CM-1-3-1-1-3,Analyze Data,source and candidate share parent CM-1-3-1-1 (same decomposition pattern),source and candidate share parent CM-1-3-1-1 (same decomposition pattern),"Define each market-analysis cycle's objectives, questions, scope, and method with the consuming stakeholders — which markets, products, channels, and periods, answering which decisions — so analysis effort lands on the questions strategy and planning actually need answered.","Analyze the collected market data against the defined objectives — market sizing, demand and supply balance, channel and margin structure, trend and scenario analysis — producing evidenced analytical results with their assumptions and confidence stated.",approve,"Approved Local Analysis-Cycle Template: same local parent, approved four-stage analysis-cycle structure (Define Objectives and Scope -> Source and Collect Information -> Analyze Data -> Document Findings), raw target matches candidate preferred label, source/candidate definitions confirm the stage relationship, relationship verb consistent with the local lifecycle.",ApprovedLocalAnalysisCycle
5,CM-1-3-1-1-2,Define Analysis Objectives & Scope,precedes,Document Findings,CM-1-3-1-1-4,Document Findings,source and candidate share parent CM-1-3-1-1 (same decomposition pattern),source and candidate share parent CM-1-3-1-1 (same decomposition pattern),"Define each market-analysis cycle's objectives, questions, scope, and method with the consuming stakeholders — which markets, products, channels, and periods, answering which decisions — so analysis effort lands on the questions strategy and planning actually need answered.","Document and distribute the market-analysis findings — governed findings records with their evidence, assumptions, and confidence — to the consuming strategy, planning, and insight processes, maintaining the findings library so analysis is reusable and auditable.",approve,"Approved Local Analysis-Cycle Template: same local parent, approved four-stage analysis-cycle structure (Define Objectives and Scope -> Source and Collect Information -> Analyze Data -> Document Findings), raw target matches candidate preferred label, source/candidate definitions confirm the stage relationship, relationship verb consistent with the local lifecycle.",ApprovedLocalAnalysisCycle
6,CM-1-3-1-1-3,Analyze Data,follows,Source & Collect Information,CM-1-3-1-1-1,Source & Collect Information,source and candidate share parent CM-1-3-1-1 (same decomposition pattern),source and candidate share parent CM-1-3-1-1 (same decomposition pattern),"Analyze the collected market data against the defined objectives — market sizing, demand and supply balance, channel and margin structure, trend and scenario analysis — producing evidenced analytical results with their assumptions and confidence stated.","Source and collect the market data the market-analysis cycle needs — government statistics, licensed market data, industry publications, and internal sales and channel data — qualifying sources, respecting licensing terms, and organizing collected data for analysis.",approve,"Approved Local Analysis-Cycle Template: same local parent, approved four-stage analysis-cycle structure (Define Objectives and Scope -> Source and Collect Information -> Analyze Data -> Document Findings), raw target matches candidate preferred label, source/candidate definitions confirm the stage relationship, relationship verb consistent with the local lifecycle.",ApprovedLocalAnalysisCycle
7,CM-1-3-1-1-3,Analyze Data,precedes,Document Findings,CM-1-3-1-1-4,Document Findings,source and candidate share parent CM-1-3-1-1 (same decomposition pattern),source and candidate share parent CM-1-3-1-1 (same decomposition pattern),"Analyze the collected market data against the defined objectives — market sizing, demand and supply balance, channel and margin structure, trend and scenario analysis — producing evidenced analytical results with their assumptions and confidence stated.","Document and distribute the market-analysis findings — governed findings records with their evidence, assumptions, and confidence — to the consuming strategy, planning, and insight processes, maintaining the findings library so analysis is reusable and auditable.",approve,"Approved Local Analysis-Cycle Template: same local parent, approved four-stage analysis-cycle structure (Define Objectives and Scope -> Source and Collect Information -> Analyze Data -> Document Findings), raw target matches candidate preferred label, source/candidate definitions confirm the stage relationship, relationship verb consistent with the local lifecycle.",ApprovedLocalAnalysisCycle
8,CM-1-3-1-1-4,Document Findings,follows,Analyze Data,CM-1-3-1-1-3,Analyze Data,source and candidate share parent CM-1-3-1-1 (same decomposition pattern),source and candidate share parent CM-1-3-1-1 (same decomposition pattern),"Document and distribute the market-analysis findings — governed findings records with their evidence, assumptions, and confidence — to the consuming strategy, planning, and insight processes, maintaining the findings library so analysis is reusable and auditable.","Analyze the collected market data against the defined objectives — market sizing, demand and supply balance, channel and margin structure, trend and scenario analysis — producing evidenced analytical results with their assumptions and confidence stated.",approve,"Approved Local Analysis-Cycle Template: same local parent, approved four-stage analysis-cycle structure (Define Objectives and Scope -> Source and Collect Information -> Analyze Data -> Document Findings), raw target matches candidate preferred label, source/candidate definitions confirm the stage relationship, relationship verb consistent with the local lifecycle.",ApprovedLocalAnalysisCycle
9,CM-1-3-1-2-1,Source & Collect Information,follows,Define Analysis Objectives & Scope,CM-1-3-1-2-2,Define Analysis Objectives & Scope,source and candidate share parent CM-1-3-1-2 (same decomposition pattern),source and candidate share parent CM-1-3-1-2 (same decomposition pattern),"Source and collect the data the company-analysis cycle needs — governed internal financial, volume, share, and capability data, and the external benchmarks to compare against — respecting the data owners' controls and organizing the data for analysis.","Define each company-analysis cycle's objectives, questions, scope, and method with the consuming stakeholders — which businesses, markets, capabilities, and periods, answering which strategic questions — so self-analysis lands where strategy needs it.",approve,"Approved Local Analysis-Cycle Template: same local parent, approved four-stage analysis-cycle structure (Define Objectives and Scope -> Source and Collect Information -> Analyze Data -> Document Findings), raw target matches candidate preferred label, source/candidate definitions confirm the stage relationship, relationship verb consistent with the local lifecycle.",ApprovedLocalAnalysisCycle
10,CM-1-3-1-2-1,Source & Collect Information,precedes,Analyze Data,CM-1-3-1-2-3,Analyze Data,source and candidate share parent CM-1-3-1-2 (same decomposition pattern),source and candidate share parent CM-1-3-1-2 (same decomposition pattern),"Source and collect the data the company-analysis cycle needs — governed internal financial, volume, share, and capability data, and the external benchmarks to compare against — respecting the data owners' controls and organizing the data for analysis.","Analyze the company's position against the defined objectives — share and share-trend analysis, portfolio and asset-position assessment, capability strengths and gaps, and performance versus market and benchmarks — producing evidenced results with assumptions and confidence stated.",approve,"Approved Local Analysis-Cycle Template: same local parent, approved four-stage analysis-cycle structure (Define Objectives and Scope -> Source and Collect Information -> Analyze Data -> Document Findings), raw target matches candidate preferred label, source/candidate definitions confirm the stage relationship, relationship verb consistent with the local lifecycle.",ApprovedLocalAnalysisCycle
11,CM-1-3-1-2-2,Define Analysis Objectives & Scope,precedes,Source & Collect Information,CM-1-3-1-2-1,Source & Collect Information,source and candidate share parent CM-1-3-1-2 (same decomposition pattern),source and candidate share parent CM-1-3-1-2 (same decomposition pattern),"Define each company-analysis cycle's objectives, questions, scope, and method with the consuming stakeholders — which businesses, markets, capabilities, and periods, answering which strategic questions — so self-analysis lands where strategy needs it.","Source and collect the data the company-analysis cycle needs — governed internal financial, volume, share, and capability data, and the external benchmarks to compare against — respecting the data owners' controls and organizing the data for analysis.",approve,"Approved Local Analysis-Cycle Template: same local parent, approved four-stage analysis-cycle structure (Define Objectives and Scope -> Source and Collect Information -> Analyze Data -> Document Findings), raw target matches candidate preferred label, source/candidate definitions confirm the stage relationship, relationship verb consistent with the local lifecycle.",ApprovedLocalAnalysisCycle
12,CM-1-3-1-2-2,Define Analysis Objectives & Scope,precedes,Analyze Data,CM-1-3-1-2-3,Analyze Data,source and candidate share parent CM-1-3-1-2 (same decomposition pattern),source and candidate share parent CM-1-3-1-2 (same decomposition pattern),"Define each company-analysis cycle's objectives, questions, scope, and method with the consuming stakeholders — which businesses, markets, capabilities, and periods, answering which strategic questions — so self-analysis lands where strategy needs it.","Analyze the company's position against the defined objectives — share and share-trend analysis, portfolio and asset-position assessment, capability strengths and gaps, and performance versus market and benchmarks — producing evidenced results with assumptions and confidence stated.",approve,"Approved Local Analysis-Cycle Template: same local parent, approved four-stage analysis-cycle structure (Define Objectives and Scope -> Source and Collect Information -> Analyze Data -> Document Findings), raw target matches candidate preferred label, source/candidate definitions confirm the stage relationship, relationship verb consistent with the local lifecycle.",ApprovedLocalAnalysisCycle
13,CM-1-3-1-2-2,Define Analysis Objectives & Scope,precedes,Document Findings,CM-1-3-1-2-4,Document Findings,source and candidate share parent CM-1-3-1-2 (same decomposition pattern),source and candidate share parent CM-1-3-1-2 (same decomposition pattern),"Define each company-analysis cycle's objectives, questions, scope, and method with the consuming stakeholders — which businesses, markets, capabilities, and periods, answering which strategic questions — so self-analysis lands where strategy needs it.","Document and distribute the company-analysis findings — governed records with evidence, assumptions, and confidence — to strategy, planning, and Marketing Insight and Metrics Stewardship, maintaining the findings library.",approve,"Approved Local Analysis-Cycle Template: same local parent, approved four-stage analysis-cycle structure (Define Objectives and Scope -> Source and Collect Information -> Analyze Data -> Document Findings), raw target matches candidate preferred label, source/candidate definitions confirm the stage relationship, relationship verb consistent with the local lifecycle.",ApprovedLocalAnalysisCycle
14,CM-1-3-1-2-3,Analyze Data,follows,Source & Collect Information,CM-1-3-1-2-1,Source & Collect Information,source and candidate share parent CM-1-3-1-2 (same decomposition pattern),source and candidate share parent CM-1-3-1-2 (same decomposition pattern),"Analyze the company's position against the defined objectives — share and share-trend analysis, portfolio and asset-position assessment, capability strengths and gaps, and performance versus market and benchmarks — producing evidenced results with assumptions and confidence stated.","Source and collect the data the company-analysis cycle needs — governed internal financial, volume, share, and capability data, and the external benchmarks to compare against — respecting the data owners' controls and organizing the data for analysis.",approve,"Approved Local Analysis-Cycle Template: same local parent, approved four-stage analysis-cycle structure (Define Objectives and Scope -> Source and Collect Information -> Analyze Data -> Document Findings), raw target matches candidate preferred label, source/candidate definitions confirm the stage relationship, relationship verb consistent with the local lifecycle.",ApprovedLocalAnalysisCycle
15,CM-1-3-1-2-3,Analyze Data,precedes,Document Findings,CM-1-3-1-2-4,Document Findings,source and candidate share parent CM-1-3-1-2 (same decomposition pattern),source and candidate share parent CM-1-3-1-2 (same decomposition pattern),"Analyze the company's position against the defined objectives — share and share-trend analysis, portfolio and asset-position assessment, capability strengths and gaps, and performance versus market and benchmarks — producing evidenced results with assumptions and confidence stated.","Document and distribute the company-analysis findings — governed records with evidence, assumptions, and confidence — to strategy, planning, and Marketing Insight and Metrics Stewardship, maintaining the findings library.",approve,"Approved Local Analysis-Cycle Template: same local parent, approved four-stage analysis-cycle structure (Define Objectives and Scope -> Source and Collect Information -> Analyze Data -> Document Findings), raw target matches candidate preferred label, source/candidate definitions confirm the stage relationship, relationship verb consistent with the local lifecycle.",ApprovedLocalAnalysisCycle
16,CM-1-3-1-2-4,Document Findings,follows,Analyze Data,CM-1-3-1-2-3,Analyze Data,source and candidate share parent CM-1-3-1-2 (same decomposition pattern),source and candidate share parent CM-1-3-1-2 (same decomposition pattern),"Document and distribute the company-analysis findings — governed records with evidence, assumptions, and confidence — to strategy, planning, and Marketing Insight and Metrics Stewardship, maintaining the findings library.","Analyze the company's position against the defined objectives — share and share-trend analysis, portfolio and asset-position assessment, capability strengths and gaps, and performance versus market and benchmarks — producing evidenced results with assumptions and confidence stated.",approve,"Approved Local Analysis-Cycle Template: same local parent, approved four-stage analysis-cycle structure (Define Objectives and Scope -> Source and Collect Information -> Analyze Data -> Document Findings), raw target matches candidate preferred label, source/candidate definitions confirm the stage relationship, relationship verb consistent with the local lifecycle.",ApprovedLocalAnalysisCycle
17,CM-1-3-1-3-1,Source & Collect Information,follows,Define Analysis Objectives & Scope,CM-1-3-1-3-2,Define Analysis Objectives & Scope,source and candidate share parent CM-1-3-1-3 (same decomposition pattern),source and candidate share parent CM-1-3-1-3 (same decomposition pattern),"Source and collect the consumer data the analysis cycle needs — research studies, panels, transaction and loyalty data, and demographic and market data — within consent, privacy, and licensing constraints, and organize it for analysis.","Define each consumer-analysis cycle's objectives, questions, scope, and method with the consuming stakeholders — which segments, behaviors, journeys, and markets, answering which proposition and experience questions — so consumer research answers real decisions.",approve,"Approved Local Analysis-Cycle Template: same local parent, approved four-stage analysis-cycle structure (Define Objectives and Scope -> Source and Collect Information -> Analyze Data -> Document Findings), raw target matches candidate preferred label, source/candidate definitions confirm the stage relationship, relationship verb consistent with the local lifecycle.",ApprovedLocalAnalysisCycle
18,CM-1-3-1-3-1,Source & Collect Information,precedes,Analyze Data,CM-1-3-1-3-3,Analyze Data,source and candidate share parent CM-1-3-1-3 (same decomposition pattern),source and candidate share parent CM-1-3-1-3 (same decomposition pattern),"Source and collect the consumer data the analysis cycle needs — research studies, panels, transaction and loyalty data, and demographic and market data — within consent, privacy, and licensing constraints, and organize it for analysis.","Analyze consumer data against the defined objectives — segmentation and segment dynamics, needs and preference analysis, behavior and journey analysis, and experience drivers — producing evidenced results with assumptions and confidence stated, within the privacy constraints the data carries.",approve,"Approved Local Analysis-Cycle Template: same local parent, approved four-stage analysis-cycle structure (Define Objectives and Scope -> Source and Collect Information -> Analyze Data -> Document Findings), raw target matches candidate preferred label, source/candidate definitions confirm the stage relationship, relationship verb consistent with the local lifecycle.",ApprovedLocalAnalysisCycle
19,CM-1-3-1-3-2,Define Analysis Objectives & Scope,precedes,Source & Collect Information,CM-1-3-1-3-1,Source & Collect Information,source and candidate share parent CM-1-3-1-3 (same decomposition pattern),source and candidate share parent CM-1-3-1-3 (same decomposition pattern),"Define each consumer-analysis cycle's objectives, questions, scope, and method with the consuming stakeholders — which segments, behaviors, journeys, and markets, answering which proposition and experience questions — so consumer research answers real decisions.","Source and collect the consumer data the analysis cycle needs — research studies, panels, transaction and loyalty data, and demographic and market data — within consent, privacy, and licensing constraints, and organize it for analysis.",approve,"Approved Local Analysis-Cycle Template: same local parent, approved four-stage analysis-cycle structure (Define Objectives and Scope -> Source and Collect Information -> Analyze Data -> Document Findings), raw target matches candidate preferred label, source/candidate definitions confirm the stage relationship, relationship verb consistent with the local lifecycle.",ApprovedLocalAnalysisCycle
20,CM-1-3-1-3-2,Define Analysis Objectives & Scope,precedes,Analyze Data,CM-1-3-1-3-3,Analyze Data,source and candidate share parent CM-1-3-1-3 (same decomposition pattern),source and candidate share parent CM-1-3-1-3 (same decomposition pattern),"Define each consumer-analysis cycle's objectives, questions, scope, and method with the consuming stakeholders — which segments, behaviors, journeys, and markets, answering which proposition and experience questions — so consumer research answers real decisions.","Analyze consumer data against the defined objectives — segmentation and segment dynamics, needs and preference analysis, behavior and journey analysis, and experience drivers — producing evidenced results with assumptions and confidence stated, within the privacy constraints the data carries.",approve,"Approved Local Analysis-Cycle Template: same local parent, approved four-stage analysis-cycle structure (Define Objectives and Scope -> Source and Collect Information -> Analyze Data -> Document Findings), raw target matches candidate preferred label, source/candidate definitions confirm the stage relationship, relationship verb consistent with the local lifecycle.",ApprovedLocalAnalysisCycle
21,CM-1-3-1-3-2,Define Analysis Objectives & Scope,precedes,Document Findings,CM-1-3-1-3-4,Document Findings,source and candidate share parent CM-1-3-1-3 (same decomposition pattern),source and candidate share parent CM-1-3-1-3 (same decomposition pattern),"Define each consumer-analysis cycle's objectives, questions, scope, and method with the consuming stakeholders — which segments, behaviors, journeys, and markets, answering which proposition and experience questions — so consumer research answers real decisions.","Document and distribute consumer-analysis findings — governed records with evidence, assumptions, and confidence, respecting the privacy classification of underlying data — to proposition, experience, and planning consumers and Marketing Insight and Metrics Stewardship, maintaining the findings library.",approve,"Approved Local Analysis-Cycle Template: same local parent, approved four-stage analysis-cycle structure (Define Objectives and Scope -> Source and Collect Information -> Analyze Data -> Document Findings), raw target matches candidate preferred label, source/candidate definitions confirm the stage relationship, relationship verb consistent with the local lifecycle.",ApprovedLocalAnalysisCycle
22,CM-1-3-1-3-3,Analyze Data,follows,Source & Collect Information,CM-1-3-1-3-1,Source & Collect Information,source and candidate share parent CM-1-3-1-3 (same decomposition pattern),source and candidate share parent CM-1-3-1-3 (same decomposition pattern),"Analyze consumer data against the defined objectives — segmentation and segment dynamics, needs and preference analysis, behavior and journey analysis, and experience drivers — producing evidenced results with assumptions and confidence stated, within the privacy constraints the data carries.","Source and collect the consumer data the analysis cycle needs — research studies, panels, transaction and loyalty data, and demographic and market data — within consent, privacy, and licensing constraints, and organize it for analysis.",approve,"Approved Local Analysis-Cycle Template: same local parent, approved four-stage analysis-cycle structure (Define Objectives and Scope -> Source and Collect Information -> Analyze Data -> Document Findings), raw target matches candidate preferred label, source/candidate definitions confirm the stage relationship, relationship verb consistent with the local lifecycle.",ApprovedLocalAnalysisCycle
23,CM-1-3-1-3-3,Analyze Data,precedes,Document Findings,CM-1-3-1-3-4,Document Findings,source and candidate share parent CM-1-3-1-3 (same decomposition pattern),source and candidate share parent CM-1-3-1-3 (same decomposition pattern),"Analyze consumer data against the defined objectives — segmentation and segment dynamics, needs and preference analysis, behavior and journey analysis, and experience drivers — producing evidenced results with assumptions and confidence stated, within the privacy constraints the data carries.","Document and distribute consumer-analysis findings — governed records with evidence, assumptions, and confidence, respecting the privacy classification of underlying data — to proposition, experience, and planning consumers and Marketing Insight and Metrics Stewardship, maintaining the findings library.",approve,"Approved Local Analysis-Cycle Template: same local parent, approved four-stage analysis-cycle structure (Define Objectives and Scope -> Source and Collect Information -> Analyze Data -> Document Findings), raw target matches candidate preferred label, source/candidate definitions confirm the stage relationship, relationship verb consistent with the local lifecycle.",ApprovedLocalAnalysisCycle
24,CM-1-3-1-3-4,Document Findings,follows,Analyze Data,CM-1-3-1-3-3,Analyze Data,source and candidate share parent CM-1-3-1-3 (same decomposition pattern),source and candidate share parent CM-1-3-1-3 (same decomposition pattern),"Document and distribute consumer-analysis findings — governed records with evidence, assumptions, and confidence, respecting the privacy classification of underlying data — to proposition, experience, and planning consumers and Marketing Insight and Metrics Stewardship, maintaining the findings library.","Analyze consumer data against the defined objectives — segmentation and segment dynamics, needs and preference analysis, behavior and journey analysis, and experience drivers — producing evidenced results with assumptions and confidence stated, within the privacy constraints the data carries.",approve,"Approved Local Analysis-Cycle Template: same local parent, approved four-stage analysis-cycle structure (Define Objectives and Scope -> Source and Collect Information -> Analyze Data -> Document Findings), raw target matches candidate preferred label, source/candidate definitions confirm the stage relationship, relationship verb consistent with the local lifecycle.",ApprovedLocalAnalysisCycle
25,CM-1-3-1-4-1,Source & Collect Information,follows,Define Analysis Objectives & Scope,CM-1-3-1-4-2,Define Analysis Objectives & Scope,source and candidate share parent CM-1-3-1-4 (same decomposition pattern),source and candidate share parent CM-1-3-1-4 (same decomposition pattern),"Source and collect customer and marketer data for the analysis cycle — volumes, margins, service and relationship records, marketer network data, and external context — under the applicable data controls, organized for analysis.","Define each customer-and-marketer analysis cycle's objectives, questions, scope, and method with the consuming stakeholders — which segments, channels, marketers, and periods, answering which proposition and channel questions.",approve,"Approved Local Analysis-Cycle Template: same local parent, approved four-stage analysis-cycle structure (Define Objectives and Scope -> Source and Collect Information -> Analyze Data -> Document Findings), raw target matches candidate preferred label, source/candidate definitions confirm the stage relationship, relationship verb consistent with the local lifecycle.",ApprovedLocalAnalysisCycle
26,CM-1-3-1-4-1,Source & Collect Information,precedes,Analyze Data,CM-1-3-1-4-3,Analyze Data,source and candidate share parent CM-1-3-1-4 (same decomposition pattern),source and candidate share parent CM-1-3-1-4 (same decomposition pattern),"Source and collect customer and marketer data for the analysis cycle — volumes, margins, service and relationship records, marketer network data, and external context — under the applicable data controls, organized for analysis.","Analyze customer and marketer data against the defined objectives — needs and segment analysis, channel and counterparty economics, performance and share-of-wallet, and relationship health — producing evidenced results with assumptions and confidence stated.",approve,"Approved Local Analysis-Cycle Template: same local parent, approved four-stage analysis-cycle structure (Define Objectives and Scope -> Source and Collect Information -> Analyze Data -> Document Findings), raw target matches candidate preferred label, source/candidate definitions confirm the stage relationship, relationship verb consistent with the local lifecycle.",ApprovedLocalAnalysisCycle
27,CM-1-3-1-4-2,Define Analysis Objectives & Scope,precedes,Source & Collect Information,CM-1-3-1-4-1,Source & Collect Information,source and candidate share parent CM-1-3-1-4 (same decomposition pattern),source and candidate share parent CM-1-3-1-4 (same decomposition pattern),"Define each customer-and-marketer analysis cycle's objectives, questions, scope, and method with the consuming stakeholders — which segments, channels, marketers, and periods, answering which proposition and channel questions.","Source and collect customer and marketer data for the analysis cycle — volumes, margins, service and relationship records, marketer network data, and external context — under the applicable data controls, organized for analysis.",approve,"Approved Local Analysis-Cycle Template: same local parent, approved four-stage analysis-cycle structure (Define Objectives and Scope -> Source and Collect Information -> Analyze Data -> Document Findings), raw target matches candidate preferred label, source/candidate definitions confirm the stage relationship, relationship verb consistent with the local lifecycle.",ApprovedLocalAnalysisCycle
28,CM-1-3-1-4-2,Define Analysis Objectives & Scope,precedes,Analyze Data,CM-1-3-1-4-3,Analyze Data,source and candidate share parent CM-1-3-1-4 (same decomposition pattern),source and candidate share parent CM-1-3-1-4 (same decomposition pattern),"Define each customer-and-marketer analysis cycle's objectives, questions, scope, and method with the consuming stakeholders — which segments, channels, marketers, and periods, answering which proposition and channel questions.","Analyze customer and marketer data against the defined objectives — needs and segment analysis, channel and counterparty economics, performance and share-of-wallet, and relationship health — producing evidenced results with assumptions and confidence stated.",approve,"Approved Local Analysis-Cycle Template: same local parent, approved four-stage analysis-cycle structure (Define Objectives and Scope -> Source and Collect Information -> Analyze Data -> Document Findings), raw target matches candidate preferred label, source/candidate definitions confirm the stage relationship, relationship verb consistent with the local lifecycle.",ApprovedLocalAnalysisCycle
29,CM-1-3-1-4-2,Define Analysis Objectives & Scope,precedes,Document Findings,CM-1-3-1-4-4,Document Findings,source and candidate share parent CM-1-3-1-4 (same decomposition pattern),source and candidate share parent CM-1-3-1-4 (same decomposition pattern),"Define each customer-and-marketer analysis cycle's objectives, questions, scope, and method with the consuming stakeholders — which segments, channels, marketers, and periods, answering which proposition and channel questions.","Document and distribute customer-and-marketer findings — governed records with evidence, assumptions, and confidence, handled per commercial-sensitivity classification — to proposition, channel, and sales consumers and Marketing Insight and Metrics Stewardship, maintaining the findings library.",approve,"Approved Local Analysis-Cycle Template: same local parent, approved four-stage analysis-cycle structure (Define Objectives and Scope -> Source and Collect Information -> Analyze Data -> Document Findings), raw target matches candidate preferred label, source/candidate definitions confirm the stage relationship, relationship verb consistent with the local lifecycle.",ApprovedLocalAnalysisCycle
30,CM-1-3-1-4-3,Analyze Data,follows,Source & Collect Information,CM-1-3-1-4-1,Source & Collect Information,source and candidate share parent CM-1-3-1-4 (same decomposition pattern),source and candidate share parent CM-1-3-1-4 (same decomposition pattern),"Analyze customer and marketer data against the defined objectives — needs and segment analysis, channel and counterparty economics, performance and share-of-wallet, and relationship health — producing evidenced results with assumptions and confidence stated.","Source and collect customer and marketer data for the analysis cycle — volumes, margins, service and relationship records, marketer network data, and external context — under the applicable data controls, organized for analysis.",approve,"Approved Local Analysis-Cycle Template: same local parent, approved four-stage analysis-cycle structure (Define Objectives and Scope -> Source and Collect Information -> Analyze Data -> Document Findings), raw target matches candidate preferred label, source/candidate definitions confirm the stage relationship, relationship verb consistent with the local lifecycle.",ApprovedLocalAnalysisCycle
31,CM-1-3-1-4-3,Analyze Data,precedes,Document Findings,CM-1-3-1-4-4,Document Findings,source and candidate share parent CM-1-3-1-4 (same decomposition pattern),source and candidate share parent CM-1-3-1-4 (same decomposition pattern),"Analyze customer and marketer data against the defined objectives — needs and segment analysis, channel and counterparty economics, performance and share-of-wallet, and relationship health — producing evidenced results with assumptions and confidence stated.","Document and distribute customer-and-marketer findings — governed records with evidence, assumptions, and confidence, handled per commercial-sensitivity classification — to proposition, channel, and sales consumers and Marketing Insight and Metrics Stewardship, maintaining the findings library.",approve,"Approved Local Analysis-Cycle Template: same local parent, approved four-stage analysis-cycle structure (Define Objectives and Scope -> Source and Collect Information -> Analyze Data -> Document Findings), raw target matches candidate preferred label, source/candidate definitions confirm the stage relationship, relationship verb consistent with the local lifecycle.",ApprovedLocalAnalysisCycle
32,CM-1-3-1-4-4,Document Findings,follows,Analyze Data,CM-1-3-1-4-3,Analyze Data,source and candidate share parent CM-1-3-1-4 (same decomposition pattern),source and candidate share parent CM-1-3-1-4 (same decomposition pattern),"Document and distribute customer-and-marketer findings — governed records with evidence, assumptions, and confidence, handled per commercial-sensitivity classification — to proposition, channel, and sales consumers and Marketing Insight and Metrics Stewardship, maintaining the findings library.","Analyze customer and marketer data against the defined objectives — needs and segment analysis, channel and counterparty economics, performance and share-of-wallet, and relationship health — producing evidenced results with assumptions and confidence stated.",approve,"Approved Local Analysis-Cycle Template: same local parent, approved four-stage analysis-cycle structure (Define Objectives and Scope -> Source and Collect Information -> Analyze Data -> Document Findings), raw target matches candidate preferred label, source/candidate definitions confirm the stage relationship, relationship verb consistent with the local lifecycle.",ApprovedLocalAnalysisCycle
33,CM-1-3-1-5-1,Source & Collect Information,follows,Define Analysis Objectives & Scope,CM-1-3-1-5-2,Define Analysis Objectives & Scope,source and candidate share parent CM-1-3-1-5 (same decomposition pattern),source and candidate share parent CM-1-3-1-5 (same decomposition pattern),"Source and collect competitor information from legitimate sources — public filings and disclosures, licensed market data, observable market conduct, and published network and pricing information — recording provenance, and never through anti-competitive exchange or illegitimate means.","Define each competitor-analysis cycle's objectives, questions, scope, and method with the consuming stakeholders — which competitors, markets, and dimensions, answering which strategic and response questions.",approve,"Approved Local Analysis-Cycle Template: same local parent, approved four-stage analysis-cycle structure (Define Objectives and Scope -> Source and Collect Information -> Analyze Data -> Document Findings), raw target matches candidate preferred label, source/candidate definitions confirm the stage relationship, relationship verb consistent with the local lifecycle.",ApprovedLocalAnalysisCycle
34,CM-1-3-1-5-1,Source & Collect Information,precedes,Analyze Data,CM-1-3-1-5-3,Analyze Data,source and candidate share parent CM-1-3-1-5 (same decomposition pattern),source and candidate share parent CM-1-3-1-5 (same decomposition pattern),"Source and collect competitor information from legitimate sources — public filings and disclosures, licensed market data, observable market conduct, and published network and pricing information — recording provenance, and never through anti-competitive exchange or illegitimate means.","Analyze competitor information against the defined objectives — position and share assessment, conduct and strategy inference, capability and economics estimation, and likely-response analysis — producing evidenced results that state what is known, inferred, and assumed.",approve,"Approved Local Analysis-Cycle Template: same local parent, approved four-stage analysis-cycle structure (Define Objectives and Scope -> Source and Collect Information -> Analyze Data -> Document Findings), raw target matches candidate preferred label, source/candidate definitions confirm the stage relationship, relationship verb consistent with the local lifecycle.",ApprovedLocalAnalysisCycle
35,CM-1-3-1-5-2,Define Analysis Objectives & Scope,precedes,Source & Collect Information,CM-1-3-1-5-1,Source & Collect Information,source and candidate share parent CM-1-3-1-5 (same decomposition pattern),source and candidate share parent CM-1-3-1-5 (same decomposition pattern),"Define each competitor-analysis cycle's objectives, questions, scope, and method with the consuming stakeholders — which competitors, markets, and dimensions, answering which strategic and response questions.","Source and collect competitor information from legitimate sources — public filings and disclosures, licensed market data, observable market conduct, and published network and pricing information — recording provenance, and never through anti-competitive exchange or illegitimate means.",approve,"Approved Local Analysis-Cycle Template: same local parent, approved four-stage analysis-cycle structure (Define Objectives and Scope -> Source and Collect Information -> Analyze Data -> Document Findings), raw target matches candidate preferred label, source/candidate definitions confirm the stage relationship, relationship verb consistent with the local lifecycle.",ApprovedLocalAnalysisCycle
36,CM-1-3-1-5-2,Define Analysis Objectives & Scope,precedes,Analyze Data,CM-1-3-1-5-3,Analyze Data,source and candidate share parent CM-1-3-1-5 (same decomposition pattern),source and candidate share parent CM-1-3-1-5 (same decomposition pattern),"Define each competitor-analysis cycle's objectives, questions, scope, and method with the consuming stakeholders — which competitors, markets, and dimensions, answering which strategic and response questions.","Analyze competitor information against the defined objectives — position and share assessment, conduct and strategy inference, capability and economics estimation, and likely-response analysis — producing evidenced results that state what is known, inferred, and assumed.",approve,"Approved Local Analysis-Cycle Template: same local parent, approved four-stage analysis-cycle structure (Define Objectives and Scope -> Source and Collect Information -> Analyze Data -> Document Findings), raw target matches candidate preferred label, source/candidate definitions confirm the stage relationship, relationship verb consistent with the local lifecycle.",ApprovedLocalAnalysisCycle
37,CM-1-3-1-5-2,Define Analysis Objectives & Scope,precedes,Document Findings,CM-1-3-1-5-4,Document Findings,source and candidate share parent CM-1-3-1-5 (same decomposition pattern),source and candidate share parent CM-1-3-1-5 (same decomposition pattern),"Define each competitor-analysis cycle's objectives, questions, scope, and method with the consuming stakeholders — which competitors, markets, and dimensions, answering which strategic and response questions.","Document and distribute competitor-analysis findings — governed records separating fact, inference, and assumption, handled per sensitivity classification — to strategy, planning, and pricing consumers and Marketing Insight and Metrics Stewardship, maintaining the findings library.",approve,"Approved Local Analysis-Cycle Template: same local parent, approved four-stage analysis-cycle structure (Define Objectives and Scope -> Source and Collect Information -> Analyze Data -> Document Findings), raw target matches candidate preferred label, source/candidate definitions confirm the stage relationship, relationship verb consistent with the local lifecycle.",ApprovedLocalAnalysisCycle
38,CM-1-3-1-5-3,Analyze Data,follows,Source & Collect Information,CM-1-3-1-5-1,Source & Collect Information,source and candidate share parent CM-1-3-1-5 (same decomposition pattern),source and candidate share parent CM-1-3-1-5 (same decomposition pattern),"Analyze competitor information against the defined objectives — position and share assessment, conduct and strategy inference, capability and economics estimation, and likely-response analysis — producing evidenced results that state what is known, inferred, and assumed.","Source and collect competitor information from legitimate sources — public filings and disclosures, licensed market data, observable market conduct, and published network and pricing information — recording provenance, and never through anti-competitive exchange or illegitimate means.",approve,"Approved Local Analysis-Cycle Template: same local parent, approved four-stage analysis-cycle structure (Define Objectives and Scope -> Source and Collect Information -> Analyze Data -> Document Findings), raw target matches candidate preferred label, source/candidate definitions confirm the stage relationship, relationship verb consistent with the local lifecycle.",ApprovedLocalAnalysisCycle
39,CM-1-3-1-5-3,Analyze Data,precedes,Document Findings,CM-1-3-1-5-4,Document Findings,source and candidate share parent CM-1-3-1-5 (same decomposition pattern),source and candidate share parent CM-1-3-1-5 (same decomposition pattern),"Analyze competitor information against the defined objectives — position and share assessment, conduct and strategy inference, capability and economics estimation, and likely-response analysis — producing evidenced results that state what is known, inferred, and assumed.","Document and distribute competitor-analysis findings — governed records separating fact, inference, and assumption, handled per sensitivity classification — to strategy, planning, and pricing consumers and Marketing Insight and Metrics Stewardship, maintaining the findings library.",approve,"Approved Local Analysis-Cycle Template: same local parent, approved four-stage analysis-cycle structure (Define Objectives and Scope -> Source and Collect Information -> Analyze Data -> Document Findings), raw target matches candidate preferred label, source/candidate definitions confirm the stage relationship, relationship verb consistent with the local lifecycle.",ApprovedLocalAnalysisCycle
40,CM-1-3-1-5-4,Document Findings,follows,Analyze Data,CM-1-3-1-5-3,Analyze Data,source and candidate share parent CM-1-3-1-5 (same decomposition pattern),source and candidate share parent CM-1-3-1-5 (same decomposition pattern),"Document and distribute competitor-analysis findings — governed records separating fact, inference, and assumption, handled per sensitivity classification — to strategy, planning, and pricing consumers and Marketing Insight and Metrics Stewardship, maintaining the findings library.","Analyze competitor information against the defined objectives — position and share assessment, conduct and strategy inference, capability and economics estimation, and likely-response analysis — producing evidenced results that state what is known, inferred, and assumed.",approve,"Approved Local Analysis-Cycle Template: same local parent, approved four-stage analysis-cycle structure (Define Objectives and Scope -> Source and Collect Information -> Analyze Data -> Document Findings), raw target matches candidate preferred label, source/candidate definitions confirm the stage relationship, relationship verb consistent with the local lifecycle.",ApprovedLocalAnalysisCycle
41,CM-1-3-8-1-1,Create and Distribute Bill,uses-input,Determine Taxability,CM-1-3-8-1-3,Determine Taxability,source and candidate share parent CM-1-3-8-1 (same decomposition pattern),source and candidate share parent CM-1-3-8-1 (same decomposition pattern),"Create customer invoices from confirmed channel evidence and governed commercial data on the customer's billing cadence — per delivery, consolidated, statement, or cycle — and distribute them through the customer's channels in the formats and content the applicable requirements mandate.","Determine the taxes applicable to each billed transaction. Apply tax determination rules through effective-dated tax master data, transaction attributes, product tax classes, origin/destination or jurisdiction logic, customer tax status, exemption evidence, and other Tax-approved rules. Produce the tax lines the invoice carries, including federal and state fuel excise treatment where applicable.",approve,Invoice creation consumes transaction-level tax determination and tax-line output produced by the sibling billing process CM-1-3-8-1-3 Determine Taxability.,ApprovedSiblingTaxability
42,CM-1-3-8-4-4,Reconcile And Report Indirect Tax,uses-input,Determine Taxability,CM-1-3-8-4-5,Determine Taxability,source and candidate share parent CM-1-3-8-4 (same decomposition pattern),source and candidate share parent CM-1-3-8-4 (same decomposition pattern),"Reconcile O2C indirect taxes each period and prepare their reporting: reconcile transaction tax lines and governed tax data to the amounts reportable and remittable by tax type and jurisdiction — excise, sales and use, VAT/GST as applicable — prepare returns and reports per the Tax function's direction, and support remittance through the authorized payment process.","Assess and prepare taxability-treatment recommendations for Tax approval, including new or changed product, channel, jurisdiction, exemption, and exception classes; evaluate reporting/remittance implications; and coordinate approved treatment changes into governed tax data and procedures.",approve,"Indirect-tax reconciliation/reporting (CM-1-3-8-4-4) consumes period-end taxability-treatment recommendations, approved classifications, and reporting/remittance implications of CM-1-3-8-4-5 Determine Taxability. FUTURE WARNING: two distinct concepts retain the same preferred label 'Determine Taxability' (CM-1-3-8-1-3 vs CM-1-3-8-4-5); review in a future terminology/semantic-model refinement.",ApprovedSiblingTaxability
