concept_slug,current_prefLabel,label_kind,historical_label,ttl_altLabels_now,in_current_ttl_alias,collides_with_live_prefLabel,collides_with_live_altLabel,baseline_sha,proposed_disposition,searchable,scope_context,step3d_precedent,rationale,decision,reviewer_rationale,row_status
CM-1-1-1-1,Produce Demand Forecast,prior_name,Demand Forecasting,Product Demand Forecasting,no,CM-1-1-1,,6a155bc23ba3971ce430b774b4ddd6f4a933e380,MigrationOnly,no,generic/ambiguous label,intentionally excluded,Deliberately excluded: 'Demand Forecasting' remains the L3 umbrella (CM-1-1-1) prefLabel; restoring it on the L4 would recreate the Step 3d L3/L4 collision.,approve,"preserve historical traceability without restoring a generic, scope-limiting, collision-causing, case-only, or context-dependent label to active search.",carried-over-approved
CM-1-1-2-10,Allocate Crude and Feedstock,prior_name,Crude Allocation Decision,Crude & Feedstock Allocation,no,,,6a155bc23ba3971ce430b774b4ddd6f4a933e380,AddAsAltLabel,yes,prior name,retained,"validator-clean prior name; no live collision; Step 3d renamed verb-first, prior form is a safe search synonym. [validator-clean]",Approved,Approved as AddAsAltLabel — Hamid 2026-09-25.,decided
CM-1-1-2-11,Allocate Finished Products,prior_name,Product Allocation Decision,Finished Product Allocation,no,,,6a155bc23ba3971ce430b774b4ddd6f4a933e380,AddAsAltLabel,yes,prior name,retained,validator-clean prior name; no live collision; safe search synonym for the renamed concept. [validator-clean],Approved,Approved as AddAsAltLabel — Hamid 2026-09-25.,decided
CM-1-1-3-6-2,Administer Scheduled Shipment Loading,prior_name,Loading Shipment,Load Administration,no,,,6a155bc23ba3971ce430b774b4ddd6f4a933e380,AddAsAltLabel,yes,general historical alias,retained,Validator: no normalized collision with live prefLabels/altLabels; safe to emit as skos:altLabel.,approve,validator-clean: no collision with live prefLabels/altLabels; no Step 3d exclusion contradicted.,carried-over-approved
CM-1-1-3-7,Inventory Management,prior_name,Inventory,Inventory,yes,,,6a155bc23ba3971ce430b774b4ddd6f4a933e380,RetainAsAltLabel,yes,general historical alias,retained,Already emitted as skos:altLabel; no action.,approve,"already emitted, unique, historically useful; does not recreate a resolved collision.",carried-over-approved
CM-1-1-3-7-12,Monitor and Control Inventory Positions,prior_name,Manage Inventory,Inventory Position Management,no,,,6a155bc23ba3971ce430b774b4ddd6f4a933e380,AddAsAltLabel,yes,general historical alias,retained,Validator: no normalized collision with live prefLabels/altLabels; safe to emit as skos:altLabel.,approve,validator-clean: no collision with live prefLabels/altLabels; no Step 3d exclusion contradicted.,carried-over-approved
CM-1-1-3-8-3,Maintain Secondary Distribution Scheduling Basis,prior_name,Setup Scheduling System,Setup Scheduling System,yes,,,6a155bc23ba3971ce430b774b4ddd6f4a933e380,RetainAsAltLabel,yes,general historical alias,retained,Already emitted as skos:altLabel; no action.,approve,"already emitted, unique, historically useful; does not recreate a resolved collision.",carried-over-approved
CM-1-1-4,Refinery Planning and Optimization,prior_name,Refinery Planning,,no,,,6a155bc23ba3971ce430b774b4ddd6f4a933e380,MigrationOnly,no,prior name,intentionally excluded,R1 recorded 'Refinery Planning' as migration-only; bare form implies the pre-R1 scope. [validator-clean],Approved,Hamid 2026-09-24: approved MigrationOnly — former labels are prefixes/subsets of the more precise current labels; do not add as aliases (would blur plan-vs-optimization and scheduling-vs-production-planning scope).,NEW-needs-review
CM-1-1-4-6-3,Coordinate Site Business Risk Management,prior_name,Manage Site Specific Business Risk,Manage Site Specific Business Risk,yes,,,6a155bc23ba3971ce430b774b4ddd6f4a933e380,RetainAsAltLabel,yes,general historical alias,retained,Already emitted as skos:altLabel; no action.,approve,"already emitted, unique, historically useful; does not recreate a resolved collision.",carried-over-approved
CM-1-1-7,Refinery Production Planning and Scheduling,prior_name,Refinery Scheduling,,no,,,6a155bc23ba3971ce430b774b4ddd6f4a933e380,MigrationOnly,no,prior name,intentionally excluded,R1 recorded 'Refinery Scheduling' as migration-only; bare form implies the pre-R1 scope. [validator-clean],Approved,Hamid 2026-09-24: approved MigrationOnly — former labels are prefixes/subsets of the more precise current labels; do not add as aliases (would blur plan-vs-optimization and scheduling-vs-production-planning scope).,NEW-needs-review
CM-1-1-7-3-3,Manage and Support Emissions Trading,prior_name,Manage and Support Emission Trading,Emissions Allowance Position Management,no,,,6a155bc23ba3971ce430b774b4ddd6f4a933e380,AddAsAltLabel,yes,general historical alias,retained,Validator: no normalized collision with live prefLabels/altLabels; safe to emit as skos:altLabel.,approve,validator-clean: no collision with live prefLabels/altLabels; no Step 3d exclusion contradicted.,carried-over-approved
CM-1-2-2-3-9,Perform Position & P&L Analysis,prior_name,Perform Position & PNL Analysis,P&L Attribution,no,,,6a155bc23ba3971ce430b774b4ddd6f4a933e380,MigrationOnly,no,case-only predecessor,formatting-only,PNL vs P&L is a technical/business notation decision; remains migration-only unless separately approved as an intentional search synonym.,approve,"preserve historical traceability without restoring a generic, scope-limiting, collision-causing, case-only, or context-dependent label to active search.",carried-over-approved
CM-1-2-4-1-8,Settle Environmental Instruments,prior_name,Settle Emissions,Settle Emissions,yes,,,6a155bc23ba3971ce430b774b4ddd6f4a933e380,RetainAsAltLabel,yes,general historical alias,retained,Already emitted as skos:altLabel; no action.,approve,"already emitted, unique, historically useful; does not recreate a resolved collision.",carried-over-approved
CM-1-2-4-2-12,Maintain Trading Accounting Procedures and Guidance,prior_name,Develop Accounting Policies & Procedures,Develop Accounting Policies & Procedures,yes,,,6a155bc23ba3971ce430b774b4ddd6f4a933e380,RetainAsAltLabel,yes,general historical alias,retained,Already emitted as skos:altLabel; no action.,approve,"already emitted, unique, historically useful; does not recreate a resolved collision.",carried-over-approved
CM-1-2-4-2-2,Manage Production & Inventory Accounting,prior_name,Manage Production Accounting,Manage Production Accounting,yes,,,6a155bc23ba3971ce430b774b4ddd6f4a933e380,RetainAsAltLabel,yes,general historical alias,retained,Already emitted as skos:altLabel; no action.,approve,"already emitted, unique, historically useful; does not recreate a resolved collision.",carried-over-approved
CM-1-2-4-2-6,Reconcile Economic PNL to Accounting PNL,prior_name,Reconcile Economic PNL To Accounting PNL,,no,,,6a155bc23ba3971ce430b774b4ddd6f4a933e380,MigrationOnly,no,prior name,formatting-only,case-only predecessor ('To' vs 'to'); must not become an active alias. [validator-clean],Approved,Approved as MigrationOnly — Hamid 2026-09-25.,decided
CM-1-2-4-2-7,Manage Financial Information Documentation and Reporting,prior_name,Manage Financial Info. Documentation & Reporting,Manage Financial Info. Documentation & Reporting,yes,,,6a155bc23ba3971ce430b774b4ddd6f4a933e380,RetainAsAltLabel,yes,general historical alias,retained,Already emitted as skos:altLabel; no action.,approve,"already emitted, unique, historically useful; does not recreate a resolved collision.",carried-over-approved
CM-1-2-4-4-2,Create Outbound Delay Compensation Claim,prior_name,Create Claim,Create Claim,yes,,,6a155bc23ba3971ce430b774b4ddd6f4a933e380,RetainAsAltLabel,yes,general historical alias,retained,Already emitted as skos:altLabel; no action.,approve,"already emitted, unique, historically useful; does not recreate a resolved collision.",carried-over-approved
CM-1-2-4-4-3,Receive Inbound Delay Compensation Claim,prior_name,Receive Demurrage Claim,Receive Demurrage Claim,yes,,,6a155bc23ba3971ce430b774b4ddd6f4a933e380,RetainAsAltLabel,yes,general historical alias,retained,Already emitted as skos:altLabel; no action.,approve,"already emitted, unique, historically useful; does not recreate a resolved collision.",carried-over-approved
CM-1-2-4-4-4,Assess Inbound Claim,prior_name,Assess Claim,Assess Claim,yes,,,6a155bc23ba3971ce430b774b4ddd6f4a933e380,RetainAsAltLabel,yes,general historical alias,retained,Already emitted as skos:altLabel; no action.,approve,"already emitted, unique, historically useful; does not recreate a resolved collision.",carried-over-approved
CM-1-2-4-4-5,Negotiate Outbound Claim,prior_name,Communicate and Negotiate Claim,Communicate and Negotiate Claim,yes,,,6a155bc23ba3971ce430b774b4ddd6f4a933e380,RetainAsAltLabel,yes,general historical alias,retained,Already emitted as skos:altLabel; no action.,approve,"already emitted, unique, historically useful; does not recreate a resolved collision.",carried-over-approved
CM-1-2-4-4-6,Validate and Negotiate Inbound Claim,prior_name,Validate and Negotiate Claim,Validate and Negotiate Claim,yes,,,6a155bc23ba3971ce430b774b4ddd6f4a933e380,RetainAsAltLabel,yes,general historical alias,retained,Already emitted as skos:altLabel; no action.,approve,"already emitted, unique, historically useful; does not recreate a resolved collision.",carried-over-approved
CM-1-2-4-4-7,Invoice Agreed Outbound Claim,prior_name,Send Claim Invoice,Send Claim Invoice,yes,,,6a155bc23ba3971ce430b774b4ddd6f4a933e380,RetainAsAltLabel,yes,general historical alias,retained,Already emitted as skos:altLabel; no action.,approve,"already emitted, unique, historically useful; does not recreate a resolved collision.",carried-over-approved
CM-1-2-4-4-8,Process Invoice for Agreed Inbound Claim,prior_name,Receive Claim Invoice,Receive Claim Invoice,yes,,,6a155bc23ba3971ce430b774b4ddd6f4a933e380,RetainAsAltLabel,yes,general historical alias,retained,Already emitted as skos:altLabel; no action.,approve,"already emitted, unique, historically useful; does not recreate a resolved collision.",carried-over-approved
CM-1-2-5-1-1,Manage Feedstock Data Quality,prior_name,Manage feedstock Data Quality,,no,,,6a155bc23ba3971ce430b774b4ddd6f4a933e380,MigrationOnly,no,case-only predecessor,formatting-only,Case-only variant of the current prefLabel; Q10: case/punctuation-only names do not become ontology aliases.,approve,"preserve historical traceability without restoring a generic, scope-limiting, collision-causing, case-only, or context-dependent label to active search.",carried-over-approved
CM-1-2-5-2-3,Recommend Feedstock Slate And Run Rate,prior_name,Plan Optimal Feedstock Slate And Run Rate,Plan Optimal Feedstock Slate And Run Rate,yes,,,6a155bc23ba3971ce430b774b4ddd6f4a933e380,RetainAsAltLabel,yes,general historical alias,retained,Already emitted as skos:altLabel; no action.,approve,"already emitted, unique, historically useful; does not recreate a resolved collision.",carried-over-approved
CM-1-2-6-1,Supply Network Participation Analysis,prior_name,Network Management,Network Management,yes,,,6a155bc23ba3971ce430b774b4ddd6f4a933e380,RetainAsAltLabel,yes,general historical alias,retained,Already emitted as skos:altLabel; no action.,approve,"already emitted, unique, historically useful; does not recreate a resolved collision.",carried-over-approved
CM-1-2-6-2-3,Forecast Operational Refined Product Demand,prior_name,Forecast Refined Product Demand,Forecast Refined Product Demand,yes,,,6a155bc23ba3971ce430b774b4ddd6f4a933e380,RetainAsAltLabel,yes,general historical alias,retained,Already emitted as skos:altLabel; no action.,approve,"already emitted, unique, historically useful; does not recreate a resolved collision.",carried-over-approved
CM-1-2-6-3-1,Coordinate S&T Source-Point Supply Operations,prior_name,Manage Primary Distribution Operations,Manage Primary Distribution Operations,yes,,,6a155bc23ba3971ce430b774b4ddd6f4a933e380,RetainAsAltLabel,yes,general historical alias,retained,Already emitted as skos:altLabel; no action.,approve,"already emitted, unique, historically useful; does not recreate a resolved collision.",carried-over-approved
CM-1-2-6-3-2,Fulfill Replenishment From Trading Sources,prior_name,Manage Replenishment,Manage Replenishment,yes,,,6a155bc23ba3971ce430b774b4ddd6f4a933e380,RetainAsAltLabel,yes,general historical alias,retained,Already emitted as skos:altLabel; no action.,approve,"already emitted, unique, historically useful; does not recreate a resolved collision.",carried-over-approved
CM-1-2-6-3-3,Coordinate S&T-Sourced Primary Transportation,prior_name,Manage Primary Distribution Transportation,Manage Primary Distribution Transportation,yes,,,6a155bc23ba3971ce430b774b4ddd6f4a933e380,RetainAsAltLabel,yes,general historical alias,retained,Already emitted as skos:altLabel; no action.,approve,"already emitted, unique, historically useful; does not recreate a resolved collision.",carried-over-approved
CM-1-3-1-6,Marketing Insight and Metrics Stewardship,prior_name,Insight and Metrics,Insight and Metrics,yes,,,6a155bc23ba3971ce430b774b4ddd6f4a933e380,RetainAsAltLabel,yes,general historical alias,retained,Already emitted as skos:altLabel; no action.,approve,"already emitted, unique, historically useful; does not recreate a resolved collision.",carried-over-approved
CM-1-3-10-1,Set Up and Maintain Terminal Customer Authorization,prior_name,Setup and Maintain Customer In Terminal,Setup and Maintain Customer In Terminal,yes,,,6a155bc23ba3971ce430b774b4ddd6f4a933e380,RetainAsAltLabel,yes,general historical alias,retained,Already emitted as skos:altLabel; no action.,approve,"already emitted, unique, historically useful; does not recreate a resolved collision.",carried-over-approved
CM-1-3-10-2,Process Customer Lifting Forecasts and Nominations,prior_name,Process Forecast and Nominations,Process Forecast and Nominations,yes,,,6a155bc23ba3971ce430b774b4ddd6f4a933e380,RetainAsAltLabel,yes,general historical alias,retained,Already emitted as skos:altLabel; no action.,approve,"already emitted, unique, historically useful; does not recreate a resolved collision.",carried-over-approved
CM-1-3-10-3,Manage Terminal Lifting Allocation,prior_name,Manage Allocation,Manage Allocation,yes,,,6a155bc23ba3971ce430b774b4ddd6f4a933e380,RetainAsAltLabel,yes,general historical alias,retained,Already emitted as skos:altLabel; no action.,approve,"already emitted, unique, historically useful; does not recreate a resolved collision.",carried-over-approved
CM-1-3-10-4,Capture Terminal Sales Deal,prior_name,Capture Deal,Capture Deal,yes,,,6a155bc23ba3971ce430b774b4ddd6f4a933e380,RetainAsAltLabel,yes,general historical alias,retained,Already emitted as skos:altLabel; no action.,approve,"already emitted, unique, historically useful; does not recreate a resolved collision.",carried-over-approved
CM-1-3-2-1-1,Formulate and Evaluate Strategic Operating Alternatives,prior_name,Formulate and Evaluate Strategic Operating Alternative,Formulate and Evaluate Strategic Operating Alternative,yes,,,6a155bc23ba3971ce430b774b4ddd6f4a933e380,RetainAsAltLabel,yes,general historical alias,retained,Already emitted as skos:altLabel; no action.,approve,"already emitted, unique, historically useful; does not recreate a resolved collision.",carried-over-approved
CM-1-3-2-3-1,Test Consumer Value Proposition,prior_name,Test Customer value proposition,Test Customer value proposition,yes,CM-1-3-2-2-1,,6a155bc23ba3971ce430b774b4ddd6f4a933e380,RetainAsAltLabel,yes,general historical alias,retained,Already emitted as skos:altLabel; no action.,approve,"already emitted, unique, historically useful; does not recreate a resolved collision.",carried-over-approved
CM-1-3-2-3-2,Formulate and Evaluate Consumer Value Proposition Alternatives,prior_name,Formulate and Evaluate Strategic Operating Alternatives (CVP),Formulate and Evaluate Strategic Operating Alternatives (CVP),yes,CM-1-3-2-2-2,,6a155bc23ba3971ce430b774b4ddd6f4a933e380,RetainAsAltLabel,yes,general historical alias,retained,Already emitted as skos:altLabel; no action.,approve,"already emitted, unique, historically useful; does not recreate a resolved collision.",carried-over-approved
CM-1-3-2-3-3,Establish Consumer Value Proposition Principles and Objectives,prior_name,Establish CVP principles and objectives,Establish CVP principles and objectives,yes,CM-1-3-2-2-3,,6a155bc23ba3971ce430b774b4ddd6f4a933e380,RetainAsAltLabel,yes,general historical alias,retained,Already emitted as skos:altLabel; no action.,approve,"already emitted, unique, historically useful; does not recreate a resolved collision.",carried-over-approved
CM-1-3-2-3-4,Develop and Update Consumer Value Proposition Strategy,prior_name,Develop/Update Strategy (CVP),Develop/Update Strategy (CVP),yes,CM-1-3-2-2-4,,6a155bc23ba3971ce430b774b4ddd6f4a933e380,RetainAsAltLabel,yes,general historical alias,retained,Already emitted as skos:altLabel; no action.,approve,"already emitted, unique, historically useful; does not recreate a resolved collision.",carried-over-approved
CM-1-3-3-1-4,Define Offer Measurement Framework,prior_name,Define KPI Framework,,no,,,6a155bc23ba3971ce430b774b4ddd6f4a933e380,RetireAsAmbiguous,no,generic/ambiguous label,retired collision,Bare 'Define KPI Framework' was shared by 6 concepts; restoring it would recreate the collision Step 3d resolved.,approve,shared six-way historical label; restoration would recreate the collision and false KPI-governance implication resolved in Step 3d.,carried-over-approved
CM-1-3-3-1-4,Define Offer Measurement Framework,scoped_historical_alias,Define KPI Framework (Offer),,no,,,6a155bc23ba3971ce430b774b4ddd6f4a933e380,MigrationOnly,no,scoped migration alias,scoped historical only,"Scoped alias is a migration/audit convention, not a general business synonym (Q10); do not flatten into skos:altLabel. Retained in identity map + core:priorPreferredLabel.",approve,"preserve historical traceability without restoring a generic, scope-limiting, collision-causing, case-only, or context-dependent label to active search.",carried-over-approved
CM-1-3-3-2-5,Define Pricing Measurement Framework,prior_name,Define KPI Framework,,no,,,6a155bc23ba3971ce430b774b4ddd6f4a933e380,RetireAsAmbiguous,no,generic/ambiguous label,retired collision,Bare 'Define KPI Framework' was shared by 6 concepts; restoring it would recreate the collision Step 3d resolved.,approve,shared six-way historical label; restoration would recreate the collision and false KPI-governance implication resolved in Step 3d.,carried-over-approved
CM-1-3-3-2-5,Define Pricing Measurement Framework,scoped_historical_alias,Define KPI Framework (Pricing),,no,,,6a155bc23ba3971ce430b774b4ddd6f4a933e380,MigrationOnly,no,scoped migration alias,scoped historical only,"Scoped alias is a migration/audit convention, not a general business synonym (Q10); do not flatten into skos:altLabel. Retained in identity map + core:priorPreferredLabel.",approve,"preserve historical traceability without restoring a generic, scope-limiting, collision-causing, case-only, or context-dependent label to active search.",carried-over-approved
CM-1-3-3-3-5,Define Channel Measurement Framework,prior_name,Define KPI Framework,,no,,,6a155bc23ba3971ce430b774b4ddd6f4a933e380,RetireAsAmbiguous,no,generic/ambiguous label,retired collision,Bare 'Define KPI Framework' was shared by 6 concepts; restoring it would recreate the collision Step 3d resolved.,approve,shared six-way historical label; restoration would recreate the collision and false KPI-governance implication resolved in Step 3d.,carried-over-approved
CM-1-3-3-3-5,Define Channel Measurement Framework,scoped_historical_alias,Define KPI Framework (Channel),,no,,,6a155bc23ba3971ce430b774b4ddd6f4a933e380,MigrationOnly,no,scoped migration alias,scoped historical only,"Scoped alias is a migration/audit convention, not a general business synonym (Q10); do not flatten into skos:altLabel. Retained in identity map + core:priorPreferredLabel.",approve,"preserve historical traceability without restoring a generic, scope-limiting, collision-causing, case-only, or context-dependent label to active search.",carried-over-approved
CM-1-3-3-4-4,Define Network Measurement Framework,prior_name,Define KPI Framework,,no,,,6a155bc23ba3971ce430b774b4ddd6f4a933e380,RetireAsAmbiguous,no,generic/ambiguous label,retired collision,Bare 'Define KPI Framework' was shared by 6 concepts; restoring it would recreate the collision Step 3d resolved.,approve,shared six-way historical label; restoration would recreate the collision and false KPI-governance implication resolved in Step 3d.,carried-over-approved
CM-1-3-3-4-4,Define Network Measurement Framework,scoped_historical_alias,Define KPI Framework (Network),,no,,,6a155bc23ba3971ce430b774b4ddd6f4a933e380,MigrationOnly,no,scoped migration alias,scoped historical only,"Scoped alias is a migration/audit convention, not a general business synonym (Q10); do not flatten into skos:altLabel. Retained in identity map + core:priorPreferredLabel.",approve,"preserve historical traceability without restoring a generic, scope-limiting, collision-causing, case-only, or context-dependent label to active search.",carried-over-approved
CM-1-3-3-5-7,Define Marketing Communications Measurement Framework,prior_name,Define KPI Framework,,no,,,6a155bc23ba3971ce430b774b4ddd6f4a933e380,RetireAsAmbiguous,no,generic/ambiguous label,retired collision,Bare 'Define KPI Framework' was shared by 6 concepts; restoring it would recreate the collision Step 3d resolved.,approve,shared six-way historical label; restoration would recreate the collision and false KPI-governance implication resolved in Step 3d.,carried-over-approved
CM-1-3-3-5-7,Define Marketing Communications Measurement Framework,scoped_historical_alias,Define KPI Framework (Marketing Communications),,no,,,6a155bc23ba3971ce430b774b4ddd6f4a933e380,MigrationOnly,no,scoped migration alias,scoped historical only,"Scoped alias is a migration/audit convention, not a general business synonym (Q10); do not flatten into skos:altLabel. Retained in identity map + core:priorPreferredLabel.",approve,"preserve historical traceability without restoring a generic, scope-limiting, collision-causing, case-only, or context-dependent label to active search.",carried-over-approved
CM-1-3-3-6-5,Define Operating Model Measurement Framework,prior_name,Define KPI Framework,,no,,,6a155bc23ba3971ce430b774b4ddd6f4a933e380,RetireAsAmbiguous,no,generic/ambiguous label,retired collision,Bare 'Define KPI Framework' was shared by 6 concepts; restoring it would recreate the collision Step 3d resolved.,approve,shared six-way historical label; restoration would recreate the collision and false KPI-governance implication resolved in Step 3d.,carried-over-approved
CM-1-3-3-6-5,Define Operating Model Measurement Framework,scoped_historical_alias,Define KPI Framework (Operating Model),,no,,,6a155bc23ba3971ce430b774b4ddd6f4a933e380,MigrationOnly,no,scoped migration alias,scoped historical only,"Scoped alias is a migration/audit convention, not a general business synonym (Q10); do not flatten into skos:altLabel. Retained in identity map + core:priorPreferredLabel.",approve,"preserve historical traceability without restoring a generic, scope-limiting, collision-causing, case-only, or context-dependent label to active search.",carried-over-approved
CM-1-3-4-5-4,Develop Portfolio Recommendations and Track Decisions,prior_name,Manage R&D Portfolios,"Manage Product, Service, and R&D Portfolios",no,,,6a155bc23ba3971ce430b774b4ddd6f4a933e380,AddAsAltLabel,yes,general historical alias,retained,Validator: no normalized collision with live prefLabels/altLabels; safe to emit as skos:altLabel.,approve,validator-clean: no collision with live prefLabels/altLabels; no Step 3d exclusion contradicted.,carried-over-approved
CM-1-3-5-1,Sales Planning,prior_name,Sales Strategy & Planning,Sales Strategy & Planning,yes,,,6a155bc23ba3971ce430b774b4ddd6f4a933e380,RetainAsAltLabel,yes,general historical alias,retained,Already emitted as skos:altLabel; no action.,approve,"already emitted, unique, historically useful; does not recreate a resolved collision.",carried-over-approved
CM-1-3-6-5-2,Manage Promotions and Events Execution,prior_name,Manage Promotions/Events Execution,Manage Promotions/Events Execution,yes,,,6a155bc23ba3971ce430b774b4ddd6f4a933e380,RetainAsAltLabel,yes,general historical alias,retained,Already emitted as skos:altLabel; no action.,approve,"already emitted, unique, historically useful; does not recreate a resolved collision.",carried-over-approved
CM-1-3-6-6,Loyalty and Cards Management (Marketing),prior_name,Loyalty And Cards Management - Marketing,Loyalty And Cards Management - Marketing,yes,,,6a155bc23ba3971ce430b774b4ddd6f4a933e380,RetainAsAltLabel,yes,general historical alias,retained,Already emitted as skos:altLabel; no action.,approve,"already emitted, unique, historically useful; does not recreate a resolved collision.",carried-over-approved
CM-1-3-6-6-1,Set Up Prospect,prior_name,Setup Prospect,Setup Prospect,yes,,,6a155bc23ba3971ce430b774b4ddd6f4a933e380,RetainAsAltLabel,yes,general historical alias,retained,Already emitted as skos:altLabel; no action.,approve,"already emitted, unique, historically useful; does not recreate a resolved collision.",carried-over-approved
CM-1-3-6-6-12,Manage Additional Card Services,prior_name,Manage Additional Card Services (On Road Services),,no,,,6a155bc23ba3971ce430b774b4ddd6f4a933e380,MigrationOnly,no,retired scope-limiting label,intentionally excluded,"Deliberately excluded: parenthetical '(On Road Services)' is a narrow legacy qualifier, not a durable synonym.",approve,"preserve historical traceability without restoring a generic, scope-limiting, collision-causing, case-only, or context-dependent label to active search.",carried-over-approved
CM-1-3-6-6-2,Manage Card Program Billing Coordination,prior_name,Manage Invoicing,Manage Invoicing,yes,,,6a155bc23ba3971ce430b774b4ddd6f4a933e380,RetainAsAltLabel,yes,general historical alias,retained,Already emitted as skos:altLabel; no action.,approve,"already emitted, unique, historically useful; does not recreate a resolved collision.",carried-over-approved
CM-1-3-6-6-4,Manage Card Administration,prior_name,"Manage Cards Administration (Order New Cards, Change Card Data)",,no,,,6a155bc23ba3971ce430b774b4ddd6f4a933e380,MigrationOnly,no,retired scope-limiting label,intentionally excluded,"Deliberately excluded: parenthetical '(Order New Cards, Change Card Data)' is implementation detail, not a durable synonym.",approve,"preserve historical traceability without restoring a generic, scope-limiting, collision-causing, case-only, or context-dependent label to active search.",carried-over-approved
CM-1-3-6-6-6,Manage Card Delinquency and Collections Referral,prior_name,Manage Bad Debt,Manage Bad Debt,yes,,,6a155bc23ba3971ce430b774b4ddd6f4a933e380,RetainAsAltLabel,yes,general historical alias,retained,Already emitted as skos:altLabel; no action.,approve,"already emitted, unique, historically useful; does not recreate a resolved collision.",carried-over-approved
CM-1-3-6-6-7,"Analyze, Report, and Confirm Card Transactions",prior_name,Perform Transaction Analysis Reporting & Confirmation,Analyze and Confirm Card Transactions,no,,,6a155bc23ba3971ce430b774b4ddd6f4a933e380,AddAsAltLabel,yes,prior name,retained,"validator-clean prior name; no live collision; not currently emitted, safe to add. [validator-clean]",Approved,Approved as AddAsAltLabel — Hamid 2026-09-25.,decided
CM-1-3-6-6-9,Plan Card Stock Consumption and Monitor Inventory,prior_name,Analyze Consumption Planning & Monitor Stock,Analyze Consumption Planning & Monitor Stock,yes,,,6a155bc23ba3971ce430b774b4ddd6f4a933e380,RetainAsAltLabel,yes,prior name,retained,"already emitted in TTL aliases, unique, no live collision; carried through cutover. [validator-clean]",Approved,Approved as RetainAsAltLabel — Hamid 2026-09-25.,decided
CM-1-3-6-7,Brand Standards Management,prior_name,Brand Standard Management,Brand Standard Management,yes,,,6a155bc23ba3971ce430b774b4ddd6f4a933e380,RetainAsAltLabel,yes,prior name,retained,"already emitted in TTL aliases, unique, no live collision; carried through cutover. [validator-clean]",Approved,Approved as RetainAsAltLabel — Hamid 2026-09-25.,decided
CM-1-3-6-7-1,Manage Brand Standards and Inspections,prior_name,Manage Brand Standards and Perform Inspection,Manage Brand Standards and Perform Inspection,yes,,,6a155bc23ba3971ce430b774b4ddd6f4a933e380,RetainAsAltLabel,yes,prior name,retained,"already emitted in TTL aliases, unique, no live collision; carried through cutover. [validator-clean]",Approved,Approved as RetainAsAltLabel — Hamid 2026-09-25.,decided
CM-1-3-6-8,Commercial Agreement Compliance Management,prior_name,Compliance Management,Compliance Management,yes,,,6a155bc23ba3971ce430b774b4ddd6f4a933e380,RetainAsAltLabel,yes,general historical alias,retained,Already emitted as skos:altLabel; no action.,approve,"already emitted, unique, historically useful; does not recreate a resolved collision.",carried-over-approved
CM-1-3-6-8-1,Conduct Commercial Audit to Validate Reported Sales,prior_name,Conduct Audit To Validate Reported Sales,Conduct Audit To Validate Reported Sales,yes,,,6a155bc23ba3971ce430b774b4ddd6f4a933e380,RetainAsAltLabel,yes,general historical alias,retained,Already emitted as skos:altLabel; no action.,approve,"already emitted, unique, historically useful; does not recreate a resolved collision.",carried-over-approved
CM-1-3-7-1,Manage Commercial Master Data Stewardship,prior_name,"Manage Master Data (Customer, Price, Product, Tax, Location)","Manage Master Data (Customer, Price, Product, Tax, Location)",yes,,,6a155bc23ba3971ce430b774b4ddd6f4a933e380,RetainAsAltLabel,yes,general historical alias,retained,Already emitted as skos:altLabel; no action.,approve,"already emitted, unique, historically useful; does not recreate a resolved collision.",carried-over-approved
CM-1-3-7-1-1,Maintain Customer and Commercial Account Master Data,prior_name,Maintain Customer Master Data,Maintain Customer Master Data,yes,,,6a155bc23ba3971ce430b774b4ddd6f4a933e380,RetainAsAltLabel,yes,general historical alias,retained,Already emitted as skos:altLabel; no action.,approve,"already emitted, unique, historically useful; does not recreate a resolved collision.",carried-over-approved
CM-1-3-7-1-3,Maintain Product and Service Master Data,prior_name,Maintain Product Master Data,Maintain Product Master Data,yes,,,6a155bc23ba3971ce430b774b4ddd6f4a933e380,RetainAsAltLabel,yes,general historical alias,retained,Already emitted as skos:altLabel; no action.,approve,"already emitted, unique, historically useful; does not recreate a resolved collision.",carried-over-approved
CM-1-3-7-1-5,Maintain Commercial Workflow Configuration,prior_name,Maintain Workflows,Maintain Workflows,yes,,,6a155bc23ba3971ce430b774b4ddd6f4a933e380,RetainAsAltLabel,yes,general historical alias,retained,Already emitted as skos:altLabel; no action.,approve,"already emitted, unique, historically useful; does not recreate a resolved collision.",carried-over-approved
CM-1-3-7-1-6,Maintain Commercial Policy Content and Approved Parameters,prior_name,Maintain Commercial Policies,Maintain Commercial Policies,yes,,,6a155bc23ba3971ce430b774b4ddd6f4a933e380,RetainAsAltLabel,yes,general historical alias,retained,Already emitted as skos:altLabel; no action.,approve,"already emitted, unique, historically useful; does not recreate a resolved collision.",carried-over-approved
CM-1-3-7-2,"Manage Commercial Terms, Quoting, and Customer Commercial Services",prior_name,Manage Pricing & Contracting (Manage Quote & Sale),Manage Pricing & Contracting (Manage Quote & Sale),yes,,,6a155bc23ba3971ce430b774b4ddd6f4a933e380,RetainAsAltLabel,yes,general historical alias,retained,Already emitted as skos:altLabel; no action.,approve,"already emitted, unique, historically useful; does not recreate a resolved collision.",carried-over-approved
CM-1-3-7-2-3,Develop and Monitor Commercial Revenue Plan,prior_name,Develop & Monitor Revenue Plan,Develop & Monitor Revenue Plan,yes,,,6a155bc23ba3971ce430b774b4ddd6f4a933e380,RetainAsAltLabel,yes,prior name,retained,"already emitted in TTL aliases, unique, no live collision; carried through cutover. [validator-clean]",Approved,Approved as RetainAsAltLabel — Hamid 2026-09-25.,decided
CM-1-3-7-3-3,Change or Cancel Order,prior_name,Change / Cancel Order,Change / Cancel Order,yes,,,6a155bc23ba3971ce430b774b4ddd6f4a933e380,RetainAsAltLabel,yes,general historical alias,retained,Already emitted as skos:altLabel; no action.,approve,"already emitted, unique, historically useful; does not recreate a resolved collision.",carried-over-approved
CM-1-3-7-3-5,Track Order Book and Forecast Order Volumes,prior_name,Track & Forecast Order,Track & Forecast Order,yes,,,6a155bc23ba3971ce430b774b4ddd6f4a933e380,RetainAsAltLabel,yes,prior name,retained,"already emitted in TTL aliases, unique, no live collision; carried through cutover. [validator-clean]",Approved,Approved as RetainAsAltLabel — Hamid 2026-09-25.,decided
CM-1-3-7-3-6,Manage Commercial Returns Authorization and Coordination,prior_name,Manage Returns,Manage Returns,yes,,,6a155bc23ba3971ce430b774b4ddd6f4a933e380,RetainAsAltLabel,yes,general historical alias,retained,Already emitted as skos:altLabel; no action.,approve,"already emitted, unique, historically useful; does not recreate a resolved collision.",carried-over-approved
CM-1-3-7-4-5,Perform Credit-Driven Customer Closure and Reinstatement,prior_name,Perform Customer Closure & Reinstatement,Perform Customer Closure & Reinstatement,yes,,,6a155bc23ba3971ce430b774b4ddd6f4a933e380,RetainAsAltLabel,yes,general historical alias,retained,Already emitted as skos:altLabel; no action.,approve,"already emitted, unique, historically useful; does not recreate a resolved collision.",carried-over-approved
CM-1-3-7-4-6,Perform KYC Due Diligence,prior_name,KYC Process,KYC Process,yes,,,6a155bc23ba3971ce430b774b4ddd6f4a933e380,RetainAsAltLabel,yes,general historical alias,retained,Already emitted as skos:altLabel; no action.,approve,"already emitted, unique, historically useful; does not recreate a resolved collision.",carried-over-approved
CM-1-3-7-5-1,Prioritize Customer Requests and Inquiries,prior_name,Establish Priority Assignment of Customer Request/Inquiry,Establish Priority Assignment of Customer Request/Inquiry,yes,,,6a155bc23ba3971ce430b774b4ddd6f4a933e380,RetainAsAltLabel,yes,general historical alias,retained,Already emitted as skos:altLabel; no action.,approve,"already emitted, unique, historically useful; does not recreate a resolved collision.",carried-over-approved
CM-1-3-7-5-2,Maintain Customer Request and Inquiry Records,prior_name,Maintain Requests and Inquiries Master Database,Maintain Requests and Inquiries Master Database,yes,,,6a155bc23ba3971ce430b774b4ddd6f4a933e380,RetainAsAltLabel,yes,general historical alias,retained,Already emitted as skos:altLabel; no action.,approve,"already emitted, unique, historically useful; does not recreate a resolved collision.",carried-over-approved
CM-1-3-7-5-4,Perform Customer Follow-Up,prior_name,Perform Customer Follow up,Perform Customer Follow up,yes,,,6a155bc23ba3971ce430b774b4ddd6f4a933e380,RetainAsAltLabel,yes,general historical alias,retained,Already emitted as skos:altLabel; no action.,approve,"already emitted, unique, historically useful; does not recreate a resolved collision.",carried-over-approved
CM-1-3-7-5-5,Conduct Customer Service Reviews,prior_name,Conduct Quarterly Review Meeting,Conduct Quarterly Review Meeting,yes,,,6a155bc23ba3971ce430b774b4ddd6f4a933e380,RetainAsAltLabel,yes,general historical alias,retained,Already emitted as skos:altLabel; no action.,approve,"already emitted, unique, historically useful; does not recreate a resolved collision.",carried-over-approved
CM-1-3-8-1-1,Create and Distribute Bill,prior_name,Create & Distribute Bill,Create & Distribute Bill,yes,,,6a155bc23ba3971ce430b774b4ddd6f4a933e380,RetainAsAltLabel,yes,general historical alias,retained,Already emitted as skos:altLabel; no action.,approve,"already emitted, unique, historically useful; does not recreate a resolved collision.",carried-over-approved
CM-1-3-8-1-2,Perform Self-Billing Accounting,prior_name,Perform Accounting For Self-billing,Perform Accounting For Self-billing,yes,,,6a155bc23ba3971ce430b774b4ddd6f4a933e380,RetainAsAltLabel,yes,general historical alias,retained,Already emitted as skos:altLabel; no action.,approve,"already emitted, unique, historically useful; does not recreate a resolved collision.",carried-over-approved
CM-1-3-8-1-5,"Manage Invoice Exceptions, Reversals, and Rebilling",prior_name,Create Exception & Reverse Invoice,Create Exception & Reverse Invoice,yes,,,6a155bc23ba3971ce430b774b4ddd6f4a933e380,RetainAsAltLabel,yes,general historical alias,retained,Already emitted as skos:altLabel; no action.,approve,"already emitted, unique, historically useful; does not recreate a resolved collision.",carried-over-approved
CM-1-3-8-2-1,Record Customer Receipts and Payment Notifications,prior_name,Receive Cash Receipts / Payment,Receive Cash Receipts / Payment,yes,,,6a155bc23ba3971ce430b774b4ddd6f4a933e380,RetainAsAltLabel,yes,general historical alias,retained,Already emitted as skos:altLabel; no action.,approve,"already emitted, unique, historically useful; does not recreate a resolved collision.",carried-over-approved
CM-1-3-8-2-4,Manage Unapplied Receipts and Exceptions,prior_name,Manage Unapplied Receipts / Exceptions,Manage Unapplied Receipts / Exceptions,yes,,,6a155bc23ba3971ce430b774b4ddd6f4a933e380,RetainAsAltLabel,yes,general historical alias,retained,Already emitted as skos:altLabel; no action.,approve,"already emitted, unique, historically useful; does not recreate a resolved collision.",carried-over-approved
CM-1-3-8-2-5,"Perform Cash, Acquirer, and Receivables Reconciliations",prior_name,Perform Reconciliations & Settlements,Perform Reconciliations & Settlements,yes,,,6a155bc23ba3971ce430b774b4ddd6f4a933e380,RetainAsAltLabel,yes,general historical alias,retained,Already emitted as skos:altLabel; no action.,approve,"already emitted, unique, historically useful; does not recreate a resolved collision.",carried-over-approved
CM-1-3-8-3,Manage Receivables Resolution,prior_name,Manage Collection and Disputes,Manage Collection and Disputes,yes,,,6a155bc23ba3971ce430b774b4ddd6f4a933e380,RetainAsAltLabel,yes,general historical alias,retained,Already emitted as skos:altLabel; no action.,approve,"already emitted, unique, historically useful; does not recreate a resolved collision.",carried-over-approved
CM-1-3-8-3-1,Manage Receivables Disputes,prior_name,Dispute Management,Dispute Management,yes,,,6a155bc23ba3971ce430b774b4ddd6f4a933e380,RetainAsAltLabel,yes,general historical alias,retained,Already emitted as skos:altLabel; no action.,approve,"already emitted, unique, historically useful; does not recreate a resolved collision.",carried-over-approved
CM-1-3-8-3-2,Manage Receivables Collections,prior_name,Collection Management,Collection Management,yes,,,6a155bc23ba3971ce430b774b4ddd6f4a933e380,RetainAsAltLabel,yes,general historical alias,retained,Already emitted as skos:altLabel; no action.,approve,"already emitted, unique, historically useful; does not recreate a resolved collision.",carried-over-approved
CM-1-3-8-3-3,Determine Bad Debt Allowance,prior_name,Bad Debt Allowance,Bad Debt Allowance,yes,,,6a155bc23ba3971ce430b774b4ddd6f4a933e380,RetainAsAltLabel,yes,general historical alias,retained,Already emitted as skos:altLabel; no action.,approve,"already emitted, unique, historically useful; does not recreate a resolved collision.",carried-over-approved
CM-1-3-8-3-4,Develop Root-Cause Analyses and Action Plans,prior_name,Develop Root Cause Analysis/Action Plan,Develop Root Cause Analysis/Action Plan,yes,,,6a155bc23ba3971ce430b774b4ddd6f4a933e380,RetainAsAltLabel,yes,general historical alias,retained,Already emitted as skos:altLabel; no action.,approve,"already emitted, unique, historically useful; does not recreate a resolved collision.",carried-over-approved
CM-1-3-8-4-1,Perform Period-End Processing,prior_name,Period End Processing,Period End Processing,yes,,,6a155bc23ba3971ce430b774b4ddd6f4a933e380,RetainAsAltLabel,yes,prior name,retained,"already emitted in TTL aliases, unique, no live collision; carried through cutover. [validator-clean]",Approved,Approved as RetainAsAltLabel — Hamid 2026-09-25.,decided
CM-1-3-8-4-2,Perform AR Reconciliation and Compliance,prior_name,AR Reconciliation / Compliance,AR Reconciliation / Compliance,yes,,,6a155bc23ba3971ce430b774b4ddd6f4a933e380,RetainAsAltLabel,yes,prior name,retained,"already emitted in TTL aliases, unique, no live collision; carried through cutover. [validator-clean]",Approved,Approved as RetainAsAltLabel — Hamid 2026-09-25.,decided
CM-1-3-8-4-3,Analyze and Calculate Accruals,prior_name,Accruals Analysis And Calculation,Accruals Analysis And Calculation,yes,,,6a155bc23ba3971ce430b774b4ddd6f4a933e380,RetainAsAltLabel,yes,prior name,retained,"already emitted in TTL aliases, unique, no live collision; carried through cutover. [validator-clean]",Approved,Approved as RetainAsAltLabel — Hamid 2026-09-25.,decided
CM-1-3-8-4-7,"Administer Royalty, Brand Fee, and Contribution Streams",prior_name,Manage Collection of Royalty and Fees,Manage Collection of Royalty and Fees,yes,,,6a155bc23ba3971ce430b774b4ddd6f4a933e380,RetainAsAltLabel,yes,general historical alias,retained,Already emitted as skos:altLabel; no action.,approve,"already emitted, unique, historically useful; does not recreate a resolved collision.",carried-over-approved
CM-1-3-9-1-2,Manage Service Operations,prior_name,Manage Operations,Manage Operations,yes,,,6a155bc23ba3971ce430b774b4ddd6f4a933e380,RetainAsAltLabel,yes,general historical alias,retained,Already emitted as skos:altLabel; no action.,approve,"already emitted, unique, historically useful; does not recreate a resolved collision.",carried-over-approved
CM-1-3-9-2-1,Manage Service Delivery Data,prior_name,Manage Data,Manage Data,yes,,,6a155bc23ba3971ce430b774b4ddd6f4a933e380,RetainAsAltLabel,yes,general historical alias,retained,Already emitted as skos:altLabel; no action.,approve,"already emitted, unique, historically useful; does not recreate a resolved collision.",carried-over-approved
CM-1-3-9-2-2,Manage Customer Interactions in Service Delivery,prior_name,Manage Customer,,no,,,6a155bc23ba3971ce430b774b4ddd6f4a933e380,MigrationOnly,no,generic/ambiguous label,intentionally excluded,"Deliberately excluded: generic label is a prefix of live labels (Manage Customer Portal, Manage Customer Invoicing and Billing, Manage Customer Requests and Inquiries); alias-control exception stands.",approve,"preserve historical traceability without restoring a generic, scope-limiting, collision-causing, case-only, or context-dependent label to active search.",carried-over-approved
CM-1-3-9-2-3,Fulfill Service Events,prior_name,Fulfill Service Event,Fulfill Service Event,yes,,,6a155bc23ba3971ce430b774b4ddd6f4a933e380,RetainAsAltLabel,yes,general historical alias,retained,Already emitted as skos:altLabel; no action.,approve,"already emitted, unique, historically useful; does not recreate a resolved collision.",carried-over-approved
CM-1-3-9-3-2,Measure Service Workforce Performance,prior_name,Measure Service Employees,Measure Service Employees,yes,,,6a155bc23ba3971ce430b774b4ddd6f4a933e380,RetainAsAltLabel,yes,general historical alias,retained,Already emitted as skos:altLabel; no action.,approve,"already emitted, unique, historically useful; does not recreate a resolved collision.",carried-over-approved
