concept_slug,current_prefLabel,historical_label,label_kind,ttl_altLabels_now,rename_note,proposed_disposition,rationale,decision,reviewer_rationale
CM-1-1-1-1,Produce Demand Forecast,Demand Forecasting,prior_name,Product Demand Forecasting,Step 3d naming pass (2026-09-21): renamed 'Demand Forecasting' -> 'Produce Demand Forecast' — critical semantic-collision resolution (approved by Hamid).,AddAsAltLabel,Prior name not currently emitted; adding as skos:altLabel preserves the Step 3d historical record and old search terms.,,
CM-1-1-3-6-2,Administer Scheduled Shipment Loading,Loading Shipment,prior_name,Load Administration,"Step 3d naming pass — scope-ambiguity Batch 1 (A+B+C, 2026-09-21): renamed 'Loading Shipment' -> 'Administer Scheduled Shipment Loading' (approved by Hamid; prior label retained as skos:altLabel).",AddAsAltLabel,Prior name not currently emitted; adding as skos:altLabel preserves the Step 3d historical record and old search terms.,,
CM-1-1-3-7,Inventory Management,Inventory,prior_name,Inventory,Step 3d naming pass (2026-09-21): renamed 'Inventory' -> 'Inventory Management' — critical semantic-collision resolution (approved by Hamid).,RetainAsAltLabel,Prior name already emitted as skos:altLabel; no action.,,
CM-1-1-3-7-12,Monitor and Control Inventory Positions,Manage Inventory,prior_name,Inventory Position Management,Step 3d naming pass (2026-09-21): renamed 'Manage Inventory' -> 'Monitor and Control Inventory Positions' — critical semantic-collision resolution (approved by Hamid).,AddAsAltLabel,Prior name not currently emitted; adding as skos:altLabel preserves the Step 3d historical record and old search terms.,,
CM-1-1-3-8-3,Maintain Secondary Distribution Scheduling Basis,Setup Scheduling System,prior_name,Setup Scheduling System,"Step 3d naming pass — scope-ambiguity Batch 1 (A+B+C, 2026-09-21): renamed 'Setup Scheduling System' -> 'Maintain Secondary Distribution Scheduling Basis' (approved by Hamid; prior label retained as skos:altLabel).",RetainAsAltLabel,Prior name already emitted as skos:altLabel; no action.,,
CM-1-1-4-6-3,Coordinate Site Business Risk Management,Manage Site Specific Business Risk,prior_name,Manage Site Specific Business Risk,Step 3d PTC-001 tree pass (2026-09-21): renamed 'Manage Site Specific Business Risk' -> 'Coordinate Site Business Risk Management' on reparenting from Commercial Development to Refinery Performance and Risk Coordination ...,RetainAsAltLabel,Prior name already emitted as skos:altLabel; no action.,,
CM-1-1-7-3-3,Manage and Support Emissions Trading,Manage and Support Emission Trading,prior_name,Emissions Allowance Position Management,Step 3d naming pass — normalization-only mechanical Batch 6 (2026-09-21): renamed 'Manage and Support Emission Trading' -> 'Manage and Support Emissions Trading' (Hamid approval 2026-09-21). Purely lexical normalization ...,AddAsAltLabel,Normalization-only rename (case/punctuation); restoring the prior spelling as altLabel preserves the historical search term.,,
CM-1-2-2-3-9,Perform Position & P&L Analysis,Perform Position & PNL Analysis,prior_name,P&L Attribution,Step 3d naming pass — normalization-only mechanical Batch 6 (2026-09-21): renamed 'Perform Position & PNL Analysis' -> 'Perform Position & P&L Analysis' (Hamid approval 2026-09-21). Purely lexical normalization (capitali...,AddAsAltLabel,Normalization-only rename (case/punctuation); restoring the prior spelling as altLabel preserves the historical search term.,,
CM-1-2-4-1-8,Settle Environmental Instruments,Settle Emissions,prior_name,Settle Emissions,"Step 3d naming pass — scope-ambiguity Batch 1 (A+B+C, 2026-09-21): renamed 'Settle Emissions' -> 'Settle Environmental Instruments' (approved by Hamid; prior label retained as skos:altLabel).",RetainAsAltLabel,Prior name already emitted as skos:altLabel; no action.,,
CM-1-2-4-2-12,Maintain Trading Accounting Procedures and Guidance,Develop Accounting Policies & Procedures,prior_name,Develop Accounting Policies & Procedures,Step 3d naming pass (2026-09-21): renamed 'Develop Accounting Policies & Procedures' -> 'Maintain Trading Accounting Procedures and Guidance' — authority-risk label resolution (approved by Hamid).,RetainAsAltLabel,Prior name already emitted as skos:altLabel; no action.,,
CM-1-2-4-2-2,Manage Production & Inventory Accounting,Manage Production Accounting,prior_name,Manage Production Accounting,"Step 3d naming pass — scope-ambiguity Batch 1 (A+B+C, 2026-09-21): renamed 'Manage Production Accounting' -> 'Manage Production & Inventory Accounting' (approved by Hamid; prior label retained as skos:altLabel).",RetainAsAltLabel,Prior name already emitted as skos:altLabel; no action.,,
CM-1-2-4-2-7,Manage Financial Information Documentation and Reporting,Manage Financial Info. Documentation & Reporting,prior_name,Manage Financial Info. Documentation & Reporting,Step 3d naming pass — normalization-only mechanical Batch 6 (2026-09-21): renamed 'Manage Financial Info. Documentation & Reporting' -> 'Manage Financial Information Documentation and Reporting' (Hamid approval 2026-09-2...,RetainAsAltLabel,Prior name already emitted as skos:altLabel; no action.,,
CM-1-2-4-4-2,Create Outbound Delay Compensation Claim,Create Claim,prior_name,Create Claim,"Step 3d naming pass — directionality-missing Batch 4 (2026-09-21): renamed 'Create Claim' -> 'Create Outbound Delay Compensation Claim' (Hamid approval 2026-09-21, independent reviewer recommendation: approve as proposed...",RetainAsAltLabel,Prior name already emitted as skos:altLabel; no action.,,
CM-1-2-4-4-3,Receive Inbound Delay Compensation Claim,Receive Demurrage Claim,prior_name,Receive Demurrage Claim,"Step 3d naming pass — directionality-missing Batch 4 (2026-09-21): renamed 'Receive Demurrage Claim' -> 'Receive Inbound Delay Compensation Claim' (Hamid approval 2026-09-21, independent reviewer recommendation: approve ...",RetainAsAltLabel,Prior name already emitted as skos:altLabel; no action.,,
CM-1-2-4-4-4,Assess Inbound Claim,Assess Claim,prior_name,Assess Claim,"Step 3d naming pass — directionality-missing Batch 4 (2026-09-21): renamed 'Assess Claim' -> 'Assess Inbound Claim' (Hamid approval 2026-09-21, independent reviewer recommendation: approve as proposed). Prior label retai...",RetainAsAltLabel,Prior name already emitted as skos:altLabel; no action.,,
CM-1-2-4-4-5,Negotiate Outbound Claim,Communicate and Negotiate Claim,prior_name,Communicate and Negotiate Claim,"Step 3d naming pass — directionality-missing Batch 4 (2026-09-21): renamed 'Communicate and Negotiate Claim' -> 'Negotiate Outbound Claim' (Hamid approval 2026-09-21, independent reviewer recommendation: approve as propo...",RetainAsAltLabel,Prior name already emitted as skos:altLabel; no action.,,
CM-1-2-4-4-6,Validate and Negotiate Inbound Claim,Validate and Negotiate Claim,prior_name,Validate and Negotiate Claim,"Step 3d naming pass — directionality-missing Batch 4 (2026-09-21): renamed 'Validate and Negotiate Claim' -> 'Validate and Negotiate Inbound Claim' (Hamid approval 2026-09-21, independent reviewer recommendation: approve...",RetainAsAltLabel,Prior name already emitted as skos:altLabel; no action.,,
CM-1-2-4-4-7,Invoice Agreed Outbound Claim,Send Claim Invoice,prior_name,Send Claim Invoice,"Step 3d naming pass — directionality-missing Batch 4 (2026-09-21): renamed 'Send Claim Invoice' -> 'Invoice Agreed Outbound Claim' (Hamid approval 2026-09-21, independent reviewer recommendation: approve as proposed). Pr...",RetainAsAltLabel,Prior name already emitted as skos:altLabel; no action.,,
CM-1-2-4-4-8,Process Invoice for Agreed Inbound Claim,Receive Claim Invoice,prior_name,Receive Claim Invoice,"Step 3d naming pass — directionality-missing Batch 4 (2026-09-21): renamed 'Receive Claim Invoice' -> 'Process Invoice for Agreed Inbound Claim' (Hamid approval 2026-09-21, independent reviewer recommendation: approve as...",RetainAsAltLabel,Prior name already emitted as skos:altLabel; no action.,,
CM-1-2-5-1-1,Manage Feedstock Data Quality,Manage feedstock Data Quality,prior_name,(none),Step 3d naming pass — normalization-only mechanical Batch 6 (2026-09-21): renamed 'Manage feedstock Data Quality' -> 'Manage Feedstock Data Quality' (Hamid approval 2026-09-21). Purely lexical capitalization fix; prior l...,AddAsAltLabel,Normalization-only rename (case/punctuation); restoring the prior spelling as altLabel preserves the historical search term.,,
CM-1-2-5-2-3,Recommend Feedstock Slate And Run Rate,Plan Optimal Feedstock Slate And Run Rate,prior_name,Plan Optimal Feedstock Slate And Run Rate,Step 3d naming pass (2026-09-21): renamed 'Plan Optimal Feedstock Slate And Run Rate' -> 'Recommend Feedstock Slate And Run Rate' — authority-risk label resolution (approved by Hamid).,RetainAsAltLabel,Prior name already emitted as skos:altLabel; no action.,,
CM-1-2-6-1,Supply Network Participation Analysis,Network Management,prior_name,Network Management,Step 3d naming pass (2026-09-21): renamed 'Network Management' -> 'Supply Network Participation Analysis' — authority-risk label resolution (approved by Hamid).,RetainAsAltLabel,Prior name already emitted as skos:altLabel; no action.,,
CM-1-2-6-2-3,Forecast Operational Refined Product Demand,Forecast Refined Product Demand,prior_name,Forecast Refined Product Demand,"Step 3d naming pass — scope-ambiguity Batch 1 (A+B+C, 2026-09-21): renamed 'Forecast Refined Product Demand' -> 'Forecast Operational Refined Product Demand' (approved by Hamid; prior label retained as skos:altLabel).",RetainAsAltLabel,Prior name already emitted as skos:altLabel; no action.,,
CM-1-2-6-3-1,Coordinate S&T Source-Point Supply Operations,Manage Primary Distribution Operations,prior_name,Manage Primary Distribution Operations,Step 3d naming pass (2026-09-21): renamed 'Manage Primary Distribution Operations' -> 'Coordinate S&T Source-Point Supply Operations' — authority-risk label resolution (approved by Hamid).,RetainAsAltLabel,Prior name already emitted as skos:altLabel; no action.,,
CM-1-2-6-3-2,Fulfill Replenishment From Trading Sources,Manage Replenishment,prior_name,Manage Replenishment,"Step 3d naming pass — scope-ambiguity Batch 1 (A+B+C, 2026-09-21): renamed 'Manage Replenishment' -> 'Fulfill Replenishment From Trading Sources' (approved by Hamid; prior label retained as skos:altLabel).",RetainAsAltLabel,Prior name already emitted as skos:altLabel; no action.,,
CM-1-2-6-3-3,Coordinate S&T-Sourced Primary Transportation,Manage Primary Distribution Transportation,prior_name,Manage Primary Distribution Transportation,"Step 3d naming pass — scope-ambiguity Batch 1 (A+B+C, 2026-09-21): renamed 'Manage Primary Distribution Transportation' -> 'Coordinate S&T-Sourced Primary Transportation' (approved by Hamid; prior label retained as skos:...",RetainAsAltLabel,Prior name already emitted as skos:altLabel; no action.,,
CM-1-3-1-6,Marketing Insight and Metrics Stewardship,Insight and Metrics,prior_name,Insight and Metrics,"Step 3d naming pass — scope-ambiguity Batch 3 (E+F, 2026-09-21): renamed 'Insight and Metrics' -> 'Marketing Insight and Metrics Stewardship' (Hamid approval 2026-09-21, independent reviewer recommendation: approve as pr...",RetainAsAltLabel,Prior name already emitted as skos:altLabel; no action.,,
CM-1-3-10-1,Set Up and Maintain Terminal Customer Authorization,Setup and Maintain Customer In Terminal,prior_name,Setup and Maintain Customer In Terminal,Step 3d naming pass — generic-operational Batch 5 (2026-09-21): renamed 'Setup and Maintain Customer In Terminal' -> 'Set Up and Maintain Terminal Customer Authorization' (Hamid approval 2026-09-21; independent reviewer ...,RetainAsAltLabel,Prior name already emitted as skos:altLabel; no action.,,
CM-1-3-10-2,Process Customer Lifting Forecasts and Nominations,Process Forecast and Nominations,prior_name,Process Forecast and Nominations,Step 3d naming pass — generic-operational Batch 5 (2026-09-21): renamed 'Process Forecast and Nominations' -> 'Process Customer Lifting Forecasts and Nominations' (Hamid approval 2026-09-21; independent reviewer recommen...,RetainAsAltLabel,Prior name already emitted as skos:altLabel; no action.,,
CM-1-3-10-3,Manage Terminal Lifting Allocation,Manage Allocation,prior_name,Manage Allocation,Step 3d naming pass — generic-operational Batch 5 (2026-09-21): renamed 'Manage Allocation' -> 'Manage Terminal Lifting Allocation' (Hamid approval 2026-09-21; independent reviewer recommendation: approve as proposed). P...,RetainAsAltLabel,Prior name already emitted as skos:altLabel; no action.,,
CM-1-3-10-4,Capture Terminal Sales Deal,Capture Deal,prior_name,Capture Deal,Step 3d naming pass — generic-operational Batch 5 (2026-09-21): renamed 'Capture Deal' -> 'Capture Terminal Sales Deal' (Hamid approval 2026-09-21; independent reviewer recommendation: approve as proposed). Prior label r...,RetainAsAltLabel,Prior name already emitted as skos:altLabel; no action.,,
CM-1-3-2-1-1,Formulate and Evaluate Strategic Operating Alternatives,Formulate and Evaluate Strategic Operating Alternative,prior_name,Formulate and Evaluate Strategic Operating Alternative,Step 3d naming pass — normalization-only mechanical Batch 6 (2026-09-21): renamed 'Formulate and Evaluate Strategic Operating Alternative' -> 'Formulate and Evaluate Strategic Operating Alternatives' (Hamid approval 2026...,RetainAsAltLabel,Prior name already emitted as skos:altLabel; no action.,,
CM-1-3-2-3-1,Test Consumer Value Proposition,Test Customer value proposition,prior_name,Test Customer value proposition,"Step 3d naming pass — directionality-missing Batch 4 (2026-09-21): renamed 'Test Customer value proposition' -> 'Test Consumer Value Proposition' (Hamid approval 2026-09-21, independent reviewer recommendation: approve a...",RetainAsAltLabel,Prior name already emitted as skos:altLabel; no action.,,
CM-1-3-2-3-2,Formulate and Evaluate Consumer Value Proposition Alternatives,Formulate and Evaluate Strategic Operating Alternatives (CVP),prior_name,Formulate and Evaluate Strategic Operating Alternatives (CVP),Step 3d naming pass — directionality-missing Batch 4 (2026-09-21): renamed 'Formulate and Evaluate Strategic Operating Alternatives (CVP)' -> 'Formulate and Evaluate Consumer Value Proposition Alternatives' (Hamid approv...,RetainAsAltLabel,Prior name already emitted as skos:altLabel; no action.,,
CM-1-3-2-3-3,Establish Consumer Value Proposition Principles and Objectives,Establish CVP principles and objectives,prior_name,Establish CVP principles and objectives,"Step 3d naming pass — directionality-missing Batch 4 (2026-09-21): renamed 'Establish CVP principles and objectives' -> 'Establish Consumer Value Proposition Principles and Objectives' (Hamid approval 2026-09-21, indepen...",RetainAsAltLabel,Prior name already emitted as skos:altLabel; no action.,,
CM-1-3-2-3-4,Develop and Update Consumer Value Proposition Strategy,Develop/Update Strategy (CVP),prior_name,Develop/Update Strategy (CVP),"Step 3d naming pass — directionality-missing Batch 4 (2026-09-21): renamed 'Develop/Update Strategy (CVP)' -> 'Develop and Update Consumer Value Proposition Strategy' (Hamid approval 2026-09-21, independent reviewer reco...",RetainAsAltLabel,Prior name already emitted as skos:altLabel; no action.,,
CM-1-3-3-1-4,Define Offer Measurement Framework,Define KPI Framework,prior_name,(none),Step 3d naming pass (2026-09-21): renamed 'Define KPI Framework' -> 'Define Offer Measurement Framework' — critical semantic-collision resolution (approved by Hamid). Prior label retired from ontology aliases; scoped his...,RetireAsAmbiguous,Bare 'Define KPI Framework' was shared by 6 concepts (the collision Step 3d resolved); adding it as altLabel would recreate the 6-way ambiguity. The scoped alias supersedes it.,,
CM-1-3-3-1-4,Define Offer Measurement Framework,Define KPI Framework (Offer),scoped_historical_alias,(none),Step 3d naming pass (2026-09-21): renamed 'Define KPI Framework' -> 'Define Offer Measurement Framework' — critical semantic-collision resolution (approved by Hamid). Prior label retired from ontology aliases; scoped his...,AddAsAltLabel,Scoped alias disambiguates the retired 6-way 'Define KPI Framework' collision; emitting it preserves a scoped historical search term without recreating ambiguity.,,
CM-1-3-3-2-5,Define Pricing Measurement Framework,Define KPI Framework,prior_name,(none),Step 3d naming pass (2026-09-21): renamed 'Define KPI Framework' -> 'Define Pricing Measurement Framework' — critical semantic-collision resolution (approved by Hamid). Prior label retired from ontology aliases; scoped h...,RetireAsAmbiguous,Bare 'Define KPI Framework' was shared by 6 concepts (the collision Step 3d resolved); adding it as altLabel would recreate the 6-way ambiguity. The scoped alias supersedes it.,,
CM-1-3-3-2-5,Define Pricing Measurement Framework,Define KPI Framework (Pricing),scoped_historical_alias,(none),Step 3d naming pass (2026-09-21): renamed 'Define KPI Framework' -> 'Define Pricing Measurement Framework' — critical semantic-collision resolution (approved by Hamid). Prior label retired from ontology aliases; scoped h...,AddAsAltLabel,Scoped alias disambiguates the retired 6-way 'Define KPI Framework' collision; emitting it preserves a scoped historical search term without recreating ambiguity.,,
CM-1-3-3-3-5,Define Channel Measurement Framework,Define KPI Framework,prior_name,(none),Step 3d naming pass (2026-09-21): renamed 'Define KPI Framework' -> 'Define Channel Measurement Framework' — critical semantic-collision resolution (approved by Hamid). Prior label retired from ontology aliases; scoped h...,RetireAsAmbiguous,Bare 'Define KPI Framework' was shared by 6 concepts (the collision Step 3d resolved); adding it as altLabel would recreate the 6-way ambiguity. The scoped alias supersedes it.,,
CM-1-3-3-3-5,Define Channel Measurement Framework,Define KPI Framework (Channel),scoped_historical_alias,(none),Step 3d naming pass (2026-09-21): renamed 'Define KPI Framework' -> 'Define Channel Measurement Framework' — critical semantic-collision resolution (approved by Hamid). Prior label retired from ontology aliases; scoped h...,AddAsAltLabel,Scoped alias disambiguates the retired 6-way 'Define KPI Framework' collision; emitting it preserves a scoped historical search term without recreating ambiguity.,,
CM-1-3-3-4-4,Define Network Measurement Framework,Define KPI Framework,prior_name,(none),Step 3d naming pass (2026-09-21): renamed 'Define KPI Framework' -> 'Define Network Measurement Framework' — critical semantic-collision resolution (approved by Hamid). Prior label retired from ontology aliases; scoped h...,RetireAsAmbiguous,Bare 'Define KPI Framework' was shared by 6 concepts (the collision Step 3d resolved); adding it as altLabel would recreate the 6-way ambiguity. The scoped alias supersedes it.,,
CM-1-3-3-4-4,Define Network Measurement Framework,Define KPI Framework (Network),scoped_historical_alias,(none),Step 3d naming pass (2026-09-21): renamed 'Define KPI Framework' -> 'Define Network Measurement Framework' — critical semantic-collision resolution (approved by Hamid). Prior label retired from ontology aliases; scoped h...,AddAsAltLabel,Scoped alias disambiguates the retired 6-way 'Define KPI Framework' collision; emitting it preserves a scoped historical search term without recreating ambiguity.,,
CM-1-3-3-5-7,Define Marketing Communications Measurement Framework,Define KPI Framework,prior_name,(none),Step 3d naming pass (2026-09-21): renamed 'Define KPI Framework' -> 'Define Marketing Communications Measurement Framework' — sixth and final 'Define KPI Framework' collision resolved (approved by Hamid). Prior label ret...,RetireAsAmbiguous,Bare 'Define KPI Framework' was shared by 6 concepts (the collision Step 3d resolved); adding it as altLabel would recreate the 6-way ambiguity. The scoped alias supersedes it.,,
CM-1-3-3-5-7,Define Marketing Communications Measurement Framework,Define KPI Framework (Marketing Communications),scoped_historical_alias,(none),Step 3d naming pass (2026-09-21): renamed 'Define KPI Framework' -> 'Define Marketing Communications Measurement Framework' — sixth and final 'Define KPI Framework' collision resolved (approved by Hamid). Prior label ret...,AddAsAltLabel,Scoped alias disambiguates the retired 6-way 'Define KPI Framework' collision; emitting it preserves a scoped historical search term without recreating ambiguity.,,
CM-1-3-3-6-5,Define Operating Model Measurement Framework,Define KPI Framework,prior_name,(none),Step 3d naming pass (2026-09-21): renamed 'Define KPI Framework' -> 'Define Operating Model Measurement Framework' — critical semantic-collision resolution (approved by Hamid). Prior label retired from ontology aliases; ...,RetireAsAmbiguous,Bare 'Define KPI Framework' was shared by 6 concepts (the collision Step 3d resolved); adding it as altLabel would recreate the 6-way ambiguity. The scoped alias supersedes it.,,
CM-1-3-3-6-5,Define Operating Model Measurement Framework,Define KPI Framework (Operating Model),scoped_historical_alias,(none),Step 3d naming pass (2026-09-21): renamed 'Define KPI Framework' -> 'Define Operating Model Measurement Framework' — critical semantic-collision resolution (approved by Hamid). Prior label retired from ontology aliases; ...,AddAsAltLabel,Scoped alias disambiguates the retired 6-way 'Define KPI Framework' collision; emitting it preserves a scoped historical search term without recreating ambiguity.,,
CM-1-3-4-5-4,Develop Portfolio Recommendations and Track Decisions,Manage R&D Portfolios,prior_name,"Manage Product, Service, and R&D Portfolios",Step 3d naming pass (2026-09-21): renamed 'Manage R&D Portfolios' -> 'Develop Portfolio Recommendations and Track Decisions' — authority-risk label resolution (approved by Hamid).,AddAsAltLabel,Prior name not currently emitted; adding as skos:altLabel preserves the Step 3d historical record and old search terms.,,
CM-1-3-5-1,Sales Planning,Sales Strategy & Planning,prior_name,Sales Strategy & Planning,Step 3d naming pass (2026-09-21): renamed 'Sales Strategy & Planning' -> 'Sales Planning' — authority-risk label resolution (approved by Hamid).,RetainAsAltLabel,Prior name already emitted as skos:altLabel; no action.,,
CM-1-3-6-5-2,Manage Promotions and Events Execution,Manage Promotions/Events Execution,prior_name,Manage Promotions/Events Execution,Step 3d naming pass — normalization-only mechanical Batch 6 (2026-09-21): renamed 'Manage Promotions/Events Execution' -> 'Manage Promotions and Events Execution' (Hamid approval 2026-09-21). Purely lexical normalization...,RetainAsAltLabel,Prior name already emitted as skos:altLabel; no action.,,
CM-1-3-6-6,Loyalty and Cards Management (Marketing),Loyalty And Cards Management - Marketing,prior_name,Loyalty And Cards Management - Marketing,Step 3d naming pass — normalization-only mechanical Batch 6 (2026-09-21): renamed 'Loyalty And Cards Management - Marketing' -> 'Loyalty and Cards Management (Marketing)' (Hamid approval 2026-09-21). Purely lexical norma...,RetainAsAltLabel,Prior name already emitted as skos:altLabel; no action.,,
CM-1-3-6-6-1,Set Up Prospect,Setup Prospect,prior_name,Setup Prospect,Step 3d naming pass — normalization-only mechanical Batch 6 (2026-09-21): renamed 'Setup Prospect' -> 'Set Up Prospect' (Hamid approval 2026-09-21). Purely lexical normalization (capitalization / punctuation / abbreviati...,RetainAsAltLabel,Prior name already emitted as skos:altLabel; no action.,,
CM-1-3-6-6-12,Manage Additional Card Services,Manage Additional Card Services (On Road Services),prior_name,(none),Step 3d naming pass — normalization-only mechanical Batch 6 (2026-09-21): renamed 'Manage Additional Card Services (On Road Services)' -> 'Manage Additional Card Services' (Hamid approval 2026-09-21). Migration-map-only ...,AddAsAltLabel,Prior name not currently emitted; adding as skos:altLabel preserves the Step 3d historical record and old search terms.,,
CM-1-3-6-6-2,Manage Card Program Billing Coordination,Manage Invoicing,prior_name,Manage Invoicing,"Step 3d naming pass — scope-ambiguity Batch 1 (A+B+C, 2026-09-21): renamed 'Manage Invoicing' -> 'Manage Card Program Billing Coordination' (approved by Hamid; prior label retained as skos:altLabel).",RetainAsAltLabel,Prior name already emitted as skos:altLabel; no action.,,
CM-1-3-6-6-4,Manage Card Administration,"Manage Cards Administration (Order New Cards, Change Card Data)",prior_name,(none),"Step 3d naming pass — normalization-only mechanical Batch 6 (2026-09-21): renamed 'Manage Cards Administration (Order New Cards, Change Card Data)' -> 'Manage Card Administration' (Hamid approval 2026-09-21). Migration-m...",AddAsAltLabel,Prior name not currently emitted; adding as skos:altLabel preserves the Step 3d historical record and old search terms.,,
CM-1-3-6-6-6,Manage Card Delinquency and Collections Referral,Manage Bad Debt,prior_name,Manage Bad Debt,"Step 3d naming pass — scope-ambiguity Batch 1 (A+B+C, 2026-09-21): renamed 'Manage Bad Debt' -> 'Manage Card Delinquency and Collections Referral' (approved by Hamid; prior label retained as skos:altLabel).",RetainAsAltLabel,Prior name already emitted as skos:altLabel; no action.,,
CM-1-3-6-8,Commercial Agreement Compliance Management,Compliance Management,prior_name,Compliance Management,Step 3d naming pass — generic-operational Batch 5 (2026-09-21): renamed 'Compliance Management' -> 'Commercial Agreement Compliance Management' (Hamid approval 2026-09-21; independent reviewer recommendation: approve as ...,RetainAsAltLabel,Prior name already emitted as skos:altLabel; no action.,,
CM-1-3-6-8-1,Conduct Commercial Audit to Validate Reported Sales,Conduct Audit To Validate Reported Sales,prior_name,Conduct Audit To Validate Reported Sales,"Step 3d naming pass — scope-ambiguity Batch 1 (A+B+C, 2026-09-21): renamed 'Conduct Audit To Validate Reported Sales' -> 'Conduct Commercial Audit to Validate Reported Sales' (approved by Hamid; prior label retained as s...",RetainAsAltLabel,Prior name already emitted as skos:altLabel; no action.,,
CM-1-3-7-1,Manage Commercial Master Data Stewardship,"Manage Master Data (Customer, Price, Product, Tax, Location)",prior_name,"Manage Master Data (Customer, Price, Product, Tax, Location)","Step 3d naming pass — scope-ambiguity Batch 2 (D, 2026-09-21): renamed 'Manage Master Data (Customer, Price, Product, Tax, Location)' -> 'Manage Commercial Master Data Stewardship' (Hamid approval 2026-09-21, independent...",RetainAsAltLabel,Prior name already emitted as skos:altLabel; no action.,,
CM-1-3-7-1-1,Maintain Customer and Commercial Account Master Data,Maintain Customer Master Data,prior_name,Maintain Customer Master Data,"Step 3d naming pass — scope-ambiguity Batch 2 (D, 2026-09-21): renamed 'Maintain Customer Master Data' -> 'Maintain Customer and Commercial Account Master Data' (Hamid approval 2026-09-21, independent reviewer recommenda...",RetainAsAltLabel,Prior name already emitted as skos:altLabel; no action.,,
CM-1-3-7-1-3,Maintain Product and Service Master Data,Maintain Product Master Data,prior_name,Maintain Product Master Data,"Step 3d naming pass — scope-ambiguity Batch 2 (D, 2026-09-21): renamed 'Maintain Product Master Data' -> 'Maintain Product and Service Master Data' (Hamid approval 2026-09-21, independent reviewer recommendation). Prior ...",RetainAsAltLabel,Prior name already emitted as skos:altLabel; no action.,,
CM-1-3-7-1-5,Maintain Commercial Workflow Configuration,Maintain Workflows,prior_name,Maintain Workflows,"Step 3d naming pass — scope-ambiguity Batch 2 (D, 2026-09-21): renamed 'Maintain Workflows' -> 'Maintain Commercial Workflow Configuration' (Hamid approval 2026-09-21, independent reviewer recommendation). Prior label re...",RetainAsAltLabel,Prior name already emitted as skos:altLabel; no action.,,
CM-1-3-7-1-6,Maintain Commercial Policy Content and Approved Parameters,Maintain Commercial Policies,prior_name,Maintain Commercial Policies,"Step 3d naming pass — scope-ambiguity Batch 2 (D, 2026-09-21): renamed 'Maintain Commercial Policies' -> 'Maintain Commercial Policy Content and Approved Parameters' (Hamid approval 2026-09-21, independent reviewer recom...",RetainAsAltLabel,Prior name already emitted as skos:altLabel; no action.,,
CM-1-3-7-2,"Manage Commercial Terms, Quoting, and Customer Commercial Services",Manage Pricing & Contracting (Manage Quote & Sale),prior_name,Manage Pricing & Contracting (Manage Quote & Sale),"Step 3d naming pass — scope-ambiguity Batch 2 (D, 2026-09-21): renamed 'Manage Pricing & Contracting (Manage Quote & Sale)' -> 'Manage Commercial Terms, Quoting, and Customer Commercial Services' (Hamid approval 2026-09-...",RetainAsAltLabel,Prior name already emitted as skos:altLabel; no action.,,
CM-1-3-7-3-3,Change or Cancel Order,Change / Cancel Order,prior_name,Change / Cancel Order,Step 3d naming pass — normalization-only mechanical Batch 6 (2026-09-21): renamed 'Change / Cancel Order' -> 'Change or Cancel Order' (Hamid approval 2026-09-21). Purely lexical normalization (capitalization / punctuatio...,RetainAsAltLabel,Prior name already emitted as skos:altLabel; no action.,,
CM-1-3-7-3-6,Manage Commercial Returns Authorization and Coordination,Manage Returns,prior_name,Manage Returns,"Step 3d naming pass — scope-ambiguity Batch 2 (D, 2026-09-21): renamed 'Manage Returns' -> 'Manage Commercial Returns Authorization and Coordination' (Hamid approval 2026-09-21, independent reviewer recommendation). Prio...",RetainAsAltLabel,Prior name already emitted as skos:altLabel; no action.,,
CM-1-3-7-4-5,Perform Credit-Driven Customer Closure and Reinstatement,Perform Customer Closure & Reinstatement,prior_name,Perform Customer Closure & Reinstatement,"Step 3d naming pass — scope-ambiguity Batch 2 (D, 2026-09-21): renamed 'Perform Customer Closure & Reinstatement' -> 'Perform Credit-Driven Customer Closure and Reinstatement' (Hamid approval 2026-09-21, independent revi...",RetainAsAltLabel,Prior name already emitted as skos:altLabel; no action.,,
CM-1-3-7-4-6,Perform KYC Due Diligence,KYC Process,prior_name,KYC Process,"Step 3d naming pass — scope-ambiguity Batch 2 (D, 2026-09-21): renamed 'KYC Process' -> 'Perform KYC Due Diligence' (Hamid approval 2026-09-21, independent reviewer recommendation). Prior label retained as skos:altLabel;...",RetainAsAltLabel,Prior name already emitted as skos:altLabel; no action.,,
CM-1-3-7-5-1,Prioritize Customer Requests and Inquiries,Establish Priority Assignment of Customer Request/Inquiry,prior_name,Establish Priority Assignment of Customer Request/Inquiry,"Step 3d naming pass — scope-ambiguity Batch 2 (D, 2026-09-21): renamed 'Establish Priority Assignment of Customer Request/Inquiry' -> 'Prioritize Customer Requests and Inquiries' (Hamid approval 2026-09-21, independent r...",RetainAsAltLabel,Prior name already emitted as skos:altLabel; no action.,,
CM-1-3-7-5-2,Maintain Customer Request and Inquiry Records,Maintain Requests and Inquiries Master Database,prior_name,Maintain Requests and Inquiries Master Database,"Step 3d naming pass — scope-ambiguity Batch 2 (D, 2026-09-21): renamed 'Maintain Requests and Inquiries Master Database' -> 'Maintain Customer Request and Inquiry Records' (Hamid approval 2026-09-21, independent reviewer...",RetainAsAltLabel,Prior name already emitted as skos:altLabel; no action.,,
CM-1-3-7-5-4,Perform Customer Follow-Up,Perform Customer Follow up,prior_name,Perform Customer Follow up,Step 3d naming pass — normalization-only mechanical Batch 6 (2026-09-21): renamed 'Perform Customer Follow up' -> 'Perform Customer Follow-Up' (Hamid approval 2026-09-21). Purely lexical normalization (capitalization / p...,RetainAsAltLabel,Prior name already emitted as skos:altLabel; no action.,,
CM-1-3-7-5-5,Conduct Customer Service Reviews,Conduct Quarterly Review Meeting,prior_name,Conduct Quarterly Review Meeting,Step 3d naming pass — generic-operational Batch 5 (2026-09-21): renamed 'Conduct Quarterly Review Meeting' -> 'Conduct Customer Service Reviews' (Hamid approval 2026-09-21; independent reviewer recommendation: approve as...,RetainAsAltLabel,Prior name already emitted as skos:altLabel; no action.,,
CM-1-3-8-1-1,Create and Distribute Bill,Create & Distribute Bill,prior_name,Create & Distribute Bill,Step 3d naming pass — normalization-only mechanical Batch 6 (2026-09-21): renamed 'Create & Distribute Bill' -> 'Create and Distribute Bill' (Hamid approval 2026-09-21). Purely lexical normalization (capitalization / pun...,RetainAsAltLabel,Prior name already emitted as skos:altLabel; no action.,,
CM-1-3-8-1-2,Perform Self-Billing Accounting,Perform Accounting For Self-billing,prior_name,Perform Accounting For Self-billing,"Step 3d naming pass — scope-ambiguity Batch 3 (E+F, 2026-09-21): renamed 'Perform Accounting For Self-billing' -> 'Perform Self-Billing Accounting' (Hamid approval 2026-09-21, independent reviewer recommendation: approve...",RetainAsAltLabel,Prior name already emitted as skos:altLabel; no action.,,
CM-1-3-8-1-5,"Manage Invoice Exceptions, Reversals, and Rebilling",Create Exception & Reverse Invoice,prior_name,Create Exception & Reverse Invoice,"Step 3d naming pass — scope-ambiguity Batch 3 (E+F, 2026-09-21): renamed 'Create Exception & Reverse Invoice' -> 'Manage Invoice Exceptions, Reversals, and Rebilling' (Hamid approval 2026-09-21, independent reviewer reco...",RetainAsAltLabel,Prior name already emitted as skos:altLabel; no action.,,
CM-1-3-8-2-1,Record Customer Receipts and Payment Notifications,Receive Cash Receipts / Payment,prior_name,Receive Cash Receipts / Payment,"Step 3d naming pass — scope-ambiguity Batch 3 (E+F, 2026-09-21): renamed 'Receive Cash Receipts / Payment' -> 'Record Customer Receipts and Payment Notifications' (Hamid approval 2026-09-21, independent reviewer recommen...",RetainAsAltLabel,Prior name already emitted as skos:altLabel; no action.,,
CM-1-3-8-2-4,Manage Unapplied Receipts and Exceptions,Manage Unapplied Receipts / Exceptions,prior_name,Manage Unapplied Receipts / Exceptions,"Step 3d naming pass — scope-ambiguity Batch 3 (E+F, 2026-09-21): renamed 'Manage Unapplied Receipts / Exceptions' -> 'Manage Unapplied Receipts and Exceptions' (Hamid approval 2026-09-21, independent reviewer recommendat...",RetainAsAltLabel,Prior name already emitted as skos:altLabel; no action.,,
CM-1-3-8-2-5,"Perform Cash, Acquirer, and Receivables Reconciliations",Perform Reconciliations & Settlements,prior_name,Perform Reconciliations & Settlements,"Step 3d naming pass — scope-ambiguity Batch 3 (E+F, 2026-09-21): renamed 'Perform Reconciliations & Settlements' -> 'Perform Cash, Acquirer, and Receivables Reconciliations' (Hamid approval 2026-09-21, independent review...",RetainAsAltLabel,Prior name already emitted as skos:altLabel; no action.,,
CM-1-3-8-3,Manage Receivables Resolution,Manage Collection and Disputes,prior_name,Manage Collection and Disputes,"Step 3d naming pass — scope-ambiguity Batch 3 (E+F, 2026-09-21): renamed 'Manage Collection and Disputes' -> 'Manage Receivables Resolution' (Hamid approval 2026-09-21, independent reviewer recommendation: approve as pro...",RetainAsAltLabel,Prior name already emitted as skos:altLabel; no action.,,
CM-1-3-8-3-1,Manage Receivables Disputes,Dispute Management,prior_name,Dispute Management,"Step 3d naming pass — scope-ambiguity Batch 3 (E+F, 2026-09-21): renamed 'Dispute Management' -> 'Manage Receivables Disputes' (Hamid approval 2026-09-21, independent reviewer recommendation: approve as proposed). Prior ...",RetainAsAltLabel,Prior name already emitted as skos:altLabel; no action.,,
CM-1-3-8-3-2,Manage Receivables Collections,Collection Management,prior_name,Collection Management,"Step 3d naming pass — scope-ambiguity Batch 3 (E+F, 2026-09-21): renamed 'Collection Management' -> 'Manage Receivables Collections' (Hamid approval 2026-09-21, independent reviewer recommendation: approve as proposed). ...",RetainAsAltLabel,Prior name already emitted as skos:altLabel; no action.,,
CM-1-3-8-3-3,Determine Bad Debt Allowance,Bad Debt Allowance,prior_name,Bad Debt Allowance,"Step 3d naming pass — scope-ambiguity Batch 3 (E+F, 2026-09-21): renamed 'Bad Debt Allowance' -> 'Determine Bad Debt Allowance' (Hamid approval 2026-09-21, independent reviewer recommendation: approve as proposed). Prior...",RetainAsAltLabel,Prior name already emitted as skos:altLabel; no action.,,
CM-1-3-8-3-4,Develop Root-Cause Analyses and Action Plans,Develop Root Cause Analysis/Action Plan,prior_name,Develop Root Cause Analysis/Action Plan,"Step 3d naming pass — scope-ambiguity Batch 3 (E+F, 2026-09-21): renamed 'Develop Root Cause Analysis/Action Plan' -> 'Develop Root-Cause Analyses and Action Plans' (Hamid approval 2026-09-21, independent reviewer recomm...",RetainAsAltLabel,Prior name already emitted as skos:altLabel; no action.,,
CM-1-3-8-4-7,"Administer Royalty, Brand Fee, and Contribution Streams",Manage Collection of Royalty and Fees,prior_name,Manage Collection of Royalty and Fees,"Step 3d naming pass — scope-ambiguity Batch 3 (E+F, 2026-09-21): renamed 'Manage Collection of Royalty and Fees' -> 'Administer Royalty, Brand Fee, and Contribution Streams' (Hamid approval 2026-09-21, independent review...",RetainAsAltLabel,Prior name already emitted as skos:altLabel; no action.,,
CM-1-3-9-1-2,Manage Service Operations,Manage Operations,prior_name,Manage Operations,Step 3d naming pass — generic-operational Batch 5 (2026-09-21): renamed 'Manage Operations' -> 'Manage Service Operations' (Hamid approval 2026-09-21; independent reviewer recommendation: approve as proposed). Prior labe...,RetainAsAltLabel,Prior name already emitted as skos:altLabel; no action.,,
CM-1-3-9-2-1,Manage Service Delivery Data,Manage Data,prior_name,Manage Data,Step 3d naming pass — generic-operational Batch 5 (2026-09-21): renamed 'Manage Data' -> 'Manage Service Delivery Data' (Hamid approval 2026-09-21; independent reviewer recommendation: approve as proposed). Prior label r...,RetainAsAltLabel,Prior name already emitted as skos:altLabel; no action.,,
CM-1-3-9-2-2,Manage Customer Interactions in Service Delivery,Manage Customer,prior_name,(none),Step 3d naming pass — generic-operational Batch 5 (2026-09-21): renamed 'Manage Customer' -> 'Manage Customer Interactions in Service Delivery' (Hamid approval 2026-09-21; independent reviewer recommendation: approve wit...,AddAsAltLabel,Prior name not currently emitted; adding as skos:altLabel preserves the Step 3d historical record and old search terms.,,
CM-1-3-9-2-3,Fulfill Service Events,Fulfill Service Event,prior_name,Fulfill Service Event,Step 3d naming pass — generic-operational Batch 5 (2026-09-21): renamed 'Fulfill Service Event' -> 'Fulfill Service Events' (Hamid approval 2026-09-21; independent reviewer recommendation: approve as proposed). Prior lab...,RetainAsAltLabel,Prior name already emitted as skos:altLabel; no action.,,
CM-1-3-9-3-2,Measure Service Workforce Performance,Measure Service Employees,prior_name,Measure Service Employees,Step 3d naming pass — generic-operational Batch 5 (2026-09-21): renamed 'Measure Service Employees' -> 'Measure Service Workforce Performance' (Hamid approval 2026-09-21; independent reviewer recommendation: approve as p...,RetainAsAltLabel,Prior name already emitted as skos:altLabel; no action.,,
