row_id,baseline_sha,source,source_label,verb,target,target_label,hierarchy_relation,disposition,proposed,decision,reviewer_rationale
REL-00002,6ab2197ba3fe6246bdb501391d22b71d0338d2c7,CM-1-1-1-1-1,Prepare Master Data To Create Demand Forecast,enables,CM-1-1-1-1,Produce Demand Forecast,target-is-ancestor,ResolvedToConcept/StableIdentifier,"HOLD — restates hierarchy: child enables parent repeats skos:broader (REL-00366 precedent, Hamid 2026-09-24)",Hold for review,AncestorDescendantGovernanceAmbiguity (Hamid 2026-09-24): hold for review — needs human confirmation the relationship adds governance meaning beyond skos:broader.
REL-00013,6ab2197ba3fe6246bdb501391d22b71d0338d2c7,CM-1-1-1-1-5,Monitor Demand Forecasting Performance and Reporting,enables,CM-1-1-1-1,Produce Demand Forecast,target-is-ancestor,ResolvedToConcept/StableIdentifier,"HOLD — restates hierarchy: child enables parent repeats skos:broader (REL-00366 precedent, Hamid 2026-09-24)",Hold for review,AncestorDescendantGovernanceAmbiguity (Hamid 2026-09-24): hold for review — needs human confirmation the relationship adds governance meaning beyond skos:broader.
REL-00466,6ab2197ba3fe6246bdb501391d22b71d0338d2c7,CM-1-2-6-1-2,Evaluate Market Attractiveness,enables,CM-1-2-6-1,Supply Network Participation Analysis,target-is-ancestor,ResolvedToConcept/StableIdentifier,"HOLD — restates hierarchy: child enables parent repeats skos:broader (REL-00366 precedent, Hamid 2026-09-24)",Hold for review,AncestorDescendantGovernanceAmbiguity (Hamid 2026-09-24): hold for review — needs human confirmation the relationship adds governance meaning beyond skos:broader.
REL-00469,6ab2197ba3fe6246bdb501391d22b71d0338d2c7,CM-1-2-6-1-3,Assess Cost-to-Serve Performance,enables,CM-1-2-6-1,Supply Network Participation Analysis,target-is-ancestor,ResolvedToConcept/StableIdentifier,"HOLD — restates hierarchy: child enables parent repeats skos:broader (REL-00366 precedent, Hamid 2026-09-24)",Hold for review,AncestorDescendantGovernanceAmbiguity (Hamid 2026-09-24): hold for review — needs human confirmation the relationship adds governance meaning beyond skos:broader.
REL-00764,6ab2197ba3fe6246bdb501391d22b71d0338d2c7,CM-1-3-5-1-1,Determine & Allocate Sales Targets,governed-by,CM-1-3-5-1,Sales Planning,target-is-ancestor,ResolvedToConcept/StableIdentifier,"HOLD — restates hierarchy: child governed-by parent repeats skos:broader (REL-00366 precedent, Hamid 2026-09-24)",Hold for review,AncestorDescendantGovernanceAmbiguity (Hamid 2026-09-24): hold for review — needs human confirmation the relationship adds governance meaning beyond skos:broader.
REL-00768,6ab2197ba3fe6246bdb501391d22b71d0338d2c7,CM-1-3-5-1-2,Develop & Agree Demand Forecasting Process,governed-by,CM-1-3-5-1,Sales Planning,target-is-ancestor,ResolvedToConcept/StableIdentifier,"HOLD — restates hierarchy: child governed-by parent repeats skos:broader (REL-00366 precedent, Hamid 2026-09-24)",Hold for review,AncestorDescendantGovernanceAmbiguity (Hamid 2026-09-24): hold for review — needs human confirmation the relationship adds governance meaning beyond skos:broader.
REL-00773,6ab2197ba3fe6246bdb501391d22b71d0338d2c7,CM-1-3-5-1-4,Analyze Gaps Between Forecast & Actual Margins,enables,CM-1-3-5-1,Sales Planning,target-is-ancestor,ResolvedToConcept/StableIdentifier,"HOLD — restates hierarchy: child enables parent repeats skos:broader (REL-00366 precedent, Hamid 2026-09-24)",Hold for review,AncestorDescendantGovernanceAmbiguity (Hamid 2026-09-24): hold for review — needs human confirmation the relationship adds governance meaning beyond skos:broader.
REL-00912,6ab2197ba3fe6246bdb501391d22b71d0338d2c7,CM-1-3-6-8-1,Conduct Commercial Audit to Validate Reported Sales,governed-by,CM-1-3-6-8,Commercial Agreement Compliance Management,target-is-ancestor,ResolvedToConcept/StableIdentifier,"HOLD — restates hierarchy: child governed-by parent repeats skos:broader (REL-00366 precedent, Hamid 2026-09-24)",Hold for review,AncestorDescendantGovernanceAmbiguity (Hamid 2026-09-24): hold for review — needs human confirmation the relationship adds governance meaning beyond skos:broader.
REL-00923,6ab2197ba3fe6246bdb501391d22b71d0338d2c7,CM-1-3-7-1-5,Maintain Commercial Workflow Configuration,governed-by,CM-1-3-7-1,Manage Commercial Master Data Stewardship,target-is-ancestor,ResolvedToConcept/StableIdentifier,"HOLD — restates hierarchy: child governed-by parent repeats skos:broader (REL-00366 precedent, Hamid 2026-09-24)",Hold for review,AncestorDescendantGovernanceAmbiguity (Hamid 2026-09-24): hold for review — needs human confirmation the relationship adds governance meaning beyond skos:broader.
REL-00925,6ab2197ba3fe6246bdb501391d22b71d0338d2c7,CM-1-3-7-1-6,Maintain Commercial Policy Content and Approved Parameters,governed-by,CM-1-3-7-1,Manage Commercial Master Data Stewardship,target-is-ancestor,ResolvedToConcept/StableIdentifier,"HOLD — restates hierarchy: child governed-by parent repeats skos:broader (REL-00366 precedent, Hamid 2026-09-24)",Hold for review,AncestorDescendantGovernanceAmbiguity (Hamid 2026-09-24): hold for review — needs human confirmation the relationship adds governance meaning beyond skos:broader.
REL-01309,6ab2197ba3fe6246bdb501391d22b71d0338d2c7,CM-1-2-4-2,Accounting,governed-by,CM-1-2-4-2-12,Maintain Trading Accounting Procedures and Guidance,target-is-descendant,ResolvedToConcept/StableIdentifier,APPROVED — Hamid 2026-09-24: procedures-govern-parent pattern (set-versus-apply),Approve,Hamid 2026-09-24
