concept_slug,baseline_sha,label_kind,historical_label,current_prefLabel,proposed_disposition,rationale,collides_with_live_prefLabel,decision,reviewer_rationale
CM-1-1-2-10,6ab2197ba3fe6246bdb501391d22b71d0338d2c7,prior_name,Crude Allocation Decision,Allocate Crude and Feedstock,AddAsAltLabel,"validator-clean prior name; no live collision; Step 3d renamed verb-first, prior form is a safe search synonym. [validator-clean]",,,
CM-1-1-2-11,6ab2197ba3fe6246bdb501391d22b71d0338d2c7,prior_name,Product Allocation Decision,Allocate Finished Products,AddAsAltLabel,validator-clean prior name; no live collision; safe search synonym for the renamed concept. [validator-clean],,,
CM-1-1-4,6ab2197ba3fe6246bdb501391d22b71d0338d2c7,prior_name,Refinery Planning,Refinery Planning and Optimization,MigrationOnly,R1 recorded 'Refinery Planning' as migration-only; bare form implies the pre-R1 scope. [validator-clean],,Approved,Hamid 2026-09-24: approved MigrationOnly — former labels are prefixes/subsets of the more precise current labels; do not add as aliases (would blur plan-vs-optimization and scheduling-vs-production-planning scope).
CM-1-1-7,6ab2197ba3fe6246bdb501391d22b71d0338d2c7,prior_name,Refinery Scheduling,Refinery Production Planning and Scheduling,MigrationOnly,R1 recorded 'Refinery Scheduling' as migration-only; bare form implies the pre-R1 scope. [validator-clean],,Approved,Hamid 2026-09-24: approved MigrationOnly — former labels are prefixes/subsets of the more precise current labels; do not add as aliases (would blur plan-vs-optimization and scheduling-vs-production-planning scope).
CM-1-2-4-2-6,6ab2197ba3fe6246bdb501391d22b71d0338d2c7,prior_name,Reconcile Economic PNL To Accounting PNL,Reconcile Economic PNL to Accounting PNL,MigrationOnly,case-only predecessor ('To' vs 'to'); must not become an active alias. [validator-clean],,,
CM-1-3-6-6-7,6ab2197ba3fe6246bdb501391d22b71d0338d2c7,prior_name,Perform Transaction Analysis Reporting & Confirmation,"Analyze, Report, and Confirm Card Transactions",AddAsAltLabel,"validator-clean prior name; no live collision; not currently emitted, safe to add. [validator-clean]",,,
CM-1-3-6-6-9,6ab2197ba3fe6246bdb501391d22b71d0338d2c7,prior_name,Analyze Consumption Planning & Monitor Stock,Plan Card Stock Consumption and Monitor Inventory,RetainAsAltLabel,"already emitted in TTL aliases, unique, no live collision; carried through cutover. [validator-clean]",,,
CM-1-3-6-7,6ab2197ba3fe6246bdb501391d22b71d0338d2c7,prior_name,Brand Standard Management,Brand Standards Management,RetainAsAltLabel,"already emitted in TTL aliases, unique, no live collision; carried through cutover. [validator-clean]",,,
CM-1-3-6-7-1,6ab2197ba3fe6246bdb501391d22b71d0338d2c7,prior_name,Manage Brand Standards and Perform Inspection,Manage Brand Standards and Inspections,RetainAsAltLabel,"already emitted in TTL aliases, unique, no live collision; carried through cutover. [validator-clean]",,,
CM-1-3-7-2-3,6ab2197ba3fe6246bdb501391d22b71d0338d2c7,prior_name,Develop & Monitor Revenue Plan,Develop and Monitor Commercial Revenue Plan,RetainAsAltLabel,"already emitted in TTL aliases, unique, no live collision; carried through cutover. [validator-clean]",,,
CM-1-3-7-3-5,6ab2197ba3fe6246bdb501391d22b71d0338d2c7,prior_name,Track & Forecast Order,Track Order Book and Forecast Order Volumes,RetainAsAltLabel,"already emitted in TTL aliases, unique, no live collision; carried through cutover. [validator-clean]",,,
CM-1-3-8-4-1,6ab2197ba3fe6246bdb501391d22b71d0338d2c7,prior_name,Period End Processing,Perform Period-End Processing,RetainAsAltLabel,"already emitted in TTL aliases, unique, no live collision; carried through cutover. [validator-clean]",,,
CM-1-3-8-4-2,6ab2197ba3fe6246bdb501391d22b71d0338d2c7,prior_name,AR Reconciliation / Compliance,Perform AR Reconciliation and Compliance,RetainAsAltLabel,"already emitted in TTL aliases, unique, no live collision; carried through cutover. [validator-clean]",,,
CM-1-3-8-4-3,6ab2197ba3fe6246bdb501391d22b71d0338d2c7,prior_name,Accruals Analysis And Calculation,Analyze and Calculate Accruals,RetainAsAltLabel,"already emitted in TTL aliases, unique, no live collision; carried through cutover. [validator-clean]",,,
