row_id,baseline_sha,source,verb,v1_1_raw_target,v2_raw_target,candidate,v1_1_disposition,v2_disposition,context,carry_basis,decision,reviewer_rationale
REL-00014,6ab2197ba3fe6246bdb501391d22b71d0338d2c7,CM-1-1-2-10,informed-by,Refinery Planning,Refinery Planning and Optimization,CM-1-1-4,ResolvedToConcept/ContextualResolved,SoleCandidate/CandidateOnly,HOLD,mechanical PR #120 disposition rename; raw label changed — needs review,Pending review,
REL-00016,6ab2197ba3fe6246bdb501391d22b71d0338d2c7,CM-1-1-2-10,precedes,Refinery Scheduling,Refinery Production Planning and Scheduling,CM-1-1-7,ResolvedToConcept/ContextualResolved,SoleCandidate/CandidateOnly,HOLD,mechanical PR #120 disposition rename; raw label changed — needs review,Pending review,
REL-00023,6ab2197ba3fe6246bdb501391d22b71d0338d2c7,CM-1-1-2-12,informed-by,Refinery Planning,Refinery Planning and Optimization,CM-1-1-4,ResolvedToConcept/ContextualResolved,SoleCandidate/CandidateOnly,HOLD,mechanical PR #120 disposition rename; raw label changed — needs review,Pending review,
REL-00026,6ab2197ba3fe6246bdb501391d22b71d0338d2c7,CM-1-1-2-13,informed-by,Refinery Planning,Refinery Planning and Optimization,CM-1-1-4,ResolvedToConcept/ContextualResolved,SoleCandidate/CandidateOnly,HOLD,mechanical PR #120 disposition rename; raw label changed — needs review,Pending review,
REL-00042,6ab2197ba3fe6246bdb501391d22b71d0338d2c7,CM-1-1-3-7-1,informed-by,Refinery Planning,Refinery Planning and Optimization,CM-1-1-4,ResolvedToConcept/ContextualResolved,SoleCandidate/CandidateOnly,HOLD,mechanical PR #120 disposition rename; raw label changed — needs review,Pending review,
REL-00051,6ab2197ba3fe6246bdb501391d22b71d0338d2c7,CM-1-1-3-7-2,informed-by,Refinery Planning,Refinery Planning and Optimization,CM-1-1-4,ResolvedToConcept/ContextualResolved,SoleCandidate/CandidateOnly,PROMOTE/A:explicit-reference,mechanical PR #120 disposition rename; raw label changed — needs review,Pending review,
REL-00106,6ab2197ba3fe6246bdb501391d22b71d0338d2c7,CM-1-1-4-7-7,governed-by,Refinery Planning,Refinery Planning and Optimization,CM-1-1-4,ResolvedToConcept/ContextualResolved,SoleCandidate/CandidateOnly,PROMOTE/A:explicit-reference,mechanical PR #120 disposition rename; raw label changed — needs review,Pending review,
REL-00112,6ab2197ba3fe6246bdb501391d22b71d0338d2c7,CM-1-1-4-7-8,precedes,Refinery Planning,Refinery Planning and Optimization,CM-1-1-4,ResolvedToConcept/ContextualResolved,SoleCandidate/CandidateOnly,PROMOTE/A:explicit-reference,mechanical PR #120 disposition rename; raw label changed — needs review,Pending review,
REL-00134,6ab2197ba3fe6246bdb501391d22b71d0338d2c7,CM-1-1-7-2-6,informed-by,Refinery Planning,Refinery Planning and Optimization,CM-1-1-4,ResolvedToConcept/ContextualResolved,SoleCandidate/CandidateOnly,PROMOTE/A:explicit-reference,mechanical PR #120 disposition rename; raw label changed — needs review,Pending review,
REL-00141,6ab2197ba3fe6246bdb501391d22b71d0338d2c7,CM-1-2-1-1-1,informed-by,Refinery Planning,Refinery Planning and Optimization,CM-1-1-4,ResolvedToConcept/ContextualResolved,SoleCandidate/CandidateOnly,PROMOTE/A:explicit-reference,mechanical PR #120 disposition rename; raw label changed — needs review,Pending review,
REL-00432,6ab2197ba3fe6246bdb501391d22b71d0338d2c7,CM-1-2-5-1-2,informed-by,Refinery Planning,Refinery Planning and Optimization,CM-1-1-4,ResolvedToConcept/ContextualResolved,SoleCandidate/CandidateOnly,PROMOTE/A:explicit-reference,mechanical PR #120 disposition rename; raw label changed — needs review,Pending review,
REL-00442,6ab2197ba3fe6246bdb501391d22b71d0338d2c7,CM-1-2-5-2-2,uses-input,Refinery Planning,Refinery Planning and Optimization,CM-1-1-4,ResolvedToConcept/ContextualResolved,SoleCandidate/CandidateOnly,PROMOTE/A:explicit-reference,mechanical PR #120 disposition rename; raw label changed — needs review,Pending review,
REL-00445,6ab2197ba3fe6246bdb501391d22b71d0338d2c7,CM-1-2-5-2-3,enables,Refinery Planning,Refinery Planning and Optimization,CM-1-1-4,ResolvedToConcept/ContextualResolved,SoleCandidate/CandidateOnly,PROMOTE/A:explicit-reference,mechanical PR #120 disposition rename; raw label changed — needs review,Pending review,
REL-01123,6ab2197ba3fe6246bdb501391d22b71d0338d2c7,CM-1-2-5-2,informed-by,Refinery Planning,Refinery Planning and Optimization,CM-1-1-4,ResolvedToConcept/ContextualResolved,SoleCandidate/CandidateOnly,PROMOTE/A:explicit-reference,mechanical PR #120 disposition rename; raw label changed — needs review,Pending review,
REL-01241,6ab2197ba3fe6246bdb501391d22b71d0338d2c7,CM-1-1-7-2,follows,Refinery Planning,Refinery Planning and Optimization,CM-1-1-4,ResolvedToConcept/ContextualResolved,SoleCandidate/CandidateOnly,PROMOTE/A:explicit-reference,mechanical PR #120 disposition rename; raw label changed — needs review,Pending review,
REL-01244,6ab2197ba3fe6246bdb501391d22b71d0338d2c7,CM-1-2-1-1,informed-by,Refinery Planning,Refinery Planning and Optimization,CM-1-1-4,ResolvedToConcept/ContextualResolved,SoleCandidate/CandidateOnly,PROMOTE/A:explicit-reference,mechanical PR #120 disposition rename; raw label changed — needs review,Pending review,
REL-01281,6ab2197ba3fe6246bdb501391d22b71d0338d2c7,CM-1-1-4-7,enables,Refinery Planning,Refinery Planning and Optimization,CM-1-1-4,ResolvedToConcept/ContextualResolved,SoleCandidate/CandidateOnly,HOLD,mechanical PR #120 disposition rename; raw label changed — needs review,Pending review,
REL-01285,6ab2197ba3fe6246bdb501391d22b71d0338d2c7,CM-1-1-4-7,precedes,Refinery Scheduling,Refinery Production Planning and Scheduling,CM-1-1-7,ResolvedToConcept/ContextualResolved,SoleCandidate/CandidateOnly,HOLD,mechanical PR #120 disposition rename; raw label changed — needs review,Pending review,
REL-00027,6ab2197ba3fe6246bdb501391d22b71d0338d2c7,CM-1-1-2-13,enables,Product Allocation Decision,Allocate Finished Products (CM-1-1-2-11),CM-1-1-2-11,ResolvedToConcept/ContextualResolved,ResolvedToConcept/StableIdentifier,n/a (stable-ID path),"strengthened: same target, stronger evidence — carries per rule-3 exception",Approval carried,"Hamid 2026-09-24 — Decision: Approval carried. Reason: same subject, verb, candidate slug, target concept, and disposition; only evidence strengthened through a stable target slug/notation addition. Required validation performed: batch built on the (source_slug, verb, candidate_slugs) semantic key, so verb and candidate target are identical by construction; inserted slug resolves to the same candidate target."
REL-00282,6ab2197ba3fe6246bdb501391d22b71d0338d2c7,CM-1-2-2-3-5,enables,Reconcile Economic PNL To Accounting PNL,Reconcile Economic PNL to Accounting PNL (CM-1-2-4-2-6),CM-1-2-4-2-6,ResolvedToConcept/ContextualResolved,ResolvedToConcept/StableIdentifier,n/a (stable-ID path),"strengthened: same target, stronger evidence — carries per rule-3 exception",Approval carried,"Hamid 2026-09-24 — Decision: Approval carried. Reason: same subject, verb, candidate slug, target concept, and disposition; only evidence strengthened through a stable target slug/notation addition. Required validation performed: batch built on the (source_slug, verb, candidate_slugs) semantic key, so verb and candidate target are identical by construction; inserted slug resolves to the same candidate target."
REL-00294,6ab2197ba3fe6246bdb501391d22b71d0338d2c7,CM-1-2-2-3-9,enables,Reconcile Economic PNL To Accounting PNL,Reconcile Economic PNL to Accounting PNL (CM-1-2-4-2-6),CM-1-2-4-2-6,ResolvedToConcept/ContextualResolved,ResolvedToConcept/StableIdentifier,n/a (stable-ID path),"strengthened: same target, stronger evidence — carries per rule-3 exception",Approval carried,"Hamid 2026-09-24 — Decision: Approval carried. Reason: same subject, verb, candidate slug, target concept, and disposition; only evidence strengthened through a stable target slug/notation addition. Required validation performed: batch built on the (source_slug, verb, candidate_slugs) semantic key, so verb and candidate target are identical by construction; inserted slug resolves to the same candidate target."
REL-00379,6ab2197ba3fe6246bdb501391d22b71d0338d2c7,CM-1-2-4-2-5,enables,Reconcile Economic PNL To Accounting PNL,Reconcile Economic PNL to Accounting PNL (CM-1-2-4-2-6),CM-1-2-4-2-6,ResolvedToConcept/ContextualResolved,ResolvedToConcept/StableIdentifier,n/a (stable-ID path),"strengthened: same target, stronger evidence — carries per rule-3 exception",Approval carried,"Hamid 2026-09-24 — Decision: Approval carried. Reason: same subject, verb, candidate slug, target concept, and disposition; only evidence strengthened through a stable target slug/notation addition. Required validation performed: batch built on the (source_slug, verb, candidate_slugs) semantic key, so verb and candidate target are identical by construction; inserted slug resolves to the same candidate target."
REL-00383,6ab2197ba3fe6246bdb501391d22b71d0338d2c7,CM-1-2-4-2-7,uses-input,Reconcile Economic PNL To Accounting PNL,Reconcile Economic PNL to Accounting PNL (CM-1-2-4-2-6),CM-1-2-4-2-6,ResolvedToConcept/ContextualResolved,ResolvedToConcept/StableIdentifier,n/a (stable-ID path),"strengthened: same target, stronger evidence — carries per rule-3 exception",Approval carried,"Hamid 2026-09-24 — Decision: Approval carried. Reason: same subject, verb, candidate slug, target concept, and disposition; only evidence strengthened through a stable target slug/notation addition. Required validation performed: batch built on the (source_slug, verb, candidate_slugs) semantic key, so verb and candidate target are identical by construction; inserted slug resolves to the same candidate target."
REL-00577,6ab2197ba3fe6246bdb501391d22b71d0338d2c7,CM-1-3-10-3,governed-by,Product Allocation Decision,Allocate Finished Products (CM-1-1-2-11),CM-1-1-2-11,ResolvedToConcept/ContextualResolved,ResolvedToConcept/StableIdentifier,n/a (stable-ID path),"strengthened: same target, stronger evidence — carries per rule-3 exception",Approval carried,"Hamid 2026-09-24 — Decision: Approval carried. Reason: same subject, verb, candidate slug, target concept, and disposition; only evidence strengthened through a stable target slug/notation addition. Required validation performed: batch built on the (source_slug, verb, candidate_slugs) semantic key, so verb and candidate target are identical by construction; inserted slug resolves to the same candidate target."
REL-00596,6ab2197ba3fe6246bdb501391d22b71d0338d2c7,CM-1-3-2-1-4,enables,Brand Standard Management,Brand Standards Management (CM-1-3-6-7),CM-1-3-6-7,ResolvedToConcept/ContextualResolved,ResolvedToConcept/StableIdentifier,n/a (stable-ID path),"strengthened: same target, stronger evidence — carries per rule-3 exception",Approval carried,"Hamid 2026-09-24 — Decision: Approval carried. Reason: same subject, verb, candidate slug, target concept, and disposition; only evidence strengthened through a stable target slug/notation addition. Required validation performed: batch built on the (source_slug, verb, candidate_slugs) semantic key, so verb and candidate target are identical by construction; inserted slug resolves to the same candidate target."
REL-00800,6ab2197ba3fe6246bdb501391d22b71d0338d2c7,CM-1-3-5-3-7,uses-input,Brand Standard Management,Brand Standards Management (CM-1-3-6-7),CM-1-3-6-7,ResolvedToConcept/ContextualResolved,ResolvedToConcept/StableIdentifier,n/a (stable-ID path),"strengthened: same target, stronger evidence — carries per rule-3 exception",Approval carried,"Hamid 2026-09-24 — Decision: Approval carried. Reason: same subject, verb, candidate slug, target concept, and disposition; only evidence strengthened through a stable target slug/notation addition. Required validation performed: batch built on the (source_slug, verb, candidate_slugs) semantic key, so verb and candidate target are identical by construction; inserted slug resolves to the same candidate target."
REL-00831,6ab2197ba3fe6246bdb501391d22b71d0338d2c7,CM-1-3-6-1-4,uses-input,Brand Standard Management,Brand Standards Management (CM-1-3-6-7),CM-1-3-6-7,ResolvedToConcept/ContextualResolved,ResolvedToConcept/StableIdentifier,n/a (stable-ID path),"strengthened: same target, stronger evidence — carries per rule-3 exception",Approval carried,"Hamid 2026-09-24 — Decision: Approval carried. Reason: same subject, verb, candidate slug, target concept, and disposition; only evidence strengthened through a stable target slug/notation addition. Required validation performed: batch built on the (source_slug, verb, candidate_slugs) semantic key, so verb and candidate target are identical by construction; inserted slug resolves to the same candidate target."
REL-00865,6ab2197ba3fe6246bdb501391d22b71d0338d2c7,CM-1-3-6-4-3,enables,Accruals Analysis And Calculation,Analyze and Calculate Accruals (CM-1-3-8-4-3),CM-1-3-8-4-3,ResolvedToConcept/ContextualResolved,ResolvedToConcept/StableIdentifier,n/a (stable-ID path),"strengthened: same target, stronger evidence — carries per rule-3 exception",Approval carried,"Hamid 2026-09-24 — Decision: Approval carried. Reason: same subject, verb, candidate slug, target concept, and disposition; only evidence strengthened through a stable target slug/notation addition. Required validation performed: batch built on the (source_slug, verb, candidate_slugs) semantic key, so verb and candidate target are identical by construction; inserted slug resolves to the same candidate target."
REL-00877,6ab2197ba3fe6246bdb501391d22b71d0338d2c7,CM-1-3-6-6-11,informed-by,Perform Transaction Analysis Reporting & Confirmation,"Analyze, Report, and Confirm Card Transactions (CM-1-3-6-6-7)",CM-1-3-6-6-7,ResolvedToConcept/ContextualResolved,ResolvedToConcept/StableIdentifier,n/a (stable-ID path),"strengthened: same target, stronger evidence — carries per rule-3 exception",Approval carried,"Hamid 2026-09-24 — Decision: Approval carried. Reason: same subject, verb, candidate slug, target concept, and disposition; only evidence strengthened through a stable target slug/notation addition. Required validation performed: batch built on the (source_slug, verb, candidate_slugs) semantic key, so verb and candidate target are identical by construction; inserted slug resolves to the same candidate target."
REL-00882,6ab2197ba3fe6246bdb501391d22b71d0338d2c7,CM-1-3-6-6-13,uses-input,Analyze Consumption Planning & Monitor Stock,Plan Card Stock Consumption and Monitor Inventory (CM-1-3-6-6-9),CM-1-3-6-6-9,ResolvedToConcept/ContextualResolved,ResolvedToConcept/StableIdentifier,n/a (stable-ID path),"strengthened: same target, stronger evidence — carries per rule-3 exception",Approval carried,"Hamid 2026-09-24 — Decision: Approval carried. Reason: same subject, verb, candidate slug, target concept, and disposition; only evidence strengthened through a stable target slug/notation addition. Required validation performed: batch built on the (source_slug, verb, candidate_slugs) semantic key, so verb and candidate target are identical by construction; inserted slug resolves to the same candidate target."
REL-00885,6ab2197ba3fe6246bdb501391d22b71d0338d2c7,CM-1-3-6-6-14,enables,Perform Transaction Analysis Reporting & Confirmation,"Analyze, Report, and Confirm Card Transactions (CM-1-3-6-6-7)",CM-1-3-6-6-7,ResolvedToConcept/ContextualResolved,ResolvedToConcept/StableIdentifier,n/a (stable-ID path),"strengthened: same target, stronger evidence — carries per rule-3 exception",Approval carried,"Hamid 2026-09-24 — Decision: Approval carried. Reason: same subject, verb, candidate slug, target concept, and disposition; only evidence strengthened through a stable target slug/notation addition. Required validation performed: batch built on the (source_slug, verb, candidate_slugs) semantic key, so verb and candidate target are identical by construction; inserted slug resolves to the same candidate target."
REL-00888,6ab2197ba3fe6246bdb501391d22b71d0338d2c7,CM-1-3-6-6-2,uses-input,Perform Transaction Analysis Reporting & Confirmation,"Analyze, Report, and Confirm Card Transactions (CM-1-3-6-6-7)",CM-1-3-6-6-7,ResolvedToConcept/ContextualResolved,ResolvedToConcept/StableIdentifier,n/a (stable-ID path),"strengthened: same target, stronger evidence — carries per rule-3 exception",Approval carried,"Hamid 2026-09-24 — Decision: Approval carried. Reason: same subject, verb, candidate slug, target concept, and disposition; only evidence strengthened through a stable target slug/notation addition. Required validation performed: batch built on the (source_slug, verb, candidate_slugs) semantic key, so verb and candidate target are identical by construction; inserted slug resolves to the same candidate target."
REL-00890,6ab2197ba3fe6246bdb501391d22b71d0338d2c7,CM-1-3-6-6-3,uses-input,Perform Transaction Analysis Reporting & Confirmation,"Analyze, Report, and Confirm Card Transactions (CM-1-3-6-6-7)",CM-1-3-6-6-7,ResolvedToConcept/ContextualResolved,ResolvedToConcept/StableIdentifier,n/a (stable-ID path),"strengthened: same target, stronger evidence — carries per rule-3 exception",Approval carried,"Hamid 2026-09-24 — Decision: Approval carried. Reason: same subject, verb, candidate slug, target concept, and disposition; only evidence strengthened through a stable target slug/notation addition. Required validation performed: batch built on the (source_slug, verb, candidate_slugs) semantic key, so verb and candidate target are identical by construction; inserted slug resolves to the same candidate target."
REL-00902,6ab2197ba3fe6246bdb501391d22b71d0338d2c7,CM-1-3-6-6-8,governed-by,Brand Standard Management,Brand Standards Management (CM-1-3-6-7),CM-1-3-6-7,ResolvedToConcept/ContextualResolved,ResolvedToConcept/StableIdentifier,n/a (stable-ID path),"strengthened: same target, stronger evidence — carries per rule-3 exception",Approval carried,"Hamid 2026-09-24 — Decision: Approval carried. Reason: same subject, verb, candidate slug, target concept, and disposition; only evidence strengthened through a stable target slug/notation addition. Required validation performed: batch built on the (source_slug, verb, candidate_slugs) semantic key, so verb and candidate target are identical by construction; inserted slug resolves to the same candidate target."
REL-00908,6ab2197ba3fe6246bdb501391d22b71d0338d2c7,CM-1-3-6-7-2,governed-by,Manage Brand Standards and Perform Inspection,Manage Brand Standards and Inspections (CM-1-3-6-7-1),CM-1-3-6-7-1,ResolvedToConcept/ContextualResolved,ResolvedToConcept/StableIdentifier,n/a (stable-ID path),"strengthened: same target, stronger evidence — carries per rule-3 exception",Approval carried,"Hamid 2026-09-24 — Decision: Approval carried. Reason: same subject, verb, candidate slug, target concept, and disposition; only evidence strengthened through a stable target slug/notation addition. Required validation performed: batch built on the (source_slug, verb, candidate_slugs) semantic key, so verb and candidate target are identical by construction; inserted slug resolves to the same candidate target."
REL-00940,6ab2197ba3fe6246bdb501391d22b71d0338d2c7,CM-1-3-7-2-5,uses-input,Develop & Monitor Revenue Plan,Develop and Monitor Commercial Revenue Plan (CM-1-3-7-2-3),CM-1-3-7-2-3,ResolvedToConcept/ContextualResolved,ResolvedToConcept/StableIdentifier,n/a (stable-ID path),"strengthened: same target, stronger evidence — carries per rule-3 exception",Approval carried,"Hamid 2026-09-24 — Decision: Approval carried. Reason: same subject, verb, candidate slug, target concept, and disposition; only evidence strengthened through a stable target slug/notation addition. Required validation performed: batch built on the (source_slug, verb, candidate_slugs) semantic key, so verb and candidate target are identical by construction; inserted slug resolves to the same candidate target."
REL-00958,6ab2197ba3fe6246bdb501391d22b71d0338d2c7,CM-1-3-7-3-4,enables,Track & Forecast Order,Track Order Book and Forecast Order Volumes (CM-1-3-7-3-5),CM-1-3-7-3-5,ResolvedToConcept/ContextualResolved,ResolvedToConcept/StableIdentifier,n/a (stable-ID path),"strengthened: same target, stronger evidence — carries per rule-3 exception",Approval carried,"Hamid 2026-09-24 — Decision: Approval carried. Reason: same subject, verb, candidate slug, target concept, and disposition; only evidence strengthened through a stable target slug/notation addition. Required validation performed: batch built on the (source_slug, verb, candidate_slugs) semantic key, so verb and candidate target are identical by construction; inserted slug resolves to the same candidate target."
REL-01028,6ab2197ba3fe6246bdb501391d22b71d0338d2c7,CM-1-3-8-2-4,enables,AR Reconciliation / Compliance,Perform AR Reconciliation and Compliance (CM-1-3-8-4-2),CM-1-3-8-4-2,ResolvedToConcept/ContextualResolved,ResolvedToConcept/StableIdentifier,n/a (stable-ID path),"strengthened: same target, stronger evidence — carries per rule-3 exception",Approval carried,"Hamid 2026-09-24 — Decision: Approval carried. Reason: same subject, verb, candidate slug, target concept, and disposition; only evidence strengthened through a stable target slug/notation addition. Required validation performed: batch built on the (source_slug, verb, candidate_slugs) semantic key, so verb and candidate target are identical by construction; inserted slug resolves to the same candidate target."
REL-01031,6ab2197ba3fe6246bdb501391d22b71d0338d2c7,CM-1-3-8-2-5,enables,AR Reconciliation / Compliance,Perform AR Reconciliation and Compliance (CM-1-3-8-4-2),CM-1-3-8-4-2,ResolvedToConcept/ContextualResolved,ResolvedToConcept/StableIdentifier,n/a (stable-ID path),"strengthened: same target, stronger evidence — carries per rule-3 exception",Approval carried,"Hamid 2026-09-24 — Decision: Approval carried. Reason: same subject, verb, candidate slug, target concept, and disposition; only evidence strengthened through a stable target slug/notation addition. Required validation performed: batch built on the (source_slug, verb, candidate_slugs) semantic key, so verb and candidate target are identical by construction; inserted slug resolves to the same candidate target."
REL-01034,6ab2197ba3fe6246bdb501391d22b71d0338d2c7,CM-1-3-8-2-6,uses-input,Accruals Analysis And Calculation,Analyze and Calculate Accruals (CM-1-3-8-4-3),CM-1-3-8-4-3,ResolvedToConcept/ContextualResolved,ResolvedToConcept/StableIdentifier,n/a (stable-ID path),"strengthened: same target, stronger evidence — carries per rule-3 exception",Approval carried,"Hamid 2026-09-24 — Decision: Approval carried. Reason: same subject, verb, candidate slug, target concept, and disposition; only evidence strengthened through a stable target slug/notation addition. Required validation performed: batch built on the (source_slug, verb, candidate_slugs) semantic key, so verb and candidate target are identical by construction; inserted slug resolves to the same candidate target."
REL-01035,6ab2197ba3fe6246bdb501391d22b71d0338d2c7,CM-1-3-8-2-6,enables,Period End Processing,Perform Period-End Processing (CM-1-3-8-4-1),CM-1-3-8-4-1,ResolvedToConcept/ContextualResolved,ResolvedToConcept/StableIdentifier,n/a (stable-ID path),"strengthened: same target, stronger evidence — carries per rule-3 exception",Approval carried,"Hamid 2026-09-24 — Decision: Approval carried. Reason: same subject, verb, candidate slug, target concept, and disposition; only evidence strengthened through a stable target slug/notation addition. Required validation performed: batch built on the (source_slug, verb, candidate_slugs) semantic key, so verb and candidate target are identical by construction; inserted slug resolves to the same candidate target."
REL-01046,6ab2197ba3fe6246bdb501391d22b71d0338d2c7,CM-1-3-8-3-3,enables,Period End Processing,Perform Period-End Processing (CM-1-3-8-4-1),CM-1-3-8-4-1,ResolvedToConcept/ContextualResolved,ResolvedToConcept/StableIdentifier,n/a (stable-ID path),"strengthened: same target, stronger evidence — carries per rule-3 exception",Approval carried,"Hamid 2026-09-24 — Decision: Approval carried. Reason: same subject, verb, candidate slug, target concept, and disposition; only evidence strengthened through a stable target slug/notation addition. Required validation performed: batch built on the (source_slug, verb, candidate_slugs) semantic key, so verb and candidate target are identical by construction; inserted slug resolves to the same candidate target."
REL-01052,6ab2197ba3fe6246bdb501391d22b71d0338d2c7,CM-1-3-8-4-1,uses-input,Accruals Analysis And Calculation,Analyze and Calculate Accruals (CM-1-3-8-4-3),CM-1-3-8-4-3,ResolvedToConcept/ContextualResolved,ResolvedToConcept/StableIdentifier,n/a (stable-ID path),"strengthened: same target, stronger evidence — carries per rule-3 exception",Approval carried,"Hamid 2026-09-24 — Decision: Approval carried. Reason: same subject, verb, candidate slug, target concept, and disposition; only evidence strengthened through a stable target slug/notation addition. Required validation performed: batch built on the (source_slug, verb, candidate_slugs) semantic key, so verb and candidate target are identical by construction; inserted slug resolves to the same candidate target."
REL-01053,6ab2197ba3fe6246bdb501391d22b71d0338d2c7,CM-1-3-8-4-1,enables,AR Reconciliation / Compliance,Perform AR Reconciliation and Compliance (CM-1-3-8-4-2),CM-1-3-8-4-2,ResolvedToConcept/ContextualResolved,ResolvedToConcept/StableIdentifier,n/a (stable-ID path),"strengthened: same target, stronger evidence — carries per rule-3 exception",Approval carried,"Hamid 2026-09-24 — Decision: Approval carried. Reason: same subject, verb, candidate slug, target concept, and disposition; only evidence strengthened through a stable target slug/notation addition. Required validation performed: batch built on the (source_slug, verb, candidate_slugs) semantic key, so verb and candidate target are identical by construction; inserted slug resolves to the same candidate target."
REL-01056,6ab2197ba3fe6246bdb501391d22b71d0338d2c7,CM-1-3-8-4-2,enables,Period End Processing,Perform Period-End Processing (CM-1-3-8-4-1),CM-1-3-8-4-1,ResolvedToConcept/ContextualResolved,ResolvedToConcept/StableIdentifier,n/a (stable-ID path),"strengthened: same target, stronger evidence — carries per rule-3 exception",Approval carried,"Hamid 2026-09-24 — Decision: Approval carried. Reason: same subject, verb, candidate slug, target concept, and disposition; only evidence strengthened through a stable target slug/notation addition. Required validation performed: batch built on the (source_slug, verb, candidate_slugs) semantic key, so verb and candidate target are identical by construction; inserted slug resolves to the same candidate target."
REL-01060,6ab2197ba3fe6246bdb501391d22b71d0338d2c7,CM-1-3-8-4-3,enables,Period End Processing,Perform Period-End Processing (CM-1-3-8-4-1),CM-1-3-8-4-1,ResolvedToConcept/ContextualResolved,ResolvedToConcept/StableIdentifier,n/a (stable-ID path),"strengthened: same target, stronger evidence — carries per rule-3 exception",Approval carried,"Hamid 2026-09-24 — Decision: Approval carried. Reason: same subject, verb, candidate slug, target concept, and disposition; only evidence strengthened through a stable target slug/notation addition. Required validation performed: batch built on the (source_slug, verb, candidate_slugs) semantic key, so verb and candidate target are identical by construction; inserted slug resolves to the same candidate target."
REL-01063,6ab2197ba3fe6246bdb501391d22b71d0338d2c7,CM-1-3-8-4-4,enables,Period End Processing,Perform Period-End Processing (CM-1-3-8-4-1),CM-1-3-8-4-1,ResolvedToConcept/ContextualResolved,ResolvedToConcept/StableIdentifier,n/a (stable-ID path),"strengthened: same target, stronger evidence — carries per rule-3 exception",Approval carried,"Hamid 2026-09-24 — Decision: Approval carried. Reason: same subject, verb, candidate slug, target concept, and disposition; only evidence strengthened through a stable target slug/notation addition. Required validation performed: batch built on the (source_slug, verb, candidate_slugs) semantic key, so verb and candidate target are identical by construction; inserted slug resolves to the same candidate target."
REL-01068,6ab2197ba3fe6246bdb501391d22b71d0338d2c7,CM-1-3-8-4-6,enables,Period End Processing,Perform Period-End Processing (CM-1-3-8-4-1),CM-1-3-8-4-1,ResolvedToConcept/ContextualResolved,ResolvedToConcept/StableIdentifier,n/a (stable-ID path),"strengthened: same target, stronger evidence — carries per rule-3 exception",Approval carried,"Hamid 2026-09-24 — Decision: Approval carried. Reason: same subject, verb, candidate slug, target concept, and disposition; only evidence strengthened through a stable target slug/notation addition. Required validation performed: batch built on the (source_slug, verb, candidate_slugs) semantic key, so verb and candidate target are identical by construction; inserted slug resolves to the same candidate target."
REL-01073,6ab2197ba3fe6246bdb501391d22b71d0338d2c7,CM-1-3-8-4-7,enables,Period End Processing,Perform Period-End Processing (CM-1-3-8-4-1),CM-1-3-8-4-1,ResolvedToConcept/ContextualResolved,ResolvedToConcept/StableIdentifier,n/a (stable-ID path),"strengthened: same target, stronger evidence — carries per rule-3 exception",Approval carried,"Hamid 2026-09-24 — Decision: Approval carried. Reason: same subject, verb, candidate slug, target concept, and disposition; only evidence strengthened through a stable target slug/notation addition. Required validation performed: batch built on the (source_slug, verb, candidate_slugs) semantic key, so verb and candidate target are identical by construction; inserted slug resolves to the same candidate target."
REL-01222,6ab2197ba3fe6246bdb501391d22b71d0338d2c7,CM-1-3-8-3,enables,Period End Processing,Perform Period-End Processing (CM-1-3-8-4-1),CM-1-3-8-4-1,ResolvedToConcept/ContextualResolved,ResolvedToConcept/StableIdentifier,n/a (stable-ID path),"strengthened: same target, stronger evidence — carries per rule-3 exception",Approval carried,"Hamid 2026-09-24 — Decision: Approval carried. Reason: same subject, verb, candidate slug, target concept, and disposition; only evidence strengthened through a stable target slug/notation addition. Required validation performed: batch built on the (source_slug, verb, candidate_slugs) semantic key, so verb and candidate target are identical by construction; inserted slug resolves to the same candidate target."
REL-01263,6ab2197ba3fe6246bdb501391d22b71d0338d2c7,CM-1-3-7-5,uses-input,Track & Forecast Order,Track Order Book and Forecast Order Volumes (CM-1-3-7-3-5),CM-1-3-7-3-5,ResolvedToConcept/ContextualResolved,ResolvedToConcept/StableIdentifier,n/a (stable-ID path),"strengthened: same target, stronger evidence — carries per rule-3 exception",Approval carried,"Hamid 2026-09-24 — Decision: Approval carried. Reason: same subject, verb, candidate slug, target concept, and disposition; only evidence strengthened through a stable target slug/notation addition. Required validation performed: batch built on the (source_slug, verb, candidate_slugs) semantic key, so verb and candidate target are identical by construction; inserted slug resolves to the same candidate target."
REL-01266,6ab2197ba3fe6246bdb501391d22b71d0338d2c7,CM-1-3-8-2,enables,Period End Processing,Perform Period-End Processing (CM-1-3-8-4-1),CM-1-3-8-4-1,ResolvedToConcept/ContextualResolved,ResolvedToConcept/StableIdentifier,n/a (stable-ID path),"strengthened: same target, stronger evidence — carries per rule-3 exception",Approval carried,"Hamid 2026-09-24 — Decision: Approval carried. Reason: same subject, verb, candidate slug, target concept, and disposition; only evidence strengthened through a stable target slug/notation addition. Required validation performed: batch built on the (source_slug, verb, candidate_slugs) semantic key, so verb and candidate target are identical by construction; inserted slug resolves to the same candidate target."
REL-01283,6ab2197ba3fe6246bdb501391d22b71d0338d2c7,CM-1-1-4-7,informed-by,Crude Allocation Decision,Allocate Crude and Feedstock (CM-1-1-2-10),CM-1-1-2-10,ResolvedToConcept/ContextualResolved,ResolvedToConcept/StableIdentifier,n/a (stable-ID path),"strengthened: same target, stronger evidence — carries per rule-3 exception",Approval carried,"Hamid 2026-09-24 — Decision: Approval carried. Reason: same subject, verb, candidate slug, target concept, and disposition; only evidence strengthened through a stable target slug/notation addition. Required validation performed: batch built on the (source_slug, verb, candidate_slugs) semantic key, so verb and candidate target are identical by construction; inserted slug resolves to the same candidate target."
