row_id,source_slug,source_definition,verb,v1_1_raw_target,v1_1_resolved_slug,v2_raw_target,v2_resolved_slug,slug_unchanged,target_definition,v2_context,held_for_context,reviewer_notes,Hamid_decision,Hamid_rationale
REL-00014,CM-1-1-2-10,"Assign available crude and feedstock cargoes, grades, and volumes to specific refineries and receipt windows so each site's approved production plan can be met at the best delivered economics across the region.",informed-by,Refinery Planning,CM-1-1-4,Refinery Planning and Optimization,CM-1-1-4,YES,"Develop the commercially optimal refinery production plan — selecting crude and feedstock intake, refinery operating modes, unit-throughput targets, product yield and quality targets, and production horizons — to fulfill commercial commitments and maximize margin within feasible refinery, supply, inventory, product-specification, and contractual constraints.",HOLD,YES — already held; label change does not affect emission,HOLD row — label change does not affect emission. Pure rename (slug unchanged); the R1 'and Optimization' broadening does not change the evidence question.,Carry forward (remains held),"Existing decision carried forward: slug unchanged, verb unchanged, source meaning unchanged, target definition consistent with the renamed concept. Hamid 2026-09-25."
REL-00016,CM-1-1-2-10,"Assign available crude and feedstock cargoes, grades, and volumes to specific refineries and receipt windows so each site's approved production plan can be met at the best delivered economics across the region.",precedes,Refinery Scheduling,CM-1-1-7,Refinery Production Planning and Scheduling,CM-1-1-7,YES,"Refinery scheduling covering daily execution planning, production scheduling, and energy & utility management.",HOLD,YES — already held; label change does not affect emission,HOLD row — label change does not affect emission. Pure rename; 'Production Planning and Scheduling' broadening does not change the precedence evidence question.,Carry forward (remains held),"Existing decision carried forward: slug unchanged, verb unchanged, source meaning unchanged, target definition consistent with the renamed concept. Hamid 2026-09-25."
REL-00023,CM-1-1-2-12,"Create, maintain, and retire the reference and parameter data that the regional supply-planning model depends on — such as planning network, sourcing, capacity, lead-time, yield, and product-grouping data — so planning results remain accurate and reproducible.",informed-by,Refinery Planning,CM-1-1-4,Refinery Planning and Optimization,CM-1-1-4,YES,"Develop the commercially optimal refinery production plan — selecting crude and feedstock intake, refinery operating modes, unit-throughput targets, product yield and quality targets, and production horizons — to fulfill commercial commitments and maximize margin within feasible refinery, supply, inventory, product-specification, and contractual constraints.",HOLD,YES — already held; label change does not affect emission,HOLD row — label change does not affect emission. Pure rename; evidence question unchanged.,Carry forward (remains held),"Existing decision carried forward: slug unchanged, verb unchanged, source meaning unchanged, target definition consistent with the renamed concept. Hamid 2026-09-25."
REL-00026,CM-1-1-2-13,"Set and optimize the planned finished-product inventory levels and positions for the regional plan period, balancing supply availability, demand coverage, and working-capital cost within established inventory policy and storage constraints.",informed-by,Refinery Planning,CM-1-1-4,Refinery Planning and Optimization,CM-1-1-4,YES,"Develop the commercially optimal refinery production plan — selecting crude and feedstock intake, refinery operating modes, unit-throughput targets, product yield and quality targets, and production horizons — to fulfill commercial commitments and maximize margin within feasible refinery, supply, inventory, product-specification, and contractual constraints.",HOLD,YES — already held; label change does not affect emission,HOLD row — label change does not affect emission. Pure rename; evidence question unchanged.,Carry forward (remains held),"Existing decision carried forward: slug unchanged, verb unchanged, source meaning unchanged, target definition consistent with the renamed concept. Hamid 2026-09-25."
REL-00042,CM-1-1-3-7-1,"Establish and maintain the policy governing crude and feedstock inventories — target and minimum operating levels, safety and strategic stock requirements, tankage and segregation rules, and review triggers — so feedstock supply to refineries is protected at an efficient working-capital cost.",informed-by,Refinery Planning,CM-1-1-4,Refinery Planning and Optimization,CM-1-1-4,YES,"Develop the commercially optimal refinery production plan — selecting crude and feedstock intake, refinery operating modes, unit-throughput targets, product yield and quality targets, and production horizons — to fulfill commercial commitments and maximize margin within feasible refinery, supply, inventory, product-specification, and contractual constraints.",HOLD,YES — already held; label change does not affect emission,HOLD row — label change does not affect emission. Pure rename; evidence question unchanged.,Carry forward (remains held),"Existing decision carried forward: slug unchanged, verb unchanged, source meaning unchanged, target definition consistent with the renamed concept. Hamid 2026-09-25."
REL-00051,CM-1-1-3-7-2,"Establish and maintain the policy governing intermediate and blendstock inventories held between process units and blending — target working levels, segregation and quality-protection rules, and review triggers — so conversion and blending operations are decoupled without trapping excess working capital.",informed-by,Refinery Planning,CM-1-1-4,Refinery Planning and Optimization,CM-1-1-4,YES,"Develop the commercially optimal refinery production plan — selecting crude and feedstock intake, refinery operating modes, unit-throughput targets, product yield and quality targets, and production horizons — to fulfill commercial commitments and maximize margin within feasible refinery, supply, inventory, product-specification, and contractual constraints.",PROMOTE/A:explicit-reference,,Pure rename; slug unchanged. Source explicitly establishes inventory policy against refinery planning inputs; the 'and Optimization' broadening is consistent. Recommend carry approval.,Carry forward (approved),"Existing decision carried forward: slug unchanged, verb unchanged, source meaning unchanged, target definition consistent with the renamed concept. Hamid 2026-09-25."
REL-00106,CM-1-1-4-7-7,"Issue the agreed refinery production plan for the coming month as the plan of record — confirming the selected case, registering it with its assumptions and version, and handing it to Refining as the basis for detailed scheduling.",governed-by,Refinery Planning,CM-1-1-4,Refinery Planning and Optimization,CM-1-1-4,YES,"Develop the commercially optimal refinery production plan — selecting crude and feedstock intake, refinery operating modes, unit-throughput targets, product yield and quality targets, and production horizons — to fulfill commercial commitments and maximize margin within feasible refinery, supply, inventory, product-specification, and contractual constraints.",PROMOTE/A:explicit-reference,,Pure rename. Child-of-target governed-by parent — set-versus-apply within the planning process (monthly plan of record issued under the planning framework). Recommend carry approval.,Carry forward (approved),"Existing decision carried forward: slug unchanged, verb unchanged, source meaning unchanged, target definition consistent with the renamed concept. Hamid 2026-09-25."
REL-00112,CM-1-1-4-7-8,"Compare alternative production cases by varying crude slate, run rates, product mix, price, or constraint assumptions, and quantify the margin and feasibility consequences of each, so the preferred case and its sensitivities are understood before the plan is approved.",precedes,Refinery Planning,CM-1-1-4,Refinery Planning and Optimization,CM-1-1-4,YES,"Develop the commercially optimal refinery production plan — selecting crude and feedstock intake, refinery operating modes, unit-throughput targets, product yield and quality targets, and production horizons — to fulfill commercial commitments and maximize margin within feasible refinery, supply, inventory, product-specification, and contractual constraints.",PROMOTE/A:explicit-reference,,Pure rename. Child precedes parent within the planning cycle (case comparison feeds plan selection); sequence unaffected by broadening. Recommend carry approval.,Carry forward (approved),"Existing decision carried forward: slug unchanged, verb unchanged, source meaning unchanged, target definition consistent with the renamed concept. Hamid 2026-09-25."
REL-00134,CM-1-1-7-2-6,"Run the structured coordination between production scheduling and its counterparties — feasibility and deviation feedback to Refinery Planning, executability alignment with refinery operations, and outage, turnaround, and maintenance windows from engineering and maintenance — so the schedule and its neighbors stay mutually consistent.",informed-by,Refinery Planning,CM-1-1-4,Refinery Planning and Optimization,CM-1-1-4,YES,"Develop the commercially optimal refinery production plan — selecting crude and feedstock intake, refinery operating modes, unit-throughput targets, product yield and quality targets, and production horizons — to fulfill commercial commitments and maximize margin within feasible refinery, supply, inventory, product-specification, and contractual constraints.",PROMOTE/A:explicit-reference,,Pure rename. Scheduling coordination explicitly informed by the plan; broadening consistent. Recommend carry approval.,Carry forward (approved),"Existing decision carried forward: slug unchanged, verb unchanged, source meaning unchanged, target definition consistent with the renamed concept. Hamid 2026-09-25."
REL-00141,CM-1-2-1-1-1,"Receive and incorporate the refinery production plans and schedules into the trading forward view — validating completeness, translating volumes into tradable supply by product, location, and period, and refreshing the view as plans and schedules change.",informed-by,Refinery Planning,CM-1-1-4,Refinery Planning and Optimization,CM-1-1-4,YES,"Develop the commercially optimal refinery production plan — selecting crude and feedstock intake, refinery operating modes, unit-throughput targets, product yield and quality targets, and production horizons — to fulfill commercial commitments and maximize margin within feasible refinery, supply, inventory, product-specification, and contractual constraints.",PROMOTE/A:explicit-reference,,Pure rename. Trading forward view incorporates refinery production plans — same artifact under the broadened label. Recommend carry approval.,Carry forward (approved),"Existing decision carried forward: slug unchanged, verb unchanged, source meaning unchanged, target definition consistent with the renamed concept. Hamid 2026-09-25."
REL-00432,CM-1-2-5-1-2,"Review whether the feedstock data, yield representations, operating constraints, capacities, market assumptions, and other decision inputs used by feedstock-evaluation and planning models remain current, complete, internally consistent, and representative of the refinery and market conditions; document findings and escalate required corrections to accountable data and model owners.",informed-by,Refinery Planning,CM-1-1-4,Refinery Planning and Optimization,CM-1-1-4,YES,"Develop the commercially optimal refinery production plan — selecting crude and feedstock intake, refinery operating modes, unit-throughput targets, product yield and quality targets, and production horizons — to fulfill commercial commitments and maximize margin within feasible refinery, supply, inventory, product-specification, and contractual constraints.",PROMOTE/A:explicit-reference,,Pure rename. Feedstock/yield/constraint review measured against the plan; unaffected by broadening. Recommend carry approval.,Carry forward (approved),"Existing decision carried forward: slug unchanged, verb unchanged, source meaning unchanged, target definition consistent with the renamed concept. Hamid 2026-09-25."
REL-00442,CM-1-2-5-2-2,"Develop the projected feedstock requirement — quantity, grade, quality, and timing — from the refinery production plan and current inventory and supply positions, maintaining it as plans and positions change, so procurement, slate development, and trading coordination work from one validated demand signal.",uses-input,Refinery Planning,CM-1-1-4,Refinery Planning and Optimization,CM-1-1-4,YES,"Develop the commercially optimal refinery production plan — selecting crude and feedstock intake, refinery operating modes, unit-throughput targets, product yield and quality targets, and production horizons — to fulfill commercial commitments and maximize margin within feasible refinery, supply, inventory, product-specification, and contractual constraints.",PROMOTE/A:explicit-reference,,Pure rename; uses-input is definitionally explicit (projected feedstock requirement developed from the refinery production plan). Recommend carry approval.,Carry forward (approved),"Existing decision carried forward: slug unchanged, verb unchanged, source meaning unchanged, target definition consistent with the renamed concept. Hamid 2026-09-25."
REL-00445,CM-1-2-5-2-3,"Recommend the economically attractive feedstock slate and run rate to Refinery Planning — combining the demand signal, procurement slates, market prices, and supply economics into a trading-side recommendation that feeds the binding plan without setting it — so the refinery plan is informed by the best current supply-market view.",enables,Refinery Planning,CM-1-1-4,Refinery Planning and Optimization,CM-1-1-4,YES,"Develop the commercially optimal refinery production plan — selecting crude and feedstock intake, refinery operating modes, unit-throughput targets, product yield and quality targets, and production horizons — to fulfill commercial commitments and maximize margin within feasible refinery, supply, inventory, product-specification, and contractual constraints.",PROMOTE/A:explicit-reference,,FLAG FOR HAMID: verb is 'enables' but the source 'recommends the economic slate/run rate TO Refinery Planning' — reads closer to informs (an input to optimization) than capability enablement under the 2026-09-25 distinction. Explicit reference keeps it promoted; recommend verb review.,Hold,"The process provides a trading-side feedstock slate and run-rate recommendation that informs Refinery Planning and Optimization. It does not make the planning capability able to operate and does not set, approve, or revise the binding plan. Correct enables to informed-by through reviewed workbook authoring. No core:enables triple is emitted. Hamid 2026-09-25."
REL-01123,CM-1-2-5-2,"Translate the refinery production plan into feedstock supply action — developing the feedstock demand signal, recommending the economically attractive feedstock slate and run rate to Refinery Planning, and coordinating the resulting requirements with the trading processes — so feedstock supply is planned against a validated demand and an economically informed recommendation.",informed-by,Refinery Planning,CM-1-1-4,Refinery Planning and Optimization,CM-1-1-4,YES,"Develop the commercially optimal refinery production plan — selecting crude and feedstock intake, refinery operating modes, unit-throughput targets, product yield and quality targets, and production horizons — to fulfill commercial commitments and maximize margin within feasible refinery, supply, inventory, product-specification, and contractual constraints.",PROMOTE/A:explicit-reference,,Pure rename. Feedstock supply action translates the production plan into demand signal; broadening consistent. Recommend carry approval.,Carry forward (approved),"Existing decision carried forward: slug unchanged, verb unchanged, source meaning unchanged, target definition consistent with the renamed concept. Hamid 2026-09-25."
REL-01241,CM-1-1-7-2,"Develop and maintain the refinery production schedule that implements the approved monthly plan — sequencing campaigns, schedule-level unit commitments, blends, and movements over the scheduling horizon, managing schedule exceptions, and coordinating the interfaces the schedule depends on — so the plan becomes a current schedule that provides the approved basis for refinery execution.",follows,Refinery Planning,CM-1-1-4,Refinery Planning and Optimization,CM-1-1-4,YES,"Develop the commercially optimal refinery production plan — selecting crude and feedstock intake, refinery operating modes, unit-throughput targets, product yield and quality targets, and production horizons — to fulfill commercial commitments and maximize margin within feasible refinery, supply, inventory, product-specification, and contractual constraints.",PROMOTE/A:explicit-reference,,Pure rename. Production schedule follows/implements the approved monthly plan; sequence holds under the broadened label. Recommend carry approval.,Carry forward (approved),"Existing decision carried forward: slug unchanged, verb unchanged, source meaning unchanged, target definition consistent with the renamed concept. Hamid 2026-09-25."
REL-01244,CM-1-2-1-1,"The front-office capability to assemble and maintain a forward commercial view of supply, demand, generation, renewables, market conditions, and revenue, and to identify how the asset portfolio can be used commercially within approved plans and constraints.",informed-by,Refinery Planning,CM-1-1-4,Refinery Planning and Optimization,CM-1-1-4,YES,"Develop the commercially optimal refinery production plan — selecting crude and feedstock intake, refinery operating modes, unit-throughput targets, product yield and quality targets, and production horizons — to fulfill commercial commitments and maximize margin within feasible refinery, supply, inventory, product-specification, and contractual constraints.",PROMOTE/A:explicit-reference,,Pure rename. Forward commercial view incorporates refinery plans; same artifact. Recommend carry approval.,Carry forward (approved),"Existing decision carried forward: slug unchanged, verb unchanged, source meaning unchanged, target definition consistent with the renamed concept. Hamid 2026-09-25."
REL-01281,CM-1-1-4-7,"Run the recurring economic-optimization cycle that produces the refinery production plan — assembling the case basis, building and running optimization cases, analyzing scenarios, and selecting the economically preferred production case for approval.",enables,Refinery Planning,CM-1-1-4,Refinery Planning and Optimization,CM-1-1-4,YES,"Develop the commercially optimal refinery production plan — selecting crude and feedstock intake, refinery operating modes, unit-throughput targets, product yield and quality targets, and production horizons — to fulfill commercial commitments and maximize margin within feasible refinery, supply, inventory, product-specification, and contractual constraints.",HOLD,YES — already held; label change does not affect emission,HOLD row — label change does not affect emission. Note: the 'and Optimization' rename describes this very source (the recurring economic-optimization cycle); child-enables-parent evidence question unchanged.,Carry forward (remains held),"Existing decision carried forward: slug unchanged, verb unchanged, source meaning unchanged, target definition consistent with the renamed concept. Hamid 2026-09-25."
REL-01285,CM-1-1-4-7,"Run the recurring economic-optimization cycle that produces the refinery production plan — assembling the case basis, building and running optimization cases, analyzing scenarios, and selecting the economically preferred production case for approval.",precedes,Refinery Scheduling,CM-1-1-7,Refinery Production Planning and Scheduling,CM-1-1-7,YES,"Refinery scheduling covering daily execution planning, production scheduling, and energy & utility management.",HOLD,YES — already held; label change does not affect emission,HOLD row — label change does not affect emission. Pure rename; precedence evidence question unchanged.,Carry forward (remains held),"Existing decision carried forward: slug unchanged, verb unchanged, source meaning unchanged, target definition consistent with the renamed concept. Hamid 2026-09-25."
