row_id,source,source_definition,target,target_definition,target_resolution_method,explicit_reference_excerpt,current_stored_fact,current_emission_state,prior_verdict,Hamid_decision,Hamid_rationale
REL-00217,Perform Counterparty Credit Reviews [CM-1-2-2-1-1],"Assess a counterparty's creditworthiness — at onboarding, on a periodic cycle, and on trigger events — analyzing financial statements, ratings, ownership and support structures, payment behavior, and qualitative factors, and assigning or updating the internal credit assessment that limits and monitoring run on.",Create New Counterparty [CM-1-2-1-2-1],"Coordinate onboarding of a prospective trading counterparty by collecting required legal-entity, tax, settlement, and commercial documentation; initiating and recording required compliance, sanctions/KYC, legal, and credit clearances through their accountable owners; and creating the authorized counterparty and settlement records once required approvals are complete.","SoleCandidate — unique preferred-label match as candidate filter (PR #120), promoted by explicit target-slug citation in source definition/scope note","Covers the credit assessment process: initial reviews supporting onboarding (Create New Counterparty, CM-1-2-1-2-1, coordinates them), scheduled periodic reviews, and event-triggered reassessments on deterioration signals or corporate events.",(CM-1-2-1-2-1 core:enabledBy CM-1-2-2-1-1),emitting,(none — undecided),APPROVE / D:hamid-verdict,"Genuine bounded core:enabledBy — source supplies defined control, governed operating basis, decision criterion, authoritative structure, contractual right, resource capability, or required input making target capable of operating. Basis update only."
REL-00220,Manage Credit Limits [CM-1-2-2-1-2],"Establish, maintain, publish, and adjust credit limits for trading counterparties and counterparty groups — based on approved credit assessments, risk appetite, exposure methodology, and credit-support arrangements — administer documented temporary-excess and exception decisions under delegated authority, and reduce, suspend, or withdraw limits when deterioration or policy triggers require it.",Manage Pre-Trade Analysis [CM-1-2-1-3-1],"Evaluate a prospective trade before execution — its economics, strategy fit, credit and limit headroom, operational feasibility where applicable, and regulatory treatment — so the trader and approver see the deal's value and consequences before committing the company.","SoleCandidate — unique preferred-label match as candidate filter (PR #120), promoted by explicit target-slug citation in source definition/scope note","Enforcement occurs through the connected controls — pre-trade checks (Manage Pre-Trade Analysis, CM-1-2-1-3-1), surveillance and escalation (CM-1-2-2-1-7), and applicable transaction controls — not through this process itself.",(CM-1-2-1-3-1 core:enabledBy CM-1-2-2-1-2),emitting,(none — undecided),APPROVE / D:hamid-verdict,"Genuine bounded core:enabledBy — source supplies defined control, governed operating basis, decision criterion, authoritative structure, contractual right, resource capability, or required input making target capable of operating. Basis update only."
REL-00221,Manage Credit Limits [CM-1-2-2-1-2],"Establish, maintain, publish, and adjust credit limits for trading counterparties and counterparty groups — based on approved credit assessments, risk appetite, exposure methodology, and credit-support arrangements — administer documented temporary-excess and exception decisions under delegated authority, and reduce, suspend, or withdraw limits when deterioration or policy triggers require it.",Monitor & Analyze Credit [CM-1-2-2-1-7],"Continuously watch counterparty credit — exposures against limits, breach detection and aging, and early-warning signals from ratings, news, payment behavior, and market indicators — escalating breaches and deterioration per policy and triggering reassessment where warranted.","SoleCandidate — unique preferred-label match as candidate filter (PR #120), promoted by explicit target-slug citation in source definition/scope note","Enforcement occurs through the connected controls — pre-trade checks (Manage Pre-Trade Analysis, CM-1-2-1-3-1), surveillance and escalation (CM-1-2-2-1-7), and applicable transaction controls — not through this process itself.",(CM-1-2-2-1-7 core:enabledBy CM-1-2-2-1-2),emitting,(none — undecided),APPROVE / D:hamid-verdict,"Genuine bounded core:enabledBy — source supplies defined control, governed operating basis, decision criterion, authoritative structure, contractual right, resource capability, or required input making target capable of operating. Basis update only."
REL-00223,Manage Collateral [CM-1-2-2-1-3],"Administer contractual credit support both held and posted — cash collateral, securities, letters of credit, guarantees, and other eligible security, with their haircuts, thresholds, independent amounts, and substitutions — calling, receiving, returning, valuing, and reconciling credit support under the applicable arrangements, so credit exposure is secured to the extent the agreements require.",Terminate/Novate Counterparty [CM-1-2-1-2-3],"Coordinate the administrative counterparty offboarding or transfer — confirming that affected positions, agreements, collateral, payment instructions, and reporting responsibilities have been closed, settled, transferred, or queued for legally effective novation — and deactivate or transition counterparty records with preserved history.","SoleCandidate — unique preferred-label match as candidate filter (PR #120), promoted by explicit target-slug citation in source definition/scope note","Covers administration of bilateral and other contractually agreed credit-support arrangements across held and posted positions: issuing and answering calls per credit-support annexes and credit terms, valuing collateral with applicable haircuts, managing eligibility, thresholds, independent amounts, and substitutions, reconciling balances with counterparties, and coordinating release at offboarding (Terminate/Novate Counterparty, CM-1-2-1-2-3).",(CM-1-2-1-2-3 core:enabledBy CM-1-2-2-1-3),emitting,(none — undecided),APPROVE / D:hamid-verdict,"Genuine bounded core:enabledBy — source supplies defined control, governed operating basis, decision criterion, authoritative structure, contractual right, resource capability, or required input making target capable of operating. Basis update only."
REL-00226,Calculate Credit Exposure [CM-1-2-2-1-4],"Calculate current and, where required by approved methodology, potential future credit exposure for each counterparty and group — aggregating trading positions, mark-to-market values, delivered-but-unpaid and other settlement-cycle exposures, and applicable netting, collateral, and credit-support effects — so limits, monitoring, and credit support run on a defensible exposure number.",Manage Credit Limits [CM-1-2-2-1-2],"Establish, maintain, publish, and adjust credit limits for trading counterparties and counterparty groups — based on approved credit assessments, risk appetite, exposure methodology, and credit-support arrangements — administer documented temporary-excess and exception decisions under delegated authority, and reduce, suspend, or withdraw limits when deterioration or policy triggers require it.","SoleCandidate — unique preferred-label match as candidate filter (PR #120), promoted by explicit target-slug citation in source definition/scope note","In scope: Assemble positions and amounts by counterparty and group | apply enforceable netting and credit-support effects | compute current and methodology-required potential future exposure | publish exposures to limits, monitoring, and credit support Out of scope: Valuation and curve ownership (CM-1-2-2-3) | netting enforceability determination (Legal & Corporate Communications) | portfolio-level analytics (CM-1-2-2-1-6) | limit decisions (CM-1-2-2-1-2)",(CM-1-2-2-1-2 core:enabledBy CM-1-2-2-1-4),emitting,(none — undecided),APPROVE / D:hamid-verdict,"Genuine bounded core:enabledBy — source supplies defined control, governed operating basis, decision criterion, authoritative structure, contractual right, resource capability, or required input making target capable of operating. Basis update only."
REL-00232,Perform Advanced Credit Risk Analytics [CM-1-2-2-1-6],"Analyze credit risk at portfolio level — concentrations, stress and scenario impacts, default-likelihood signals, and correlation effects such as wrong-way exposure — so appetite, limits, and mitigation decisions rest on more than single-counterparty views.",Manage Credit Limits [CM-1-2-2-1-2],"Establish, maintain, publish, and adjust credit limits for trading counterparties and counterparty groups — based on approved credit assessments, risk appetite, exposure methodology, and credit-support arrangements — administer documented temporary-excess and exception decisions under delegated authority, and reduce, suspend, or withdraw limits when deterioration or policy triggers require it.","SoleCandidate — unique preferred-label match as candidate filter (PR #120), promoted by explicit target-slug citation in source definition/scope note",Findings feed limit structures (CM-1-2-2-1-2) and reporting (CM-1-2-2-1-8).,(CM-1-2-2-1-2 core:enabledBy CM-1-2-2-1-6),emitting,(none — undecided),HOLD / D:hamid-verdict,analytical advice — analytics findings feed limit structures; not demonstrated enablement. Fact removed (verified unique); no substitute emitted; retained as non-emitting evidence for source-workbook correction.
REL-00254,Establish And Maintain Book Structure [CM-1-2-2-3-1],"Establish and maintain the governed trading-book and portfolio hierarchy used for risk aggregation, valuation, position control, and P&L reporting — defining risk-reporting book attributes, responsible owners, aggregation relationships, and effective-dated changes — and keep trading, risk, and reporting systems aligned to it.",Trade Capture [CM-1-2-1-3],"Perform the controlled pre-trade analysis, authorization, and post-execution recording of trades in the trading system — capturing complete commercial, operational, and regulatory terms by deal type and submitting required creation-data reports — so authorized transactions are available to confirmation, risk, actualization, settlement, and accounting processes.","SoleCandidate — unique preferred-label match as candidate filter (PR #120), promoted by explicit target-slug citation in source definition/scope note",Trading Strategy Management (CM-1-2-1-4) defines and stewards business strategies; Trade Capture (CM-1-2-1-3) assigns individual deals into the approved structure; this process governs the risk-reporting and control hierarchy that strategies and deals map into.,(CM-1-2-1-3 core:enabledBy CM-1-2-2-3-1),emitting,(none — undecided),APPROVE / D:hamid-verdict,"Genuine bounded core:enabledBy — source supplies defined control, governed operating basis, decision criterion, authoritative structure, contractual right, resource capability, or required input making target capable of operating. Basis update only."
REL-00255,Establish And Maintain Book Structure [CM-1-2-2-3-1],"Establish and maintain the governed trading-book and portfolio hierarchy used for risk aggregation, valuation, position control, and P&L reporting — defining risk-reporting book attributes, responsible owners, aggregation relationships, and effective-dated changes — and keep trading, risk, and reporting systems aligned to it.",Perform Position & P&L Analysis [CM-1-2-2-3-9],"Produce and analyze the official, controlled position and realized and unrealized P&L picture — explaining daily P&L by its drivers (price, position, new deals, amendments, and other effects), investigating unexplained amounts, and delivering the validated P&L that management, risk, and the accounting reconciliation consume.",ResolvedToConcept — stable identifier CM-1-2-2-3-9 carried in mention text (confidence: StableIdentifier),"raw mention text: ""Perform Position & P&L Analysis (CM-1-2-2-3-9)""",(CM-1-2-2-3-9 core:enabledBy CM-1-2-2-3-1),emitting,(none — undecided),APPROVE / D:hamid-verdict,"Genuine bounded core:enabledBy — source supplies defined control, governed operating basis, decision criterion, authoritative structure, contractual right, resource capability, or required input making target capable of operating. Basis update only."
REL-00272,Establish & Maintain Delegation Of Authority (DOA) [CM-1-2-2-3-2],"Establish and maintain the trading delegation of authority — who may trade what products, instruments, tenors, and sizes, and which approvals are required beyond each authority — keeping it current with roles, strategies, and governance decisions so every trade's authorization has a defined basis.",Obtain Trade Approval [CM-1-2-1-3-2],"Secure the approvals a trade requires before execution — verifying the trader's authority under the delegation of authority, escalating deals beyond that authority, and documenting each approval — so every executed trade is traceably authorized.","SoleCandidate — unique preferred-label match as candidate filter (PR #120), promoted by explicit target-slug citation in source definition/scope note","The DOA is applied — never set — by Obtain Trade Approval (CM-1-2-1-3-2) and aligned to by Trading Strategy Management (CM-1-2-1-4), per the batch 07-08 decisions; authority levels derive from governance decisions owned by the designated risk-governance body.",(CM-1-2-1-3-2 core:enabledBy CM-1-2-2-3-2),emitting,(none — undecided),APPROVE / D:hamid-verdict,"Genuine bounded core:enabledBy — source supplies defined control, governed operating basis, decision criterion, authoritative structure, contractual right, resource capability, or required input making target capable of operating. Basis update only."
REL-00273,Establish & Maintain Delegation Of Authority (DOA) [CM-1-2-2-3-2],"Establish and maintain the trading delegation of authority — who may trade what products, instruments, tenors, and sizes, and which approvals are required beyond each authority — keeping it current with roles, strategies, and governance decisions so every trade's authorization has a defined basis.",Trading Strategy Management [CM-1-2-1-4],"Develop, approve, and steward the trading strategies the front office runs — defining each strategy's objective, markets, instruments, and horizon, aligning it with approved authorities and risk limits, reviewing performance, and adjusting or retiring strategies as conditions change.","SoleCandidate — unique preferred-label match as candidate filter (PR #120), promoted by explicit target-slug citation in source definition/scope note","The DOA is applied — never set — by Obtain Trade Approval (CM-1-2-1-3-2) and aligned to by Trading Strategy Management (CM-1-2-1-4), per the batch 07-08 decisions; authority levels derive from governance decisions owned by the designated risk-governance body.",(CM-1-2-1-4 core:enabledBy CM-1-2-2-3-2),emitting,(none — undecided),APPROVE / D:hamid-verdict,"Genuine bounded core:enabledBy — source supplies defined control, governed operating basis, decision criterion, authoritative structure, contractual right, resource capability, or required input making target capable of operating. Basis update only."
REL-00276,Setup And Manage Curves [CM-1-2-2-3-3],"Construct and maintain the forward price curves the organization values and measures risk with — sourcing market data, building and validating curves by commodity, location, and tenor per approved methodology, and publishing the official curve set on the control calendar.",Calculate Credit Exposure [CM-1-2-2-1-4],"Calculate current and, where required by approved methodology, potential future credit exposure for each counterparty and group — aggregating trading positions, mark-to-market values, delivered-but-unpaid and other settlement-cycle exposures, and applicable netting, collateral, and credit-support effects — so limits, monitoring, and credit support run on a defensible exposure number.","SoleCandidate — unique preferred-label match as candidate filter (PR #120), promoted by explicit target-slug citation in source definition/scope note","Covers curve ownership: market-data sourcing and quality checks, curve construction per approved methodology including illiquid-tenor and basis treatment, validation and exception handling, and publication of the official daily curve set consumed by valuation, risk measurement, credit exposure (CM-1-2-2-1-4), and revenue projection (CM-1-2-1-1-5).",(CM-1-2-2-1-4 core:enabledBy CM-1-2-2-3-3),emitting,(none — undecided),APPROVE / D:hamid-verdict,"Genuine bounded core:enabledBy — source supplies defined control, governed operating basis, decision criterion, authoritative structure, contractual right, resource capability, or required input making target capable of operating. Basis update only."
REL-00284,Manage Risk Limits [CM-1-2-2-3-6],"Establish, maintain, publish, and adjust market-risk limits — by book, strategy, commodity, tenor, and measure — derived from approved risk appetite; administer documented temporary-excess and exception decisions under delegated authority; and tighten or suspend limits when conditions or policy triggers require it.",Monitor Risk [CM-1-2-2-3-8],"Continuously watch market risk against limits — detecting breaches and near-breaches, escalating them per policy, tracking them to resolution, and watching concentration and regime signals — so no excursion goes unseen or unescalated.","SoleCandidate — unique preferred-label match as candidate filter (PR #120), promoted by explicit target-slug citation in source definition/scope note","Enforcement occurs through connected controls — pre-trade checks, monitoring and escalation (CM-1-2-2-3-8), and policy-compliance monitoring (CM-1-2-2-3-10).",(CM-1-2-2-3-8 core:enabledBy CM-1-2-2-3-6),emitting,(none — undecided),APPROVE / D:hamid-verdict,"Genuine bounded core:enabledBy — source supplies defined control, governed operating basis, decision criterion, authoritative structure, contractual right, resource capability, or required input making target capable of operating. Basis update only."
REL-00294,Perform Position & P&L Analysis [CM-1-2-2-3-9],"Produce and analyze the official, controlled position and realized and unrealized P&L picture — explaining daily P&L by its drivers (price, position, new deals, amendments, and other effects), investigating unexplained amounts, and delivering the validated P&L that management, risk, and the accounting reconciliation consume.",Reconcile Economic PNL to Accounting PNL [CM-1-2-4-2-6],"Reconcile the economic profit and loss produced by the trading risk processes to the profit and loss recorded in the accounting books — identifying, quantifying, explaining, and evidencing expected and unexpected differences by cause — so management, risk, and financial views of trading results are provably consistent.",ResolvedToConcept — stable identifier CM-1-2-4-2-6 carried in mention text (confidence: StableIdentifier),"raw mention text: ""Reconcile Economic PNL to Accounting PNL (CM-1-2-4-2-6)""",(CM-1-2-4-2-6 core:enabledBy CM-1-2-2-3-9),emitting,(none — undecided),HOLD / D:hamid-verdict,output contribution — economic P&L used by reconciliation; enables must not become dependsOnOutputOf. Fact removed (verified unique); no substitute emitted; retained as non-emitting evidence for source-workbook correction.
REL-00367,Maintain Trading Accounting Procedures and Guidance [CM-1-2-4-2-12],"Develop, maintain, version, and communicate trading-specific accounting procedures, close instructions, and implementation guidance that operationalize Finance-owned enterprise accounting policy for supply and trading activity.",Manage Accounting Treatments [CM-1-2-4-2-1],"Assess, document, and apply the accounting treatment of trading transactions under approved enterprise policy — derivative versus normal purchase/normal sale scope, own-use, lease, storage, and exchange treatments, and gross-versus-net presentation — obtaining Finance/controller approval or escalation for material, new, complex, or policy-sensitive conclusions, so transactions are recorded under the correct, evidenced treatment.","SoleCandidate — unique preferred-label match as candidate filter (PR #120), promoted by explicit target-slug citation in source definition/scope note","Covers trading accounting procedure management: developing and maintaining desk-level procedures, close instructions, and implementation guidance that operationalize enterprise accounting policy for trading transaction types; assessing new products, structures, and standards changes for procedural impact and coordinating with Manage Accounting Treatments (CM-1-2-4-2-1) on treatment consequences; escalating policy gaps and interpretation questions to Finance; and maintaining procedure currency and version control.",(CM-1-2-4-2-1 core:enabledBy CM-1-2-4-2-12),emitting,(none — undecided),APPROVE / D:hamid-verdict,"Genuine bounded core:enabledBy — source supplies defined control, governed operating basis, decision criterion, authoritative structure, contractual right, resource capability, or required input making target capable of operating. Basis update only."
REL-00386,Manage Financial System/GL [CM-1-2-4-2-8],"Administer the financial system structures used by trading accounting — chart-of-accounts mapping, ledger and book structures, posting rules and business interface configuration from trading systems to the general ledger, and accounting master data — so postings land correctly, completely, and controllably in the financial records.",Manage Trading Sub-Ledger [CM-1-2-4-2-5],"Maintain the trading sub-ledger as the complete transactional accounting record — ensuring every captured, actualized, and settled transaction posts correctly under its determined treatment, reconciling the sub-ledger to the general ledger, and enforcing period cut-off — so the general ledger can rely on a complete, reconciled trading record.","SoleCandidate — unique preferred-label match as candidate filter (PR #120), promoted by explicit target-slug citation in source definition/scope note","Excludes technical application development, integration-platform operation, identity and security administration, infrastructure, and release deployment, owned by Process Excellence & IT or the relevant technology delivery function; enterprise GL platform ownership (IT/Shared Services per operating model); enterprise master-data governance (batch 05 exclusion); risk book structures (CM-1-2-2-3-1, batch 12); sub-ledger reconciliation control (CM-1-2-4-2-5).",(CM-1-2-4-2-5 core:enabledBy CM-1-2-4-2-8),emitting,(none — undecided),APPROVE / D:hamid-verdict,"Genuine bounded core:enabledBy — source supplies defined control, governed operating basis, decision criterion, authoritative structure, contractual right, resource capability, or required input making target capable of operating. Basis update only."
REL-00391,Develop Compliance Policies & Procedures [CM-1-2-4-3-1],"Develop and maintain the trading compliance program's policies and procedures — market-conduct rules, information barriers, personal-account dealing, communications and conflicts requirements, regulatory-change management, and compliance monitoring and escalation procedures — within the enterprise compliance and legal governance framework, so trading activity operates under current, communicated compliance requirements.",Monitor External Trading Compliance [CM-1-2-4-3-2],"Monitor supply and trading activity for compliance with external law, regulation, and market rules — market-conduct and anti-manipulation surveillance, position-limit monitoring, exchange and market-rule adherence, licensing and registration status, and completion of regulatory reporting obligations by their owners — surfacing potential violations for assessment and escalation.","SoleCandidate — unique preferred-label match as candidate filter (PR #120), promoted by explicit target-slug citation in source definition/scope note","Excludes enterprise compliance policy and legal interpretation (enterprise compliance, Legal & Corporate Communications); risk policies and limits frameworks (risk governance, CM-1-2-2-1, CM-1-2-2-3); trading accounting procedures (CM-1-2-4-2-12); executing the monitoring the policies require (CM-1-2-4-3-2/-3/-4).",(CM-1-2-4-3-2 core:enabledBy CM-1-2-4-3-1),emitting,(none — undecided),APPROVE / D:hamid-verdict,"Genuine bounded core:enabledBy — source supplies defined control, governed operating basis, decision criterion, authoritative structure, contractual right, resource capability, or required input making target capable of operating. Basis update only."
REL-00409,Manage Exceptions [CM-1-2-4-3-7],"Manage compliance exceptions through their lifecycle — logging and classifying identified violations, control failures, and approved deviations, assessing severity and regulatory implications, coordinating waiver, remediation-plan, and closure approvals under the documented compliance delegation, tracking remediation to closure, and evidencing the record — so every compliance gap is visibly owned, decided, and closed.",Develop Compliance Policies & Procedures [CM-1-2-4-3-1],"Develop and maintain the trading compliance program's policies and procedures — market-conduct rules, information barriers, personal-account dealing, communications and conflicts requirements, regulatory-change management, and compliance monitoring and escalation procedures — within the enterprise compliance and legal governance framework, so trading activity operates under current, communicated compliance requirements.","SoleCandidate — unique preferred-label match as candidate filter (PR #120), promoted by explicit target-slug citation in source definition/scope note","Covers the compliance exception lifecycle across the cluster: intake from the monitoring processes (CM-1-2-4-3-2/-3/-4/-5) and self-reports; classification and severity assessment including regulatory-notification implications assessed with Legal; coordination of waiver, remediation-plan, and closure approvals under the documented compliance delegation — the authorized approver may be Compliance leadership, Legal, risk governance, management, or a committee per the delegation, and this process manages the workflow, evidence, and closure rather than approving every waiver itself; remediation planning, tracking, and closure; and pattern analysis feeding policy and control improvement (CM-1-2-4-3-1).",(CM-1-2-4-3-1 core:enabledBy CM-1-2-4-3-7),emitting,(none — undecided),HOLD / D:hamid-verdict,operational feedback — exception patterns feed policy improvement; not an enabling foundation. Fact removed (verified unique); no substitute emitted; retained as non-emitting evidence for source-workbook correction.
REL-00433,Develop Term Slate [CM-1-2-5-1-3],"Develop the recommended term feedstock procurement slate — the portfolio of crudes and feedstocks proposed for supply under agreements with multi-period or continuing commercial commitments, screened for refinery quality compatibility and evaluated for sustained economic attractiveness — so term procurement and the feedstock recommendation rest on a quality-assured base-load supply plan.",Recommend Feedstock Slate And Run Rate [CM-1-2-5-2-3],"Recommend the economically attractive feedstock slate and run rate to Refinery Planning — combining the demand signal, procurement slates, market prices, and supply economics into a trading-side recommendation that feeds the binding plan without setting it — so the refinery plan is informed by the best current supply-market view.",ResolvedToConcept — stable identifier CM-1-2-5-2-3 carried in mention text (confidence: StableIdentifier),"raw mention text: ""Recommend Feedstock Slate And Run Rate (CM-1-2-5-2-3)""",(CM-1-2-5-2-3 core:enabledBy CM-1-2-5-1-3),emitting,(none — undecided),APPROVE / D:hamid-verdict,"Genuine bounded core:enabledBy — source supplies defined control, governed operating basis, decision criterion, authoritative structure, contractual right, resource capability, or required input making target capable of operating. Basis update only."
REL-00472,Manage Refined Product Demand [CM-1-2-6-2-1],"Manage the operational refined-product demand picture — consolidating current orders, lifting patterns, committed volumes, and forecast demand by product and location, comparing it against available supply, and surfacing imbalances for supply, replenishment, and trading action — so shortfalls and surpluses are visible and acted on before they become failures.",Fulfill Replenishment From Trading Sources [CM-1-2-6-3-2],"Fulfill network replenishment requirements from Supply And Trading sources — receiving the replenishment quantities and timing decided by the network replenishment owner, sourcing them from purchased, exchanged, and transferred product where own production does not cover them, and confirming fulfillment plans, constraints, and exceptions back — so replenishment decisions are met without S&T re-deciding them.",ResolvedToConcept — stable identifier CM-1-2-6-3-2 carried in mention text (confidence: StableIdentifier),"raw mention text: ""Fulfill Replenishment From Trading Sources (CM-1-2-6-3-2)""",(CM-1-2-6-3-2 core:enabledBy CM-1-2-6-2-1),emitting,(none — undecided),APPROVE / D:hamid-verdict,"Genuine bounded core:enabledBy — source supplies defined control, governed operating basis, decision criterion, authoritative structure, contractual right, resource capability, or required input making target capable of operating. Basis update only."
REL-00473,Manage Refined Product Demand [CM-1-2-6-2-1],"Manage the operational refined-product demand picture — consolidating current orders, lifting patterns, committed volumes, and forecast demand by product and location, comparing it against available supply, and surfacing imbalances for supply, replenishment, and trading action — so shortfalls and surpluses are visible and acted on before they become failures.",Coordinate Product Trading [CM-1-1-3-5-2],"Identify schedule imbalances that cannot be resolved with the company's own supply — surpluses to place or shortfalls to cover — and coordinate with Supply And Trading to request, evaluate, and incorporate the purchases, sales, or exchanges that balance the short-term schedule.","SoleCandidate — unique preferred-label match as candidate filter (PR #120), promoted by explicit target-slug citation in source definition/scope note","Covers operational demand management: consolidating the current demand view from orders, rack liftings, contract commitments, and the operational forecast (CM-1-2-6-2-3); comparing demand against available and planned supply by product and location; identifying imbalances, allocation pressure, and demand risks; and routing actions to the accountable owners — replenishment requirements to the batch 04 decision owner (CM-1-1-3-7-9), trading needs through Coordinate Product Trading (CM-1-1-3-5-2), exchange utilization to CM-1-2-6-2-2.",(CM-1-1-3-5-2 core:enabledBy CM-1-2-6-2-1),emitting,(none — undecided),APPROVE / D:hamid-verdict,"Genuine bounded core:enabledBy — source supplies defined control, governed operating basis, decision criterion, authoritative structure, contractual right, resource capability, or required input making target capable of operating. Basis update only."
REL-00475,Manage Refined Product Exchanges [CM-1-2-6-2-2],"Coordinate operational utilization of product-exchange entitlements to support approved demand and supply requirements by monitoring available exchange positions, planning proposed lifting and delivery use by location and period, and communicating utilization requirements to the relevant agreement, trading, supply, and scheduling processes.",Supply Operations [CM-1-2-6-3],"Fulfill approved refined-product replenishment and supply requirements from Supply & Trading sources by coordinating product availability at purchased-supply, exchange, transfer, and third-party source points; confirming feasible supply and transport arrangements; and handing approved movements to the processes that schedule, actualize, and settle them.","SoleCandidate — unique preferred-label match as candidate filter (PR #120), promoted by explicit target-slug citation in source definition/scope note","Covers the operational use of product exchanges: monitoring available positions, entitlements, and imbalance status under existing exchange agreements for operational visibility; planning proposed lifting and delivery utilization by location and period against demand needs (CM-1-2-6-2-1) and supply plans; communicating utilization requirements to the agreement owner (CM-1-2-7-1-1), trading coordination, supply operations (CM-1-2-6-3), and the scheduling processes; and flagging utilization or imbalance concerns to the agreement owner.",(CM-1-2-6-3 core:enabledBy CM-1-2-6-2-2),emitting,(none — undecided),APPROVE / D:hamid-verdict,"Genuine bounded core:enabledBy — source supplies defined control, governed operating basis, decision criterion, authoritative structure, contractual right, resource capability, or required input making target capable of operating. Basis update only."
REL-00479,Forecast Operational Refined Product Demand [CM-1-2-6-2-3],"Forecast refined-product demand operationally for the supply-chain context — projecting short-horizon demand by product, location, and period from lifting history, orders, seasonality, and local market signals, calibrated against the published enterprise forecast — so supply operations and replenishment run on location-level demand projections at operational granularity.",Fulfill Replenishment From Trading Sources [CM-1-2-6-3-2],"Fulfill network replenishment requirements from Supply And Trading sources — receiving the replenishment quantities and timing decided by the network replenishment owner, sourcing them from purchased, exchanged, and transferred product where own production does not cover them, and confirming fulfillment plans, constraints, and exceptions back — so replenishment decisions are met without S&T re-deciding them.",ResolvedToConcept — stable identifier CM-1-2-6-3-2 carried in mention text (confidence: StableIdentifier),"raw mention text: ""Fulfill Replenishment From Trading Sources (CM-1-2-6-3-2)""",(CM-1-2-6-3-2 core:enabledBy CM-1-2-6-2-3),emitting,(none — undecided),HOLD / D:hamid-verdict,informational feed — forecast informs fulfillment; supplies no authorization or executable capability. Fact removed (verified unique); no substitute emitted; retained as non-emitting evidence for source-workbook correction.
REL-00493,Manage Product Transport Agreements [CM-1-2-7-1-2],"Negotiate and administer customer-facing product transport and delivery agreements — the delivery terms linked to product sale and marketing arrangements, including delivered pricing bases, delivery service commitments, and receiving requirements — so product deliveries to customers operate against current, correct commercial delivery terms.",Secondary Distribution Management [CM-1-1-3-8],"Manage the delivery of products from terminals and depots to retail sites, commercial customers, and other end-delivery points — generating delivery orders for managed sites, scheduling vehicles and routes, and monitoring delivery performance — so site and customer demand is met reliably at efficient delivery cost.","SoleCandidate — unique preferred-label match as candidate filter (PR #120), promoted by explicit target-slug citation in source definition/scope note","Excludes carrier contracts for supply and trading movements (CM-1-2-1-2-9, batch 09 rule); customer order capture and fulfillment (CM-1-3-7); secondary delivery scheduling (CM-1-1-3-8); legal drafting and execution (Legal & Corporate Communications); transportation deal capture (CM-1-2-1-3-9).",(CM-1-1-3-8 core:enabledBy CM-1-2-7-1-2),emitting,(none — undecided),HOLD / D:hamid-verdict,excluded scope — source excludes secondary delivery scheduling owned by target. Fact removed (verified unique); no substitute emitted; retained as non-emitting evidence for source-workbook correction.
REL-00501,Manage Fleet (Own/Third Party) [CM-1-2-7-2-2],"Manage the capacity, readiness, safety, compliance, maintenance, and performance of company-operated and contracted road-delivery fleet resources so Secondary Distribution Management can assign safe, qualified, and available vehicles and carriers to approved delivery schedules.",Secondary Distribution Management [CM-1-1-3-8],"Manage the delivery of products from terminals and depots to retail sites, commercial customers, and other end-delivery points — generating delivery orders for managed sites, scheduling vehicles and routes, and monitoring delivery performance — so site and customer demand is met reliably at efficient delivery cost.","SoleCandidate — unique preferred-label match as candidate filter (PR #120), promoted by explicit target-slug citation in source definition/scope note","Route, load, and delivery-window scheduling and dispatch decisioning remain with Secondary Distribution Management (CM-1-1-3-8, batch 05).",(CM-1-1-3-8 core:enabledBy CM-1-2-7-2-2),emitting,(none — undecided),APPROVE / D:hamid-verdict,"Genuine bounded core:enabledBy — source supplies defined control, governed operating basis, decision criterion, authoritative structure, contractual right, resource capability, or required input making target capable of operating. Basis update only."
REL-00517,Document Findings [CM-1-3-1-1-4],"Document and distribute the market-analysis findings — governed findings records with their evidence, assumptions, and confidence — to the consuming strategy, planning, and insight processes, maintaining the findings library so analysis is reusable and auditable.",Marketing Insight and Metrics Stewardship [CM-1-3-1-6],"The capability to synthesize governed market, company, consumer, customer/marketer, and competitor findings into decision-ready marketing insight; maintain shared marketing-analysis metrics, definitions, baselines, and evidence lineage; and monitor insight adoption and analytical effectiveness.",ResolvedToConcept — stable identifier CM-1-3-1-6 carried in mention text (confidence: StableIdentifier),"raw mention text: ""Marketing Insight and Metrics Stewardship (CM-1-3-1-6)""",(CM-1-3-1-6 core:enabledBy CM-1-3-1-1-4),emitting,(none — undecided),HOLD / D:hamid-verdict,documentation contribution — governed findings as reusable evidence; not demonstrated enablement. Fact removed (verified unique); no substitute emitted; retained as non-emitting evidence for source-workbook correction.
