row_id,source,candidate_target,candidate_selection_method,target_identity_evidence,prior_verdict,Hamid_decision,Hamid_rationale,supersedes_tag
REL-00129,CM-1-1-7-2-4,CM-1-1-7-2-5,SoleCandidate,NEARENESS ONLY — candidate selected by classifier nearness; source row gives no evidence of which target was meant.,review32 2026-09-25 approval + G2 row-level exception,HOLD / D:hamid-verdict / TargetIdentityUnconfirmed / Supersedes2026-09-25Review32Approval,"Superseded 2026-09-26: prior approval judged the relationship plausible, not target identity. Supersedes2026-09-25Review32Approval.",Supersedes2026-09-25Review32Approval
REL-00243,CM-1-2-2-2-2,CM-1-2-2-2-1,SoleCandidate,NEARENESS ONLY — candidate selected by classifier nearness; source row gives no evidence of which target was meant.,review32 2026-09-25 approval,HOLD / D:hamid-verdict / TargetIdentityUnconfirmed / Supersedes2026-09-25Review32Approval,"Superseded 2026-09-26: prior approval judged the relationship plausible, not target identity. Supersedes2026-09-25Review32Approval.",Supersedes2026-09-25Review32Approval
REL-00304,CM-1-2-3-1-4,CM-1-2-4-4-1,SoleCandidate,NEARENESS ONLY — candidate selected by classifier nearness; source row gives no evidence of which target was meant.,review32 2026-09-25 approval,HOLD / D:hamid-verdict / TargetIdentityUnconfirmed / Supersedes2026-09-25Review32Approval,"Superseded 2026-09-26: prior approval judged the relationship plausible, not target identity. Supersedes2026-09-25Review32Approval.",Supersedes2026-09-25Review32Approval
REL-00489,CM-1-2-7-1-1,CM-1-2-6-2-2,SoleCandidate,NEARENESS ONLY — candidate selected by classifier nearness; source row gives no evidence of which target was meant.,S&T 2026-09-26 approval (reviewer predicate change),HOLD / D:hamid-verdict / TargetIdentityUnconfirmed / Supersedes2026-09-26STApproval,"Superseded 2026-09-26: prior approval judged the relationship plausible, not target identity. Supersedes2026-09-26STApproval.",Supersedes2026-09-26STApproval
REL-00728,CM-1-3-4-4-1,CM-1-3-4-4-4,SoleCandidate,NEARENESS ONLY — candidate selected by classifier nearness; source row gives no evidence of which target was meant.,review32 2026-09-25 approval + G2 row-level exception,HOLD / D:hamid-verdict / TargetIdentityUnconfirmed / Supersedes2026-09-25Review32Approval,"Superseded 2026-09-26: prior approval judged the relationship plausible, not target identity. Supersedes2026-09-25Review32Approval.",Supersedes2026-09-25Review32Approval
REL-01006,CM-1-3-8-1-2,CM-1-3-8-2-6,SoleCandidate,NEARENESS ONLY — candidate selected by classifier nearness; source row gives no evidence of which target was meant.,review32 2026-09-25 approval,HOLD / D:hamid-verdict / TargetIdentityUnconfirmed / Supersedes2026-09-25Review32Approval,"Superseded 2026-09-26: prior approval judged the relationship plausible, not target identity. Supersedes2026-09-25Review32Approval.",Supersedes2026-09-25Review32Approval
REL-01016,CM-1-3-8-1-5,CM-1-3-8-2,SoleCandidate,NEARENESS ONLY — candidate selected by classifier nearness; source row gives no evidence of which target was meant.,review32 2026-09-25 approval; override-list member,HOLD / D:hamid-verdict / TargetIdentityUnconfirmed / Supersedes2026-09-25Review32Approval,"Superseded 2026-09-26: prior approval judged the relationship plausible, not target identity. Supersedes2026-09-25Review32Approval.",Supersedes2026-09-25Review32Approval
REL-01124,CM-1-2-5-2,CM-1-2-1,SoleCandidate,NEARENESS ONLY — candidate selected by classifier nearness; source row gives no evidence of which target was meant.,S&T 2026-09-26 approval; stored control,HOLD / D:hamid-verdict / TargetIdentityUnconfirmed / Supersedes2026-09-26STApproval,"Superseded 2026-09-26: prior approval judged the relationship plausible, not target identity. Supersedes2026-09-26STApproval.",Supersedes2026-09-26STApproval
REL-01174,CM-1-2-5-1,CM-1-2-5-2-1,SoleCandidate,NEARENESS ONLY — candidate selected by classifier nearness; source row gives no evidence of which target was meant.,S&T 2026-09-26 approval; stored control,HOLD / D:hamid-verdict / TargetIdentityUnconfirmed / Supersedes2026-09-26STApproval,"Superseded 2026-09-26: prior approval judged the relationship plausible, not target identity. Supersedes2026-09-26STApproval.",Supersedes2026-09-26STApproval
REL-01049,CM-1-3-8-3-4,CM-1-3-7-4-1,,NEARENESS ONLY — SoleCandidate selected by classifier nearness; no source-backed identity override.,none,HOLD / D:hamid-verdict / TargetIdentityUnconfirmed / ClassVerdict-B-2026-09-26,"Class verdict B-2026-09-26: nearness-only, no override or identity evidence.",ClassVerdict-B-2026-09-26
REL-01085,CM-1-3-9-1-6,CM-1-3-7-5-3,,NEARENESS ONLY — SoleCandidate selected by classifier nearness; no source-backed identity override.,none,HOLD / D:hamid-verdict / TargetIdentityUnconfirmed / ClassVerdict-B-2026-09-26,"Class verdict B-2026-09-26: nearness-only, no override or identity evidence.",ClassVerdict-B-2026-09-26
REL-01093,CM-1-3-9-2-3,CM-1-3-7-5-3,,NEARENESS ONLY — SoleCandidate selected by classifier nearness; no source-backed identity override.,none,HOLD / D:hamid-verdict / TargetIdentityUnconfirmed / ClassVerdict-B-2026-09-26,"Class verdict B-2026-09-26: nearness-only, no override or identity evidence.",ClassVerdict-B-2026-09-26
REL-01095,CM-1-3-9-3-1,CM-1-3-9-1-6,,NEARENESS ONLY — SoleCandidate selected by classifier nearness; no source-backed identity override.,none,HOLD / D:hamid-verdict / TargetIdentityUnconfirmed / ClassVerdict-B-2026-09-26,"Class verdict B-2026-09-26: nearness-only, no override or identity evidence.",ClassVerdict-B-2026-09-26
REL-01096,CM-1-3-9-3-2,CM-1-3-9-1-3,,NEARENESS ONLY — SoleCandidate selected by classifier nearness; no source-backed identity override.,none,HOLD / D:hamid-verdict / TargetIdentityUnconfirmed / ClassVerdict-B-2026-09-26,"Class verdict B-2026-09-26: nearness-only, no override or identity evidence.",ClassVerdict-B-2026-09-26
REL-01099,CM-1-3-9-3-3,CM-1-3-9-1-1,,NEARENESS ONLY — SoleCandidate selected by classifier nearness; no source-backed identity override.,none,HOLD / D:hamid-verdict / TargetIdentityUnconfirmed / ClassVerdict-B-2026-09-26,"Class verdict B-2026-09-26: nearness-only, no override or identity evidence.",ClassVerdict-B-2026-09-26
REL-01104,CM-1-2-5-4,CM-1-2-5-2-2,,NEARENESS ONLY — SoleCandidate selected by classifier nearness; no source-backed identity override.,none,HOLD / D:hamid-verdict / TargetIdentityUnconfirmed / ClassVerdict-B-2026-09-26,"Class verdict B-2026-09-26: nearness-only, no override or identity evidence.",ClassVerdict-B-2026-09-26
REL-01115,CM-1-3-6-7,CM-1-3-6-6-8,,NEARENESS ONLY — SoleCandidate selected by classifier nearness; no source-backed identity override.,none,HOLD / D:hamid-verdict / TargetIdentityUnconfirmed / ClassVerdict-B-2026-09-26,"Class verdict B-2026-09-26: nearness-only, no override or identity evidence.",ClassVerdict-B-2026-09-26
REL-01139,CM-1-2-7-1,CM-1-2-6-3,,NEARENESS ONLY — SoleCandidate selected by classifier nearness; no source-backed identity override.,none,HOLD / D:hamid-verdict / TargetIdentityUnconfirmed / ClassVerdict-B-2026-09-26,"Class verdict B-2026-09-26: nearness-only, no override or identity evidence.",ClassVerdict-B-2026-09-26
REL-01142,CM-1-2-7-2,CM-1-2-6-3,,NEARENESS ONLY — SoleCandidate selected by classifier nearness; no source-backed identity override.,none,HOLD / D:hamid-verdict / TargetIdentityUnconfirmed / ClassVerdict-B-2026-09-26,"Class verdict B-2026-09-26: nearness-only, no override or identity evidence.",ClassVerdict-B-2026-09-26
REL-01146,CM-1-3-2-5,CM-1-3-9-1,,NEARENESS ONLY — SoleCandidate selected by classifier nearness; no source-backed identity override.,none,HOLD / D:hamid-verdict / TargetIdentityUnconfirmed / ClassVerdict-B-2026-09-26,"Class verdict B-2026-09-26: nearness-only, no override or identity evidence.",ClassVerdict-B-2026-09-26
REL-01156,CM-1-3-5-5,CM-1-3-5-3,,NEARENESS ONLY — SoleCandidate selected by classifier nearness; no source-backed identity override.,none,HOLD / D:hamid-verdict / TargetIdentityUnconfirmed / ClassVerdict-B-2026-09-26,"Class verdict B-2026-09-26: nearness-only, no override or identity evidence.",ClassVerdict-B-2026-09-26
REL-01161,CM-1-3-6-5,CM-1-3-5-5,,NEARENESS ONLY — SoleCandidate selected by classifier nearness; no source-backed identity override.,none,HOLD / D:hamid-verdict / TargetIdentityUnconfirmed / ClassVerdict-B-2026-09-26,"Class verdict B-2026-09-26: nearness-only, no override or identity evidence.",ClassVerdict-B-2026-09-26
REL-01167,CM-1-3-9-3,CM-1-3-9-1-1,,NEARENESS ONLY — SoleCandidate selected by classifier nearness; no source-backed identity override.,none,HOLD / D:hamid-verdict / TargetIdentityUnconfirmed / ClassVerdict-B-2026-09-26,"Class verdict B-2026-09-26: nearness-only, no override or identity evidence.",ClassVerdict-B-2026-09-26
REL-01169,CM-1-1-3-6,CM-1-1-6,,NEARENESS ONLY — SoleCandidate selected by classifier nearness; no source-backed identity override.,none,HOLD / D:hamid-verdict / TargetIdentityUnconfirmed / ClassVerdict-B-2026-09-26,"Class verdict B-2026-09-26: nearness-only, no override or identity evidence.",ClassVerdict-B-2026-09-26
REL-01176,CM-1-3-1-1,CM-1-3-2-1,,NEARENESS ONLY — SoleCandidate selected by classifier nearness; no source-backed identity override.,none,HOLD / D:hamid-verdict / TargetIdentityUnconfirmed / ClassVerdict-B-2026-09-26,"Class verdict B-2026-09-26: nearness-only, no override or identity evidence.",ClassVerdict-B-2026-09-26
REL-01179,CM-1-3-1-2,CM-1-3-2-1,,NEARENESS ONLY — SoleCandidate selected by classifier nearness; no source-backed identity override.,none,HOLD / D:hamid-verdict / TargetIdentityUnconfirmed / ClassVerdict-B-2026-09-26,"Class verdict B-2026-09-26: nearness-only, no override or identity evidence.",ClassVerdict-B-2026-09-26
REL-01187,CM-1-3-1-5,CM-1-3-2-1,,NEARENESS ONLY — SoleCandidate selected by classifier nearness; no source-backed identity override.,none,HOLD / D:hamid-verdict / TargetIdentityUnconfirmed / ClassVerdict-B-2026-09-26,"Class verdict B-2026-09-26: nearness-only, no override or identity evidence.",ClassVerdict-B-2026-09-26
REL-01195,CM-1-3-2-2,CM-1-3-2-4,,NEARENESS ONLY — SoleCandidate selected by classifier nearness; no source-backed identity override.,none,HOLD / D:hamid-verdict / TargetIdentityUnconfirmed / ClassVerdict-B-2026-09-26,"Class verdict B-2026-09-26: nearness-only, no override or identity evidence.",ClassVerdict-B-2026-09-26
REL-01201,CM-1-3-3-1,CM-1-3-6-2,,NEARENESS ONLY — SoleCandidate selected by classifier nearness; no source-backed identity override.,none,HOLD / D:hamid-verdict / TargetIdentityUnconfirmed / ClassVerdict-B-2026-09-26,"Class verdict B-2026-09-26: nearness-only, no override or identity evidence.",ClassVerdict-B-2026-09-26
REL-01204,CM-1-3-3-4,CM-1-3-6-1,,NEARENESS ONLY — SoleCandidate selected by classifier nearness; no source-backed identity override.,none,HOLD / D:hamid-verdict / TargetIdentityUnconfirmed / ClassVerdict-B-2026-09-26,"Class verdict B-2026-09-26: nearness-only, no override or identity evidence.",ClassVerdict-B-2026-09-26
REL-01209,CM-1-3-4-6,CM-1-3-4-2,,NEARENESS ONLY — SoleCandidate selected by classifier nearness; no source-backed identity override.,none,HOLD / D:hamid-verdict / TargetIdentityUnconfirmed / ClassVerdict-B-2026-09-26,"Class verdict B-2026-09-26: nearness-only, no override or identity evidence.",ClassVerdict-B-2026-09-26
REL-01219,CM-1-3-6-1,CM-1-3-6-2,,NEARENESS ONLY — SoleCandidate selected by classifier nearness; no source-backed identity override.,none,HOLD / D:hamid-verdict / TargetIdentityUnconfirmed / ClassVerdict-B-2026-09-26,"Class verdict B-2026-09-26: nearness-only, no override or identity evidence.",ClassVerdict-B-2026-09-26
REL-01231,CM-1-3-3-2,CM-1-3-3-1,,NEARENESS ONLY — SoleCandidate selected by classifier nearness; no source-backed identity override.,none,HOLD / D:hamid-verdict / TargetIdentityUnconfirmed / ClassVerdict-B-2026-09-26,"Class verdict B-2026-09-26: nearness-only, no override or identity evidence.",ClassVerdict-B-2026-09-26
REL-01237,CM-1-3-3-6,CM-1-3-6-5,,NEARENESS ONLY — SoleCandidate selected by classifier nearness; no source-backed identity override.,none,HOLD / D:hamid-verdict / TargetIdentityUnconfirmed / ClassVerdict-B-2026-09-26,"Class verdict B-2026-09-26: nearness-only, no override or identity evidence.",ClassVerdict-B-2026-09-26
REL-01245,CM-1-2-1-1,CM-1-2-1-4,,NEARENESS ONLY — SoleCandidate selected by classifier nearness; no source-backed identity override.,none,HOLD / D:hamid-verdict / TargetIdentityUnconfirmed / ClassVerdict-B-2026-09-26,"Class verdict B-2026-09-26: nearness-only, no override or identity evidence.",ClassVerdict-B-2026-09-26
REL-01248,CM-1-3-4-4,CM-1-3-4-6,,NEARENESS ONLY — SoleCandidate selected by classifier nearness; no source-backed identity override.,none,HOLD / D:hamid-verdict / TargetIdentityUnconfirmed / ClassVerdict-B-2026-09-26,"Class verdict B-2026-09-26: nearness-only, no override or identity evidence.",ClassVerdict-B-2026-09-26
REL-01250,CM-1-3-7-1,CM-1-3-8-1,,NEARENESS ONLY — SoleCandidate selected by classifier nearness; no source-backed identity override.,none,HOLD / D:hamid-verdict / TargetIdentityUnconfirmed / ClassVerdict-B-2026-09-26,"Class verdict B-2026-09-26: nearness-only, no override or identity evidence.",ClassVerdict-B-2026-09-26
REL-01259,CM-1-3-7-4,CM-1-3-7-3,,NEARENESS ONLY — SoleCandidate selected by classifier nearness; no source-backed identity override.,none,HOLD / D:hamid-verdict / TargetIdentityUnconfirmed / ClassVerdict-B-2026-09-26,"Class verdict B-2026-09-26: nearness-only, no override or identity evidence.",ClassVerdict-B-2026-09-26
REL-01287,CM-1-2-2-1,CM-1-2-1-3,,NEARENESS ONLY — SoleCandidate selected by classifier nearness; no source-backed identity override.,none,HOLD / D:hamid-verdict / TargetIdentityUnconfirmed / ClassVerdict-B-2026-09-26,"Class verdict B-2026-09-26: nearness-only, no override or identity evidence.",ClassVerdict-B-2026-09-26
REL-01288,CM-1-2-2-1,CM-1-2-1-2,,NEARENESS ONLY — SoleCandidate selected by classifier nearness; no source-backed identity override.,none,HOLD / D:hamid-verdict / TargetIdentityUnconfirmed / ClassVerdict-B-2026-09-26,"Class verdict B-2026-09-26: nearness-only, no override or identity evidence.",ClassVerdict-B-2026-09-26
REL-01304,CM-1-1-3-7,CM-1-1-2,,NEARENESS ONLY — SoleCandidate selected by classifier nearness; no source-backed identity override.,none,HOLD / D:hamid-verdict / TargetIdentityUnconfirmed / ClassVerdict-B-2026-09-26,"Class verdict B-2026-09-26: nearness-only, no override or identity evidence.",ClassVerdict-B-2026-09-26
REL-01318,CM-1-2-4-1,CM-1-2-4-2-4,,NEARENESS ONLY — SoleCandidate selected by classifier nearness; no source-backed identity override.,none,HOLD / D:hamid-verdict / TargetIdentityUnconfirmed / ClassVerdict-B-2026-09-26,"Class verdict B-2026-09-26: nearness-only, no override or identity evidence.",ClassVerdict-B-2026-09-26
