row_id,review_section,source_slug,source,source_definition,verb,target_slug,target,target_definition,pipeline_emission_status,informed_by_rows,informed_by_status,reverse_pair_verbs,current_stored_fact,recommendation,pipeline_note,Hamid_decision,Hamid_rationale
REL-00140,UNDECIDED — needs Hamid verdict,CM-1-1-7-3-3,Manage and Support Emissions Trading,"Manage the refinery's emissions-allowance and credit position from the planning side — tracking emissions against allowances by program and period, forecasting surplus or shortfall from the production and energy plans, a",enables,CM-1-1-7-3-1,Optimize Internal vs. External Energy Sources,"Decide the economically optimal mix of self-generated and externally purchased energy — fuel gas, fuel oil, steam, and power, including cogeneration versus grid supply — for the planning period, within reliability, contr",EMITTING as CM-1-1-7-3-1 core:dependsOnOutputOf CM-1-1-7-3-3,REL-00136,REL-00136 (emitting),informed-by,CM-1-1-7-3-1 core:dependsOnOutputOf CM-1-1-7-3-3,"Hold: emit no core:dependsOnOutputOf triple. The source verb is 'enables', the only reverse evidence is 'informed-by', and no independent uses-input evidence exists for this pair — storing dependsOnOutputOf would change the verb at emission (Rule 11). The reverse informed-by assertion keeps its own informedBy fact; the enables assertion is retained as non-emitting evidence.",,HOLD / D:hamid-verdict / G1bNoVerbChange,"The source assertion uses enables. The only paired evidence is the inverse informed-by assertion, and there is no independently approved uses-input assertion for this source-target pair. Emitting core:dependsOnOutputOf would silently change the source assertion's meaning, which Rule 11 prohibits. Retain the enables row as non-emitting source evidence; preserve the separate informed-by fact supported by its own source row; emit no replacement predicate. A corrected source assertion requires a fresh verdict."
REL-00469,DECIDED — see pipeline_note,CM-1-2-6-1-3,Assess Cost-to-Serve Performance,"Assess the full cost of serving customers, segments, and markets from the refined-product supply network — supply, storage, handling, primary and secondary logistics, and service costs against realized margins — identify",enables,CM-1-2-6-1,Supply Network Participation Analysis,"Analyze the refined-product supply network's market participation — segmenting customers and markets on supply economics, evaluating market attractiveness for supply-network participation, and assessing cost-to-serve per",HELD — no triple,REL-01130,REL-01130 (emitting),informed-by,held — no triple,No action — decided 2026-09-26; carried for reconciliation only.,"DECIDED — held under the hierarchy ruling (S&T batch, 2026-09-26): parent/child composition, no independent enabledBy evidence. Not re-decided here.",,
REL-00489,DECIDED — see pipeline_note,CM-1-2-7-1-1,Manage Product Exchange Agreements,"Negotiate and administer product exchange agreements — the terms under which product is exchanged with other suppliers across locations and time — owning the entitlement rules, differentials, and contractual imbalance ca",enables,CM-1-2-6-2-2,Manage Refined Product Exchanges,"Coordinate operational utilization of product-exchange entitlements to support approved demand and supply requirements by monitoring available exchange positions, planning proposed lifting and delivery use by location an",EMITTING as CM-1-2-6-2-2 core:enabledBy CM-1-2-7-1-1,REL-00476,REL-00476 (emitting),informed-by,CM-1-2-6-2-2 core:enabledBy CM-1-2-7-1-1,No action — decided 2026-09-26; carried for reconciliation only.,"DECIDED — approved as bounded core:enabledBy (S&T batch, 2026-09-26). Not re-decided here; shown so the group reconciliation is complete.",,
REL-00499,UNDECIDED — needs Hamid verdict,CM-1-2-7-2-1,"Manage Safety (Materials, Staff, Contractor)","Operate the safety programs at company-managed terminal and fleet operations — hazardous-materials handling safety, staff safety training and procedures, and contractor safety qualification and control — executing the en",enables,CM-1-2-7-2-3,"Manage Site Assets (Tank, Rack, Etc.)","Manage the operational availability, condition, integrity coordination, and business-use allocation of company-managed marketing and distribution terminal assets — including tanks, racks, meters, additive systems, vapor-",EMITTING as CM-1-2-7-2-3 core:dependsOnOutputOf CM-1-2-7-2-1,REL-00505,REL-00505 (emitting),informed-by,CM-1-2-7-2-3 core:dependsOnOutputOf CM-1-2-7-2-1,"Hold: emit no core:dependsOnOutputOf triple. The source verb is 'enables', the only reverse evidence is 'informed-by', and no independent uses-input evidence exists for this pair — storing dependsOnOutputOf would change the verb at emission (Rule 11). The reverse informed-by assertion keeps its own informedBy fact; the enables assertion is retained as non-emitting evidence.",,HOLD / D:hamid-verdict / G1bNoVerbChange,"The source assertion uses enables. The only paired evidence is the inverse informed-by assertion, and there is no independently approved uses-input assertion for this source-target pair. Emitting core:dependsOnOutputOf would silently change the source assertion's meaning, which Rule 11 prohibits. Retain the enables row as non-emitting source evidence; preserve the separate informed-by fact supported by its own source row; emit no replacement predicate. A corrected source assertion requires a fresh verdict."
REL-00565,UNDECIDED — needs Hamid verdict,CM-1-3-1-6,Marketing Insight and Metrics Stewardship,"The capability to synthesize governed market, company, consumer, customer/marketer, and competitor findings into decision-ready marketing insight; maintain shared marketing-analysis metrics, definitions, baselines, and e",enables,CM-1-3-2-1,Brand Strategy,"Develop and maintain the approved brand strategy for the company's downstream fuels and products marketing — brand positioning, brand architecture, and where and how the brand competes — through a recurring, hypothesis-d",EMITTING as CM-1-3-2-1 core:dependsOnOutputOf CM-1-3-1-6,REL-01190,REL-01190 (emitting),informed-by,CM-1-3-2-1 core:dependsOnOutputOf CM-1-3-1-6,"Hold: emit no core:dependsOnOutputOf triple. The source verb is 'enables', the only reverse evidence is 'informed-by', and no independent uses-input evidence exists for this pair — storing dependsOnOutputOf would change the verb at emission (Rule 11). The reverse informed-by assertion keeps its own informedBy fact; the enables assertion is retained as non-emitting evidence.",,HOLD / D:hamid-verdict / G1bNoVerbChange,"The source assertion uses enables. The only paired evidence is the inverse informed-by assertion, and there is no independently approved uses-input assertion for this source-target pair. Emitting core:dependsOnOutputOf would silently change the source assertion's meaning, which Rule 11 prohibits. Retain the enables row as non-emitting source evidence; preserve the separate informed-by fact supported by its own source row; emit no replacement predicate. A corrected source assertion requires a fresh verdict."
REL-00648,UNDECIDED — needs Hamid verdict,CM-1-3-3-2-3,Analyze Pricing Performance,"Analyze the performance of deployed pricing — realization against architecture, margin and volume effects, competitive position, and rule adherence — producing the recurring evidence that keeps the pricing strategy hones",enables,CM-1-3-3-2-2,Develop Integrated Pricing Strategy,"Develop the integrated pricing strategy — the approved price architecture, differential logic, index-linkage principles, corridors and guardrails, and pricing rules that connect postures across products, channels, and cu",EMITTING as CM-1-3-3-2-2 core:dependsOnOutputOf CM-1-3-3-2-3,REL-00643,REL-00643 (emitting),informed-by,CM-1-3-3-2-2 core:dependsOnOutputOf CM-1-3-3-2-3,"Hold: emit no core:dependsOnOutputOf triple. The source verb is 'enables', the only reverse evidence is 'informed-by', and no independent uses-input evidence exists for this pair — storing dependsOnOutputOf would change the verb at emission (Rule 11). The reverse informed-by assertion keeps its own informedBy fact; the enables assertion is retained as non-emitting evidence.",,HOLD / D:hamid-verdict / G1bNoVerbChange,"The source assertion uses enables. The only paired evidence is the inverse informed-by assertion, and there is no independently approved uses-input assertion for this source-target pair. Emitting core:dependsOnOutputOf would silently change the source assertion's meaning, which Rule 11 prohibits. Retain the enables row as non-emitting source evidence; preserve the separate informed-by fact supported by its own source row; emit no replacement predicate. A corrected source assertion requires a fresh verdict."
REL-00679,UNDECIDED — needs Hamid verdict,CM-1-3-3-5-1,Define Media Strategy,"Define the media strategy — which paid, owned, and earned media channels carry the communications strategy, with what roles, weights, and principles — so media planning buys against deliberate strategic direction.",enables,CM-1-3-5-2,Integrated Marketing Planning (Advertising),"Integrate the advertising and media plans across campaigns, brands, and channels into one coherent plan — a single calendar, budget envelope, and priority set implementing the approved media and advertising strategies — ",EMITTING as CM-1-3-5-2 core:dependsOnOutputOf CM-1-3-3-5-1,REL-00775,REL-00775 (emitting),informed-by,CM-1-3-5-2 core:dependsOnOutputOf CM-1-3-3-5-1,"Hold: emit no core:dependsOnOutputOf triple. The source verb is 'enables', the only reverse evidence is 'informed-by', and no independent uses-input evidence exists for this pair — storing dependsOnOutputOf would change the verb at emission (Rule 11). The reverse informed-by assertion keeps its own informedBy fact; the enables assertion is retained as non-emitting evidence.",,HOLD / D:hamid-verdict / G1bNoVerbChange,"The source assertion uses enables. The only paired evidence is the inverse informed-by assertion, and there is no independently approved uses-input assertion for this source-target pair. Emitting core:dependsOnOutputOf would silently change the source assertion's meaning, which Rule 11 prohibits. Retain the enables row as non-emitting source evidence; preserve the separate informed-by fact supported by its own source row; emit no replacement predicate. A corrected source assertion requires a fresh verdict."
REL-00709,UNDECIDED — needs Hamid verdict,CM-1-3-4-1-2,Market Sensing,"Continuously sense the market, technology, regulatory, and competitive signals relevant to downstream product and service innovation — a standing scan that feeds needs identification and planning with early, sourced, rel",enables,CM-1-3-4-1-1,Identify Market Needs,"Identify the market needs the innovation program should serve — unmet and emerging customer, consumer, and channel needs read from the governed evidence base on the innovation-opportunity lens — prioritized as innovation",EMITTING as CM-1-3-4-1-1 core:dependsOnOutputOf CM-1-3-4-1-2,REL-00706,REL-00706 (emitting),informed-by,CM-1-3-4-1-1 core:dependsOnOutputOf CM-1-3-4-1-2,"Hold: emit no core:dependsOnOutputOf triple. The source verb is 'enables', the only reverse evidence is 'informed-by', and no independent uses-input evidence exists for this pair — storing dependsOnOutputOf would change the verb at emission (Rule 11). The reverse informed-by assertion keeps its own informedBy fact; the enables assertion is retained as non-emitting evidence.",,HOLD / D:hamid-verdict / G1bNoVerbChange,"The source assertion uses enables. The only paired evidence is the inverse informed-by assertion, and there is no independently approved uses-input assertion for this source-target pair. Emitting core:dependsOnOutputOf would silently change the source assertion's meaning, which Rule 11 prohibits. Retain the enables row as non-emitting source evidence; preserve the separate informed-by fact supported by its own source row; emit no replacement predicate. A corrected source assertion requires a fresh verdict."
REL-00732,UNDECIDED — needs Hamid verdict,CM-1-3-4-4-3,Value Intellectual Assets,"Assess the commercial value of intellectual assets — their contribution, market relevance, and licensing potential — as decision evidence for protection, exploitation, and portfolio choices, without owning financial valu",enables,CM-1-3-4-4-6,Manage Intellectual Asset Portfolios,"Steward the intellectual-asset portfolio — the maintained inventory of assets and registrations, their cost and value balance, and recommendations to maintain, renew, license, or prune — coordinated through Legal for eve",EMITTING as CM-1-3-4-4-6 core:dependsOnOutputOf CM-1-3-4-4-3,REL-00739,REL-00739 (emitting),informed-by,CM-1-3-4-4-6 core:dependsOnOutputOf CM-1-3-4-4-3,"Hold: emit no core:dependsOnOutputOf triple. The source verb is 'enables', the only reverse evidence is 'informed-by', and no independent uses-input evidence exists for this pair — storing dependsOnOutputOf would change the verb at emission (Rule 11). The reverse informed-by assertion keeps its own informedBy fact; the enables assertion is retained as non-emitting evidence.",,HOLD / D:hamid-verdict / G1bNoVerbChange,"The source assertion uses enables. The only paired evidence is the inverse informed-by assertion, and there is no independently approved uses-input assertion for this source-target pair. Emitting core:dependsOnOutputOf would silently change the source assertion's meaning, which Rule 11 prohibits. Retain the enables row as non-emitting source evidence; preserve the separate informed-by fact supported by its own source row; emit no replacement predicate. A corrected source assertion requires a fresh verdict."
REL-00973,UNDECIDED — needs Hamid verdict,CM-1-3-7-4-3,Monitor Credit Against Limit,"Monitor customer credit exposure against approved limits continuously: calculate exposure per approved policy, aggregate it across the customer's accounts per the governed credit hierarchy, apply and release holds under ",enables,CM-1-3-7-3-1,Capture & Validate Order,"Capture customer orders from all approved channels — portal, EDI, phone, direct entry — and validate each against governed controls: resolve the correct party and account roles, confirm product, price, terms, and tax fro",EMITTING as CM-1-3-7-3-1 core:dependsOnOutputOf CM-1-3-7-4-3,REL-00948,REL-00948 (emitting),informed-by,CM-1-3-7-3-1 core:dependsOnOutputOf CM-1-3-7-4-3,"Hold: emit no core:dependsOnOutputOf triple. The source verb is 'enables', the only reverse evidence is 'informed-by', and no independent uses-input evidence exists for this pair — storing dependsOnOutputOf would change the verb at emission (Rule 11). The reverse informed-by assertion keeps its own informedBy fact; the enables assertion is retained as non-emitting evidence.",,HOLD / D:hamid-verdict / G1bNoVerbChange,"The source assertion uses enables. The only paired evidence is the inverse informed-by assertion, and there is no independently approved uses-input assertion for this source-target pair. Emitting core:dependsOnOutputOf would silently change the source assertion's meaning, which Rule 11 prohibits. Retain the enables row as non-emitting source evidence; preserve the separate informed-by fact supported by its own source row; emit no replacement predicate. A corrected source assertion requires a fresh verdict."
REL-00974,UNDECIDED — needs Hamid verdict,CM-1-3-7-4-3,Monitor Credit Against Limit,"Monitor customer credit exposure against approved limits continuously: calculate exposure per approved policy, aggregate it across the customer's accounts per the governed credit hierarchy, apply and release holds under ",enables,CM-1-3-6-6-6,Manage Card Delinquency and Collections Referral (CM-1-3-6-6-6),"Manage the card program's exposure to non-paying accounts at program level: monitor delinquency signals on card accounts, apply program-level servicing responses such as card blocking, transaction holds, and limit suspen",EMITTING as CM-1-3-6-6-6 core:dependsOnOutputOf CM-1-3-7-4-3,REL-00896,REL-00896 (emitting),informed-by,CM-1-3-6-6-6 core:dependsOnOutputOf CM-1-3-7-4-3,"Hold: emit no core:dependsOnOutputOf triple. The source verb is 'enables', the only reverse evidence is 'informed-by', and no independent uses-input evidence exists for this pair — storing dependsOnOutputOf would change the verb at emission (Rule 11). The reverse informed-by assertion keeps its own informedBy fact; the enables assertion is retained as non-emitting evidence.",,HOLD / D:hamid-verdict / G1bNoVerbChange,"The source assertion uses enables. The only paired evidence is the inverse informed-by assertion, and there is no independently approved uses-input assertion for this source-target pair. Emitting core:dependsOnOutputOf would silently change the source assertion's meaning, which Rule 11 prohibits. Retain the enables row as non-emitting source evidence; preserve the separate informed-by fact supported by its own source row; emit no replacement predicate. A corrected source assertion requires a fresh verdict."
REL-00977,UNDECIDED — needs Hamid verdict,CM-1-3-7-4-4,Analyze Portfolio Credit Risk,"Analyze credit risk at portfolio level: concentration by customer, sector, channel, and geography; aging and risk-code migration; loss experience and expected-loss signals; and stress indicators under changing market con",enables,CM-1-3-7-4-1,Maintain Credit Policies,"Maintain the credit policies that govern customer credit: encode the Finance-approved risk appetite into credit standards, terms eligibility rules, security requirements, hold/release rules, and delegation thresholds; ke",EMITTING as CM-1-3-7-4-1 core:dependsOnOutputOf CM-1-3-7-4-4,REL-00965,REL-00965 (emitting),informed-by,CM-1-3-7-4-1 core:dependsOnOutputOf CM-1-3-7-4-4,"Hold: emit no core:dependsOnOutputOf triple. The source verb is 'enables', the only reverse evidence is 'informed-by', and no independent uses-input evidence exists for this pair — storing dependsOnOutputOf would change the verb at emission (Rule 11). The reverse informed-by assertion keeps its own informedBy fact; the enables assertion is retained as non-emitting evidence.",,HOLD / D:hamid-verdict / G1bNoVerbChange,"The source assertion uses enables. The only paired evidence is the inverse informed-by assertion, and there is no independently approved uses-input assertion for this source-target pair. Emitting core:dependsOnOutputOf would silently change the source assertion's meaning, which Rule 11 prohibits. Retain the enables row as non-emitting source evidence; preserve the separate informed-by fact supported by its own source row; emit no replacement predicate. A corrected source assertion requires a fresh verdict."
REL-01108,UNDECIDED — needs Hamid verdict,CM-1-3-2-4,Sales & Distribution Channel Strategy,"Develop and maintain the approved strategic channel-of-trade direction for downstream sales and distribution — which routes to market the company participates in, their strategic roles, and the target channel mix — throu",enables,CM-1-3-3-3,Sales & Distribution Channel Design,"Design the sales and distribution channel system that implements the approved channel strategy — segmenting channels, defining the channel portfolio, creating channel-specific offerings, and developing channel structure,",EMITTING as CM-1-3-3-3 core:dependsOnOutputOf CM-1-3-2-4,REL-01232,REL-01232 (emitting),informed-by,CM-1-3-3-3 core:dependsOnOutputOf CM-1-3-2-4,"Hold: emit no core:dependsOnOutputOf triple. The source verb is 'enables', the only reverse evidence is 'informed-by', and no independent uses-input evidence exists for this pair — storing dependsOnOutputOf would change the verb at emission (Rule 11). The reverse informed-by assertion keeps its own informedBy fact; the enables assertion is retained as non-emitting evidence.",,HOLD / D:hamid-verdict / G1bNoVerbChange,"The source assertion uses enables. The only paired evidence is the inverse informed-by assertion, and there is no independently approved uses-input assertion for this source-target pair. Emitting core:dependsOnOutputOf would silently change the source assertion's meaning, which Rule 11 prohibits. Retain the enables row as non-emitting source evidence; preserve the separate informed-by fact supported by its own source row; emit no replacement predicate. A corrected source assertion requires a fresh verdict."
REL-01112,UNDECIDED — needs Hamid verdict,CM-1-3-6-3,Sales Pricing Management,"Apply the approved pricing architecture in the market — determining posted and transaction sales prices within the approved parameters, corridors, rules, and eligibility, and coordinating their deployment through the acc",enables,CM-1-3-3-2-3,Analyze Pricing Performance,"Analyze the performance of deployed pricing — realization against architecture, margin and volume effects, competitive position, and rule adherence — producing the recurring evidence that keeps the pricing strategy hones",EMITTING as CM-1-3-3-2-3 core:dependsOnOutputOf CM-1-3-6-3,REL-00646,REL-00646 (emitting),informed-by,CM-1-3-3-2-3 core:dependsOnOutputOf CM-1-3-6-3,"Hold: emit no core:dependsOnOutputOf triple. The source verb is 'enables', the only reverse evidence is 'informed-by', and no independent uses-input evidence exists for this pair — storing dependsOnOutputOf would change the verb at emission (Rule 11). The reverse informed-by assertion keeps its own informedBy fact; the enables assertion is retained as non-emitting evidence.",,HOLD / D:hamid-verdict / G1bNoVerbChange,"The source assertion uses enables. The only paired evidence is the inverse informed-by assertion, and there is no independently approved uses-input assertion for this source-target pair. Emitting core:dependsOnOutputOf would silently change the source assertion's meaning, which Rule 11 prohibits. Retain the enables row as non-emitting source evidence; preserve the separate informed-by fact supported by its own source row; emit no replacement predicate. A corrected source assertion requires a fresh verdict."
REL-01148,UNDECIDED — needs Hamid verdict,CM-1-3-4-1,Visioning And Implementation Planning,"Set the innovation vision and implementation plans for downstream products and services — where the company will innovate, which market needs and signals justify it, and how R&D effort will be mobilized — through a recur",enables,CM-1-3-4-2,Concept & Feasibility Study,"Develop and evaluate product and service concepts — ideation from evidenced needs, research on candidate concepts, and feasibility assessment across market, technical, commercial, and regulatory dimensions — so only conc",EMITTING as CM-1-3-4-2 core:dependsOnOutputOf CM-1-3-4-1,REL-01150,REL-01150 (emitting),informed-by,CM-1-3-4-2 core:dependsOnOutputOf CM-1-3-4-1,"Hold: emit no core:dependsOnOutputOf triple. The source verb is 'enables', the only reverse evidence is 'informed-by', and no independent uses-input evidence exists for this pair — storing dependsOnOutputOf would change the verb at emission (Rule 11). The reverse informed-by assertion keeps its own informedBy fact; the enables assertion is retained as non-emitting evidence.",,HOLD / D:hamid-verdict / G1bNoVerbChange,"The source assertion uses enables. The only paired evidence is the inverse informed-by assertion, and there is no independently approved uses-input assertion for this source-target pair. Emitting core:dependsOnOutputOf would silently change the source assertion's meaning, which Rule 11 prohibits. Retain the enables row as non-emitting source evidence; preserve the separate informed-by fact supported by its own source row; emit no replacement predicate. A corrected source assertion requires a fresh verdict."
REL-01151,UNDECIDED — needs Hamid verdict,CM-1-3-4-2,Concept & Feasibility Study,"Develop and evaluate product and service concepts — ideation from evidenced needs, research on candidate concepts, and feasibility assessment across market, technical, commercial, and regulatory dimensions — so only conc",enables,CM-1-3-4-3,Product & Service Development,"Develop new and improved downstream products and services from approved concepts — governed development programs, per-product development execution, and controlled product and service change — within the applicable regul",EMITTING as CM-1-3-4-3 core:dependsOnOutputOf CM-1-3-4-2,REL-01152,REL-01152 (emitting),informed-by,CM-1-3-4-3 core:dependsOnOutputOf CM-1-3-4-2,"Hold: emit no core:dependsOnOutputOf triple. The source verb is 'enables', the only reverse evidence is 'informed-by', and no independent uses-input evidence exists for this pair — storing dependsOnOutputOf would change the verb at emission (Rule 11). The reverse informed-by assertion keeps its own informedBy fact; the enables assertion is retained as non-emitting evidence.",,HOLD / D:hamid-verdict / G1bNoVerbChange,"The source assertion uses enables. The only paired evidence is the inverse informed-by assertion, and there is no independently approved uses-input assertion for this source-target pair. Emitting core:dependsOnOutputOf would silently change the source assertion's meaning, which Rule 11 prohibits. Retain the enables row as non-emitting source evidence; preserve the separate informed-by fact supported by its own source row; emit no replacement predicate. A corrected source assertion requires a fresh verdict."
REL-01154,UNDECIDED — needs Hamid verdict,CM-1-3-4-3,Product & Service Development,"Develop new and improved downstream products and services from approved concepts — governed development programs, per-product development execution, and controlled product and service change — within the applicable regul",enables,CM-1-3-4-5,Lifecycle Management,"Manage the lifecycle and portfolio of downstream products, services, and R&D initiatives by identifying technology needs, valuing and assessing portfolio elements, and developing evidence-based stage, stop, accelerate, e",EMITTING as CM-1-3-4-5 core:dependsOnOutputOf CM-1-3-4-3,REL-01205,REL-01205 (emitting),informed-by,CM-1-3-4-5 core:dependsOnOutputOf CM-1-3-4-3,"Hold: emit no core:dependsOnOutputOf triple. The source verb is 'enables', the only reverse evidence is 'informed-by', and no independent uses-input evidence exists for this pair — storing dependsOnOutputOf would change the verb at emission (Rule 11). The reverse informed-by assertion keeps its own informedBy fact; the enables assertion is retained as non-emitting evidence.",,HOLD / D:hamid-verdict / G1bNoVerbChange,"The source assertion uses enables. The only paired evidence is the inverse informed-by assertion, and there is no independently approved uses-input assertion for this source-target pair. Emitting core:dependsOnOutputOf would silently change the source assertion's meaning, which Rule 11 prohibits. Retain the enables row as non-emitting source evidence; preserve the separate informed-by fact supported by its own source row; emit no replacement predicate. A corrected source assertion requires a fresh verdict."
REL-01181,UNDECIDED — needs Hamid verdict,CM-1-3-1-3,Consumer Analysis,"Analyze end-consumer behavior in the company's downstream markets — needs, preferences, buying patterns, journey and experience drivers, and segment dynamics — through a recurring, governed analysis cycle operating withi",enables,CM-1-3-2-3,Consumer Value Proposition,"Develop and maintain the approved value proposition offered to end consumers in the company's downstream markets — the strategic promise concerning fuel, convenience, loyalty, and experience value — through a recurring, ",EMITTING as CM-1-3-2-3 core:dependsOnOutputOf CM-1-3-1-3,REL-01196,REL-01196 (emitting),informed-by,CM-1-3-2-3 core:dependsOnOutputOf CM-1-3-1-3,"Hold: emit no core:dependsOnOutputOf triple. The source verb is 'enables', the only reverse evidence is 'informed-by', and no independent uses-input evidence exists for this pair — storing dependsOnOutputOf would change the verb at emission (Rule 11). The reverse informed-by assertion keeps its own informedBy fact; the enables assertion is retained as non-emitting evidence.",,HOLD / D:hamid-verdict / G1bNoVerbChange,"The source assertion uses enables. The only paired evidence is the inverse informed-by assertion, and there is no independently approved uses-input assertion for this source-target pair. Emitting core:dependsOnOutputOf would silently change the source assertion's meaning, which Rule 11 prohibits. Retain the enables row as non-emitting source evidence; preserve the separate informed-by fact supported by its own source row; emit no replacement predicate. A corrected source assertion requires a fresh verdict."
REL-01184,UNDECIDED — needs Hamid verdict,CM-1-3-1-4,Customer And Marketer Analysis,"Analyze the company's direct customers and branded marketers — commercial and industrial customers, resellers, and the branded wholesalers, jobbers, and distributors who market under or alongside the brand — their needs,",enables,CM-1-3-2-2,Customer And Marketer Value Proposition,"Develop and maintain the approved value proposition offered to the company's direct customers and branded marketers — the strategic promise concerning supply, brand, program, service, and support value made to commercial",EMITTING as CM-1-3-2-2 core:dependsOnOutputOf CM-1-3-1-4,REL-01193,REL-01193 (emitting),informed-by,CM-1-3-2-2 core:dependsOnOutputOf CM-1-3-1-4,"Hold: emit no core:dependsOnOutputOf triple. The source verb is 'enables', the only reverse evidence is 'informed-by', and no independent uses-input evidence exists for this pair — storing dependsOnOutputOf would change the verb at emission (Rule 11). The reverse informed-by assertion keeps its own informedBy fact; the enables assertion is retained as non-emitting evidence.",,HOLD / D:hamid-verdict / G1bNoVerbChange,"The source assertion uses enables. The only paired evidence is the inverse informed-by assertion, and there is no independently approved uses-input assertion for this source-target pair. Emitting core:dependsOnOutputOf would silently change the source assertion's meaning, which Rule 11 prohibits. Retain the enables row as non-emitting source evidence; preserve the separate informed-by fact supported by its own source row; emit no replacement predicate. A corrected source assertion requires a fresh verdict."
REL-01191,UNDECIDED — needs Hamid verdict,CM-1-3-2-1,Brand Strategy,"Develop and maintain the approved brand strategy for the company's downstream fuels and products marketing — brand positioning, brand architecture, and where and how the brand competes — through a recurring, hypothesis-d",enables,CM-1-3-3-5,Marketing Communications Strategy,"Define the marketing communications strategy that carries the approved brand and value propositions to their audiences — integrating the media, direct, advertising, point-of-sale, digital, and internal communication stra",EMITTING as CM-1-3-3-5 core:dependsOnOutputOf CM-1-3-2-1,REL-01272,REL-01272 (emitting),informed-by,CM-1-3-3-5 core:dependsOnOutputOf CM-1-3-2-1,"Hold: emit no core:dependsOnOutputOf triple. The source verb is 'enables', the only reverse evidence is 'informed-by', and no independent uses-input evidence exists for this pair — storing dependsOnOutputOf would change the verb at emission (Rule 11). The reverse informed-by assertion keeps its own informedBy fact; the enables assertion is retained as non-emitting evidence.",,HOLD / D:hamid-verdict / G1bNoVerbChange,"The source assertion uses enables. The only paired evidence is the inverse informed-by assertion, and there is no independently approved uses-input assertion for this source-target pair. Emitting core:dependsOnOutputOf would silently change the source assertion's meaning, which Rule 11 prohibits. Retain the enables row as non-emitting source evidence; preserve the separate informed-by fact supported by its own source row; emit no replacement predicate. A corrected source assertion requires a fresh verdict."
REL-01194,UNDECIDED — needs Hamid verdict,CM-1-3-2-2,Customer And Marketer Value Proposition,"Develop and maintain the approved value proposition offered to the company's direct customers and branded marketers — the strategic promise concerning supply, brand, program, service, and support value made to commercial",enables,CM-1-3-3-1,Customer Offer Definition,"Define the concrete customer offers that deliver the approved value propositions — which customer groups are targeted, what each offer contains, how it is validated, and how its performance will be measured — through a r",EMITTING as CM-1-3-3-1 core:dependsOnOutputOf CM-1-3-2-2,REL-01199,REL-01199 (emitting),informed-by,CM-1-3-3-1 core:dependsOnOutputOf CM-1-3-2-2,"Hold: emit no core:dependsOnOutputOf triple. The source verb is 'enables', the only reverse evidence is 'informed-by', and no independent uses-input evidence exists for this pair — storing dependsOnOutputOf would change the verb at emission (Rule 11). The reverse informed-by assertion keeps its own informedBy fact; the enables assertion is retained as non-emitting evidence.",,HOLD / D:hamid-verdict / G1bNoVerbChange,"The source assertion uses enables. The only paired evidence is the inverse informed-by assertion, and there is no independently approved uses-input assertion for this source-target pair. Emitting core:dependsOnOutputOf would silently change the source assertion's meaning, which Rule 11 prohibits. Retain the enables row as non-emitting source evidence; preserve the separate informed-by fact supported by its own source row; emit no replacement predicate. A corrected source assertion requires a fresh verdict."
REL-01197,UNDECIDED — needs Hamid verdict,CM-1-3-2-3,Consumer Value Proposition,"Develop and maintain the approved value proposition offered to end consumers in the company's downstream markets — the strategic promise concerning fuel, convenience, loyalty, and experience value — through a recurring, ",enables,CM-1-3-3-1,Customer Offer Definition,"Define the concrete customer offers that deliver the approved value propositions — which customer groups are targeted, what each offer contains, how it is validated, and how its performance will be measured — through a r",EMITTING as CM-1-3-3-1 core:dependsOnOutputOf CM-1-3-2-3,REL-01200,REL-01200 (emitting),informed-by,CM-1-3-3-1 core:dependsOnOutputOf CM-1-3-2-3,"Hold: emit no core:dependsOnOutputOf triple. The source verb is 'enables', the only reverse evidence is 'informed-by', and no independent uses-input evidence exists for this pair — storing dependsOnOutputOf would change the verb at emission (Rule 11). The reverse informed-by assertion keeps its own informedBy fact; the enables assertion is retained as non-emitting evidence.",,HOLD / D:hamid-verdict / G1bNoVerbChange,"The source assertion uses enables. The only paired evidence is the inverse informed-by assertion, and there is no independently approved uses-input assertion for this source-target pair. Emitting core:dependsOnOutputOf would silently change the source assertion's meaning, which Rule 11 prohibits. Retain the enables row as non-emitting source evidence; preserve the separate informed-by fact supported by its own source row; emit no replacement predicate. A corrected source assertion requires a fresh verdict."
REL-01213,UNDECIDED — needs Hamid verdict,CM-1-3-5-1,Sales Planning,"Plan the sales effort that delivers the approved strategies — the agreed sales-input process into the governed demand forecast, allocated sales targets, account plans, and the margin-gap feedback loop — so sales executio",enables,CM-1-3-6-2,Sales Execution,"Execute the sales effort against the plans — pipeline, opportunities, key accounts, quotes, contracts and orders, and non-retail customer serving — as the commercial pursuit whose qualified outcomes are handed to the con",EMITTING as CM-1-3-6-2 core:dependsOnOutputOf CM-1-3-5-1,REL-01275,REL-01275 (emitting),informed-by,CM-1-3-6-2 core:dependsOnOutputOf CM-1-3-5-1,"Hold: emit no core:dependsOnOutputOf triple. The source verb is 'enables', the only reverse evidence is 'informed-by', and no independent uses-input evidence exists for this pair — storing dependsOnOutputOf would change the verb at emission (Rule 11). The reverse informed-by assertion keeps its own informedBy fact; the enables assertion is retained as non-emitting evidence.",,HOLD / D:hamid-verdict / G1bNoVerbChange,"The source assertion uses enables. The only paired evidence is the inverse informed-by assertion, and there is no independently approved uses-input assertion for this source-target pair. Emitting core:dependsOnOutputOf would silently change the source assertion's meaning, which Rule 11 prohibits. Retain the enables row as non-emitting source evidence; preserve the separate informed-by fact supported by its own source row; emit no replacement predicate. A corrected source assertion requires a fresh verdict."
REL-01224,UNDECIDED — needs Hamid verdict,CM-1-1-1-1,Produce Demand Forecast,"Develop, agree, and publish the recurring product demand forecast that downstream commercial planning runs on — expected demand by product, market, location, and period — by combining a statistical baseline with customer",enables,CM-1-1-4-7-1,Capture Product Demand Requirements,"Assemble the demand requirements that the refinery production case must satisfy — by product, volume, quality grade, location, and delivery period — drawing on the approved demand forecast, firm contractual commitments, ",HELD — no triple,REL-00081,REL-00081 (emitting),informed-by,held — no triple,Keep held: emit no triple. (Already held by the context-confirmation pass.),,HOLD / D:hamid-verdict / G1bNoVerbChange,"The source assertion uses enables. The only paired evidence is the inverse informed-by assertion, and there is no independently approved uses-input assertion for this source-target pair. Emitting core:dependsOnOutputOf would silently change the source assertion's meaning, which Rule 11 prohibits. Retain the enables row as non-emitting source evidence; preserve the separate informed-by fact supported by its own source row; emit no replacement predicate. A corrected source assertion requires a fresh verdict."
REL-01225,UNDECIDED — needs Hamid verdict,CM-1-1-1-1,Produce Demand Forecast,"Develop, agree, and publish the recurring product demand forecast that downstream commercial planning runs on — expected demand by product, market, location, and period — by combining a statistical baseline with customer",enables,CM-1-2-1-1-2,Receive Demand Forecast,"Receive the published demand forecast and incorporate it into the trading forward view — validating the version, translating product, market, and period detail into the granularity trading uses, and refreshing trading as",EMITTING as CM-1-2-1-1-2 core:dependsOnOutputOf CM-1-1-1-1,REL-00144,REL-00144 (emitting),informed-by,CM-1-2-1-1-2 core:dependsOnOutputOf CM-1-1-1-1,"Hold: emit no core:dependsOnOutputOf triple. The source verb is 'enables', the only reverse evidence is 'informed-by', and no independent uses-input evidence exists for this pair — storing dependsOnOutputOf would change the verb at emission (Rule 11). The reverse informed-by assertion keeps its own informedBy fact; the enables assertion is retained as non-emitting evidence.",,HOLD / D:hamid-verdict / G1bNoVerbChange,"The source assertion uses enables. The only paired evidence is the inverse informed-by assertion, and there is no independently approved uses-input assertion for this source-target pair. Emitting core:dependsOnOutputOf would silently change the source assertion's meaning, which Rule 11 prohibits. Retain the enables row as non-emitting source evidence; preserve the separate informed-by fact supported by its own source row; emit no replacement predicate. A corrected source assertion requires a fresh verdict."
REL-01230,UNDECIDED — needs Hamid verdict,CM-1-3-3-2,Pricing Strategy Management,"Establish and manage the pricing strategy for downstream marketing — the strategic pricing approach, the integrated pricing strategy and approved price parameters and guardrails across products, channels, and customer gr",enables,CM-1-3-6-3,Sales Pricing Management,"Apply the approved pricing architecture in the market — determining posted and transaction sales prices within the approved parameters, corridors, rules, and eligibility, and coordinating their deployment through the acc",EMITTING as CM-1-3-6-3 core:dependsOnOutputOf CM-1-3-3-2,REL-01110,REL-01110 (emitting),informed-by,CM-1-3-6-3 core:dependsOnOutputOf CM-1-3-3-2,"Hold: emit no core:dependsOnOutputOf triple. The source verb is 'enables', the only reverse evidence is 'informed-by', and no independent uses-input evidence exists for this pair — storing dependsOnOutputOf would change the verb at emission (Rule 11). The reverse informed-by assertion keeps its own informedBy fact; the enables assertion is retained as non-emitting evidence.",,HOLD / D:hamid-verdict / G1bNoVerbChange,"The source assertion uses enables. The only paired evidence is the inverse informed-by assertion, and there is no independently approved uses-input assertion for this source-target pair. Emitting core:dependsOnOutputOf would silently change the source assertion's meaning, which Rule 11 prohibits. Retain the enables row as non-emitting source evidence; preserve the separate informed-by fact supported by its own source row; emit no replacement predicate. A corrected source assertion requires a fresh verdict."
REL-01233,UNDECIDED — needs Hamid verdict,CM-1-3-3-3,Sales & Distribution Channel Design,"Design the sales and distribution channel system that implements the approved channel strategy — segmenting channels, defining the channel portfolio, creating channel-specific offerings, and developing channel structure,",enables,CM-1-3-6-1,Channel & Partner Management,"Manage the company's channel partner relationships — franchisees, licensed-brand providers, dealers, jobbers, and marketers — executing the designed engagement models, coordinating partner qualification and activation th",EMITTING as CM-1-3-6-1 core:dependsOnOutputOf CM-1-3-3-3,REL-01217,REL-01217 (emitting),informed-by,CM-1-3-6-1 core:dependsOnOutputOf CM-1-3-3-3,"Hold: emit no core:dependsOnOutputOf triple. The source verb is 'enables', the only reverse evidence is 'informed-by', and no independent uses-input evidence exists for this pair — storing dependsOnOutputOf would change the verb at emission (Rule 11). The reverse informed-by assertion keeps its own informedBy fact; the enables assertion is retained as non-emitting evidence.",,HOLD / D:hamid-verdict / G1bNoVerbChange,"The source assertion uses enables. The only paired evidence is the inverse informed-by assertion, and there is no independently approved uses-input assertion for this source-target pair. Emitting core:dependsOnOutputOf would silently change the source assertion's meaning, which Rule 11 prohibits. Retain the enables row as non-emitting source evidence; preserve the separate informed-by fact supported by its own source row; emit no replacement predicate. A corrected source assertion requires a fresh verdict."
REL-01234,UNDECIDED — needs Hamid verdict,CM-1-3-3-3,Sales & Distribution Channel Design,"Design the sales and distribution channel system that implements the approved channel strategy — segmenting channels, defining the channel portfolio, creating channel-specific offerings, and developing channel structure,",enables,CM-1-3-3-4,Network Design (Retail),"Develop and maintain the approved retail-network design—operating-model alternatives, target footprint, outlet formats, market coverage, and location criteria—within approved channel strategy and investment constraints, ",EMITTING as CM-1-3-3-4 core:dependsOnOutputOf CM-1-3-3-3,REL-01202,REL-01202 (emitting),informed-by,CM-1-3-3-4 core:dependsOnOutputOf CM-1-3-3-3,"Hold: emit no core:dependsOnOutputOf triple. The source verb is 'enables', the only reverse evidence is 'informed-by', and no independent uses-input evidence exists for this pair — storing dependsOnOutputOf would change the verb at emission (Rule 11). The reverse informed-by assertion keeps its own informedBy fact; the enables assertion is retained as non-emitting evidence.",,HOLD / D:hamid-verdict / G1bNoVerbChange,"The source assertion uses enables. The only paired evidence is the inverse informed-by assertion, and there is no independently approved uses-input assertion for this source-target pair. Emitting core:dependsOnOutputOf would silently change the source assertion's meaning, which Rule 11 prohibits. Retain the enables row as non-emitting source evidence; preserve the separate informed-by fact supported by its own source row; emit no replacement predicate. A corrected source assertion requires a fresh verdict."
REL-01273,UNDECIDED — needs Hamid verdict,CM-1-3-3-5,Marketing Communications Strategy,"Define the marketing communications strategy that carries the approved brand and value propositions to their audiences — integrating the media, direct, advertising, point-of-sale, digital, and internal communication stra",enables,CM-1-3-5-3,Marketing Communications Planning,"Plan the marketing communications that deliver the approved communications strategy — from needs and target groups through mix models, budgets, and campaign development to the preparation and controlled release of commun",EMITTING as CM-1-3-5-3 core:dependsOnOutputOf CM-1-3-3-5,REL-01295,REL-01295 (emitting),informed-by,CM-1-3-5-3 core:dependsOnOutputOf CM-1-3-3-5,"Hold: emit no core:dependsOnOutputOf triple. The source verb is 'enables', the only reverse evidence is 'informed-by', and no independent uses-input evidence exists for this pair — storing dependsOnOutputOf would change the verb at emission (Rule 11). The reverse informed-by assertion keeps its own informedBy fact; the enables assertion is retained as non-emitting evidence.",,HOLD / D:hamid-verdict / G1bNoVerbChange,"The source assertion uses enables. The only paired evidence is the inverse informed-by assertion, and there is no independently approved uses-input assertion for this source-target pair. Emitting core:dependsOnOutputOf would silently change the source assertion's meaning, which Rule 11 prohibits. Retain the enables row as non-emitting source evidence; preserve the separate informed-by fact supported by its own source row; emit no replacement predicate. A corrected source assertion requires a fresh verdict."
REL-01296,UNDECIDED — needs Hamid verdict,CM-1-3-5-3,Marketing Communications Planning,"Plan the marketing communications that deliver the approved communications strategy — from needs and target groups through mix models, budgets, and campaign development to the preparation and controlled release of commun",enables,CM-1-3-5-2,Integrated Marketing Planning (Advertising),"Integrate the advertising and media plans across campaigns, brands, and channels into one coherent plan — a single calendar, budget envelope, and priority set implementing the approved media and advertising strategies — ",EMITTING as CM-1-3-5-2 core:dependsOnOutputOf CM-1-3-5-3,REL-00776,REL-00776 (emitting),informed-by,CM-1-3-5-2 core:dependsOnOutputOf CM-1-3-5-3,"Hold: emit no core:dependsOnOutputOf triple. The source verb is 'enables', the only reverse evidence is 'informed-by', and no independent uses-input evidence exists for this pair — storing dependsOnOutputOf would change the verb at emission (Rule 11). The reverse informed-by assertion keeps its own informedBy fact; the enables assertion is retained as non-emitting evidence.",,HOLD / D:hamid-verdict / G1bNoVerbChange,"The source assertion uses enables. The only paired evidence is the inverse informed-by assertion, and there is no independently approved uses-input assertion for this source-target pair. Emitting core:dependsOnOutputOf would silently change the source assertion's meaning, which Rule 11 prohibits. Retain the enables row as non-emitting source evidence; preserve the separate informed-by fact supported by its own source row; emit no replacement predicate. A corrected source assertion requires a fresh verdict."
REL-01315,UNDECIDED — needs Hamid verdict,CM-1-3-6-6,Loyalty and Cards Management (Marketing),"A capability that operates loyalty, proprietary-fuel-card, fleet-card, and, where applicable, network-payment-card programs through coordinated but distinct member-program and card-program processes: administering member",enables,CM-1-3-5-5-3,Customer Program Analysis,"Analyze customer programs — loyalty, card, and customer program performance against their design intents — within the privacy controls, as evidence for program design and planning decisions, never as program operation.",EMITTING as CM-1-3-5-5-3 core:dependsOnOutputOf CM-1-3-6-6,REL-00822,REL-00822 (emitting),informed-by,CM-1-3-5-5-3 core:dependsOnOutputOf CM-1-3-6-6,"Hold: emit no core:dependsOnOutputOf triple. The source verb is 'enables', the only reverse evidence is 'informed-by', and no independent uses-input evidence exists for this pair — storing dependsOnOutputOf would change the verb at emission (Rule 11). The reverse informed-by assertion keeps its own informedBy fact; the enables assertion is retained as non-emitting evidence.",,HOLD / D:hamid-verdict / G1bNoVerbChange,"The source assertion uses enables. The only paired evidence is the inverse informed-by assertion, and there is no independently approved uses-input assertion for this source-target pair. Emitting core:dependsOnOutputOf would silently change the source assertion's meaning, which Rule 11 prohibits. Retain the enables row as non-emitting source evidence; preserve the separate informed-by fact supported by its own source row; emit no replacement predicate. A corrected source assertion requires a fresh verdict."
