row_id,source_label,target_label,evidence_type,disposition,proposed,Hamid_decision,Hamid_rationale
REL-00002,Prepare Master Data To Create Demand Forecast,Produce Demand Forecast,A:explicit-reference (resolved),ResolvedToConcept,core:enabledBy (stored: target enabledBy source),,
REL-00009,Publish Forecast and Generate Component Level Forecast Plan,Capture Product Demand Requirements,A:explicit-reference,SoleCandidate,core:enabledBy (stored: target enabledBy source),,
REL-00013,Monitor Demand Forecasting Performance and Reporting,Produce Demand Forecast,A:explicit-reference (resolved),ResolvedToConcept,core:enabledBy (stored: target enabledBy source),,
REL-00019,Allocate Finished Products,Order Management,,SoleCandidate,remains held (not in emitting set),,
REL-00020,Allocate Finished Products,Terminal Loading,,SoleCandidate,remains held (not in emitting set),,
REL-00021,Maintain Supply Planning Master Data,Regional Optimization,,SoleCandidate,remains held (not in emitting set),,
REL-00027,Plan Finished Goods Inventory,Allocate Finished Products,A:explicit-reference (resolved),ResolvedToConcept,core:enabledBy (stored: target enabledBy source),,
REL-00032,Coordinate Product Trading,Develop Short-Term Network Plan,B:structural-nearness,SoleCandidate,core:enabledBy (stored: target enabledBy source),,
REL-00038,Track Movements and Inventory Management,Monitor and Control Inventory Positions,A:explicit-reference (resolved),ResolvedToConcept,core:enabledBy (stored: target enabledBy source),,
REL-00041,Discharge & Reconcile Load,Perform Inventory Reconciliation,A:explicit-reference | B:structural-nearness,SoleCandidate,core:enabledBy (stored: target enabledBy source),,
REL-00043,Develop Crude/Feedstock Inventory Policy,Monitor and Control Inventory Positions,A:explicit-reference (resolved),ResolvedToConcept,core:enabledBy (stored: target enabledBy source),,
REL-00044,Manage Lot/Batch Inventory,Perform Inventory Reconciliation,B:structural-nearness,SoleCandidate,core:enabledBy (stored: target enabledBy source),,
REL-00046,Manage Third Party Storage,Perform Inventory Reconciliation,B:structural-nearness,SoleCandidate,core:enabledBy (stored: target enabledBy source),,
REL-00052,Develop Intermediates Inventory Policy,Monitor and Control Inventory Positions,A:explicit-reference (resolved),ResolvedToConcept,core:enabledBy (stored: target enabledBy source),,
REL-00053,Develop Finished Product Inventory Policy,Plan Finished Goods Inventory,A:explicit-reference | B:structural-nearness,SoleCandidate,core:enabledBy (stored: target enabledBy source),,
REL-00054,Develop Finished Product Inventory Policy,Manage Inventory Replenishment,A:explicit-reference | B:structural-nearness,SoleCandidate,core:enabledBy (stored: target enabledBy source),,
REL-00059,Perform Inventory Reconciliation,Distribution Backcasting,B:structural-nearness,SoleCandidate,core:enabledBy (stored: target enabledBy source),,
REL-00060,Perform Inventory Reconciliation,Monitor and Control Inventory Positions,A:explicit-reference (resolved),ResolvedToConcept,core:enabledBy (stored: target enabledBy source),,
REL-00061,Manage Consignment Inventory,Perform Inventory Reconciliation,B:structural-nearness,SoleCandidate,core:enabledBy (stored: target enabledBy source),,
REL-00063,Manage Commingled Inventory,Perform Inventory Reconciliation,B:structural-nearness,SoleCandidate,core:enabledBy (stored: target enabledBy source),,
REL-00065,Manage Inventory Re-brands,Monitor and Control Inventory Positions,A:explicit-reference (resolved),ResolvedToConcept,core:enabledBy (stored: target enabledBy source),,
REL-00074,Maintain Secondary Distribution Scheduling Basis,Schedule Secondary Distribution,A:explicit-reference | B:structural-nearness,SoleCandidate,core:enabledBy (stored: target enabledBy source),,
REL-00075,Maintain Secondary Distribution Scheduling Basis,Generate Orders,B:structural-nearness,SoleCandidate,core:enabledBy (stored: target enabledBy source),,
REL-00077,Monitor Secondary Distribution Performance,Distribution Backcasting,A:explicit-reference | B:structural-nearness,SoleCandidate,core:enabledBy (stored: target enabledBy source),,
REL-00080,Capture Product Demand Requirements,Refinery Optimization,,SoleCandidate,remains held (not in emitting set),,
REL-00084,Evaluate Crude & Feedstock,Refinery Optimization,,SoleCandidate,remains held (not in emitting set),,
REL-00088,Capture Crude Availability,Refinery Optimization,,SoleCandidate,remains held (not in emitting set),,
REL-00092,Capture Product/Crude/Feedstock Price,Refinery Optimization,,SoleCandidate,remains held (not in emitting set),,
REL-00096,Capture Refinery Level Constraints,Refinery Optimization,,SoleCandidate,remains held (not in emitting set),,
REL-00100,Capture Inventory,Refinery Optimization,,SoleCandidate,remains held (not in emitting set),,
REL-00108,Capture Monthly Operating Plan,Regional Backcasting,A:explicit-reference,SoleCandidate,core:enabledBy (stored: target enabledBy source),,
REL-00109,Perform Scenario Analysis,Refinery Optimization,,SoleCandidate,remains held (not in emitting set),,
REL-00113,Update Refinery Execution Instructions,Daily Execution Planning,,SoleCandidate,remains held (not in emitting set),,
REL-00115,Schedule Resources,Daily Execution Planning,,SoleCandidate,remains held (not in emitting set),,
REL-00118,Perform Production Accounting,Perform Inventory Reconciliation,A:explicit-reference,SoleCandidate,core:enabledBy (stored: target enabledBy source),,
REL-00119,Perform Production Accounting,Regional Backcasting,,SoleCandidate,remains held (not in emitting set),,
REL-00121,Maintain Production Scheduling Master Data,Review Production Wheel and Run Length,B:structural-nearness,SoleCandidate,core:enabledBy (stored: target enabledBy source),,
REL-00132,Measure Production Scheduling Performance,Production Scheduling,,SoleCandidate,remains held (not in emitting set),,
REL-00133,"Manage The Interface to Planning, Operations, Engineering & Maintenance",Create Production Scheduling and Sequencing Plan,B:structural-nearness,SoleCandidate,core:enabledBy (stored: target enabledBy source),,
REL-00138,Optimize Plant Energy Balance,Daily Execution Planning,B:structural-nearness,SoleCandidate,core:enabledBy (stored: target enabledBy source),,
REL-00148,Forecast Renewables,Perform Asset Optimization,B:structural-nearness,SoleCandidate,core:enabledBy (stored: target enabledBy source),,
REL-00156,Receive Power Generation Forecast,Perform Asset Optimization,B:structural-nearness,SoleCandidate,core:enabledBy (stored: target enabledBy source),,
REL-00160,Manage Storage Contract,Capture Storage Deals,A:explicit-reference | B:structural-nearness,SoleCandidate,core:enabledBy (stored: target enabledBy source),,
REL-00161,Manage Storage Contract,Manage Third Party Storage,A:explicit-reference,SoleCandidate,core:enabledBy (stored: target enabledBy source),,
REL-00164,Monitor Contracts,Trading Strategy Management,B:structural-nearness,SoleCandidate,core:enabledBy (stored: target enabledBy source),,
REL-00166,Manage Existing Counterparty,Trade Capture,B:structural-nearness,SoleCandidate,core:enabledBy (stored: target enabledBy source),,
REL-00172,Create New Contract,Trade Capture,A:explicit-reference | B:structural-nearness,SoleCandidate,core:enabledBy (stored: target enabledBy source),,
REL-00176,Terminate/Novate Contract,Settlements,A:explicit-reference | B:structural-nearness,SoleCandidate,core:enabledBy (stored: target enabledBy source),,
REL-00177,Manage Lease Contract,Perform Lease Actualization,A:explicit-reference | B:structural-nearness,SoleCandidate,core:enabledBy (stored: target enabledBy source),,
REL-00178,Manage Lease Contract,Settle First Purchaser/Leases,A:explicit-reference | B:structural-nearness,SoleCandidate,core:enabledBy (stored: target enabledBy source),,
REL-00179,Manage Carrier Contracts,Capture Transportation Deals,A:explicit-reference | B:structural-nearness,SoleCandidate,core:enabledBy (stored: target enabledBy source),,
REL-00180,Manage Carrier Contracts,Plan & Execute Nominations,A:explicit-reference,SoleCandidate,core:enabledBy (stored: target enabledBy source),,
REL-00196,Capture Exchange Trades,Perform Margining,A:explicit-reference | B:structural-nearness,SoleCandidate,core:enabledBy (stored: target enabledBy source),,
REL-00199,Capture Storage Deals,Manage Third Party Storage,A:explicit-reference,SoleCandidate,core:enabledBy (stored: target enabledBy source),,
REL-00211,Capture Transportation Deals,Plan & Execute Nominations,A:explicit-reference,SoleCandidate,core:enabledBy (stored: target enabledBy source),,
REL-00217,Perform Counterparty Credit Reviews,Create New Counterparty,A:explicit-reference | B:structural-nearness,SoleCandidate,core:enabledBy (stored: target enabledBy source),,
REL-00220,Manage Credit Limits,Manage Pre-Trade Analysis,A:explicit-reference | B:structural-nearness,SoleCandidate,core:enabledBy (stored: target enabledBy source),,
REL-00221,Manage Credit Limits,Monitor & Analyze Credit,A:explicit-reference | B:structural-nearness,SoleCandidate,core:enabledBy (stored: target enabledBy source),,
REL-00223,Manage Collateral,Terminate/Novate Counterparty,A:explicit-reference | B:structural-nearness,SoleCandidate,core:enabledBy (stored: target enabledBy source),,
REL-00226,Calculate Credit Exposure,Manage Credit Limits,A:explicit-reference | B:structural-nearness,SoleCandidate,core:enabledBy (stored: target enabledBy source),,
REL-00232,Perform Advanced Credit Risk Analytics,Manage Credit Limits,A:explicit-reference | B:structural-nearness,SoleCandidate,core:enabledBy (stored: target enabledBy source),,
REL-00239,Manage Credit Risk Reporting,Trading Strategy Management,B:structural-nearness,SoleCandidate,core:enabledBy (stored: target enabledBy source),,
REL-00253,Manage Confirm Disputes,Settlements,B:structural-nearness,SoleCandidate,core:enabledBy (stored: target enabledBy source),,
REL-00254,Establish And Maintain Book Structure,Trade Capture,A:explicit-reference | B:structural-nearness,SoleCandidate,core:enabledBy (stored: target enabledBy source),,
REL-00255,Establish And Maintain Book Structure,Perform Position & P&L Analysis,A:explicit-reference (resolved),ResolvedToConcept,core:enabledBy (stored: target enabledBy source),,
REL-00257,Monitor Risk Policy Compliance,Manage Risk Reporting,B:structural-nearness,SoleCandidate,core:enabledBy (stored: target enabledBy source),,
REL-00259,Manage And Run Risk Scenarios,Manage Risk Limits,B:structural-nearness,SoleCandidate,core:enabledBy (stored: target enabledBy source),,
REL-00260,Manage And Run Risk Scenarios,Manage Risk Reporting,B:structural-nearness,SoleCandidate,core:enabledBy (stored: target enabledBy source),,
REL-00262,Conduct Advanced Risk Analytics,Manage Risk Limits,B:structural-nearness,SoleCandidate,core:enabledBy (stored: target enabledBy source),,
REL-00263,Conduct Advanced Risk Analytics,Manage Risk Reporting,B:structural-nearness,SoleCandidate,core:enabledBy (stored: target enabledBy source),,
REL-00266,Manage Risk Reporting,Trading Strategy Management,B:structural-nearness,SoleCandidate,core:enabledBy (stored: target enabledBy source),,
REL-00272,Establish & Maintain Delegation Of Authority (DOA),Obtain Trade Approval,A:explicit-reference | B:structural-nearness,SoleCandidate,core:enabledBy (stored: target enabledBy source),,
REL-00273,Establish & Maintain Delegation Of Authority (DOA),Trading Strategy Management,A:explicit-reference | B:structural-nearness,SoleCandidate,core:enabledBy (stored: target enabledBy source),,
REL-00276,Setup And Manage Curves,Calculate Credit Exposure,A:explicit-reference | B:structural-nearness,SoleCandidate,core:enabledBy (stored: target enabledBy source),,
REL-00283,Perform End-of-Month (EOM) Process,Manage Risk Reporting,B:structural-nearness,SoleCandidate,core:enabledBy (stored: target enabledBy source),,
REL-00284,Manage Risk Limits,Monitor Risk,A:explicit-reference | B:structural-nearness,SoleCandidate,core:enabledBy (stored: target enabledBy source),,
REL-00285,Manage Risk Limits,Trading Strategy Management,B:structural-nearness,SoleCandidate,core:enabledBy (stored: target enabledBy source),,
REL-00294,Perform Position & P&L Analysis,Reconcile Economic PNL to Accounting PNL,A:explicit-reference (resolved),ResolvedToConcept,core:enabledBy (stored: target enabledBy source),,
REL-00362,Manage Accruals,Manage Trading Sub-Ledger,B:structural-nearness,SoleCandidate,core:enabledBy (stored: target enabledBy source),,
REL-00364,Manage Taxes,Manage Trading Sub-Ledger,B:structural-nearness,SoleCandidate,core:enabledBy (stored: target enabledBy source),,
REL-00367,Maintain Trading Accounting Procedures and Guidance,Manage Accounting Treatments,A:explicit-reference | B:structural-nearness,SoleCandidate,core:enabledBy (stored: target enabledBy source),,
REL-00371,Manage Production & Inventory Accounting,Manage Trading Sub-Ledger,B:structural-nearness,SoleCandidate,core:enabledBy (stored: target enabledBy source),,
REL-00386,Manage Financial System/GL,Manage Trading Sub-Ledger,A:explicit-reference | B:structural-nearness,SoleCandidate,core:enabledBy (stored: target enabledBy source),,
REL-00387,Manage Financial System/GL,Manage AR/AP & Actuals,B:structural-nearness,SoleCandidate,core:enabledBy (stored: target enabledBy source),,
REL-00391,Develop Compliance Policies & Procedures,Monitor External Trading Compliance,A:explicit-reference | B:structural-nearness,SoleCandidate,core:enabledBy (stored: target enabledBy source),,
REL-00392,Develop Compliance Policies & Procedures,Monitor Internal Trading Compliance,B:structural-nearness,SoleCandidate,core:enabledBy (stored: target enabledBy source),,
REL-00405,Manage RINs Reporting,Monitor External Trading Compliance,B:structural-nearness,SoleCandidate,core:enabledBy (stored: target enabledBy source),,
REL-00409,Manage Exceptions,Develop Compliance Policies & Procedures,A:explicit-reference | B:structural-nearness,SoleCandidate,core:enabledBy (stored: target enabledBy source),,
REL-00428,Manage Feedstock Data Quality,Develop Term Slate,B:structural-nearness,SoleCandidate,core:enabledBy (stored: target enabledBy source),,
REL-00431,Review LP Model Integrity,Develop Term Slate,B:structural-nearness,SoleCandidate,core:enabledBy (stored: target enabledBy source),,
REL-00433,Develop Term Slate,Recommend Feedstock Slate And Run Rate,A:explicit-reference (resolved),ResolvedToConcept,core:enabledBy (stored: target enabledBy source),,
REL-00437,Develop Spot Slate,Coordinate Feedstock Trading,B:structural-nearness,SoleCandidate,core:enabledBy (stored: target enabledBy source),,
REL-00440,Coordinate Feedstock Trading,Trade Capture,A:explicit-reference | B:structural-nearness,SoleCandidate,core:enabledBy (stored: target enabledBy source),,
REL-00445,Recommend Feedstock Slate And Run Rate,Refinery Planning and Optimization,A:explicit-reference,SoleCandidate,core:enabledBy (stored: target enabledBy source),,
REL-00455,Plan Feedstock Arrival,Perform Vessel & Barge Actualization,A:explicit-reference | B:structural-nearness,SoleCandidate,core:enabledBy (stored: target enabledBy source),,
REL-00458,Assess & Manage Inventory Risk,Trading Management,B:structural-nearness,SoleCandidate,core:enabledBy (stored: target enabledBy source),,
REL-00466,Evaluate Market Attractiveness,Supply Network Participation Analysis,A:explicit-reference (resolved),ResolvedToConcept,core:enabledBy (stored: target enabledBy source),,
REL-00472,Manage Refined Product Demand,Fulfill Replenishment From Trading Sources,A:explicit-reference (resolved),ResolvedToConcept,core:enabledBy (stored: target enabledBy source),,
REL-00473,Manage Refined Product Demand,Coordinate Product Trading,A:explicit-reference,SoleCandidate,core:enabledBy (stored: target enabledBy source),,
REL-00475,Manage Refined Product Exchanges,Supply Operations,A:explicit-reference | B:structural-nearness,SoleCandidate,core:enabledBy (stored: target enabledBy source),,
REL-00479,Forecast Operational Refined Product Demand,Fulfill Replenishment From Trading Sources,A:explicit-reference (resolved),ResolvedToConcept,core:enabledBy (stored: target enabledBy source),,
REL-00485,Fulfill Replenishment From Trading Sources,Coordinate Product Trading,,SoleCandidate,remains held (not in emitting set),,
REL-00493,Manage Product Transport Agreements,Secondary Distribution Management,A:explicit-reference,SoleCandidate,core:enabledBy (stored: target enabledBy source),,
REL-00494,Manage Product Transport Agreements,Settlements,B:structural-nearness,SoleCandidate,core:enabledBy (stored: target enabledBy source),,
REL-00501,Manage Fleet (Own/Third Party),Secondary Distribution Management,A:explicit-reference,SoleCandidate,core:enabledBy (stored: target enabledBy source),,
REL-00506,"Manage Site Assets (Tank, Rack, Etc.)",Supply Operations,B:structural-nearness,SoleCandidate,core:enabledBy (stored: target enabledBy source),,
REL-00517,Document Findings,Marketing Insight and Metrics Stewardship,A:explicit-reference (resolved),ResolvedToConcept,core:enabledBy (stored: target enabledBy source),,
REL-00528,Document Findings,Marketing Insight and Metrics Stewardship,A:explicit-reference (resolved),ResolvedToConcept,core:enabledBy (stored: target enabledBy source),,
REL-00539,Document Findings,Marketing Insight and Metrics Stewardship,A:explicit-reference (resolved),ResolvedToConcept,core:enabledBy (stored: target enabledBy source),,
REL-00551,Document Findings,Marketing Insight and Metrics Stewardship,A:explicit-reference (resolved),ResolvedToConcept,core:enabledBy (stored: target enabledBy source),,
REL-00562,Document Findings,Marketing Insight and Metrics Stewardship,A:explicit-reference (resolved),ResolvedToConcept,core:enabledBy (stored: target enabledBy source),,
REL-00595,Develop / update Brand,Marketing Communications Strategy,A:explicit-reference | B:structural-nearness,SoleCandidate,core:enabledBy (stored: target enabledBy source),,
REL-00596,Develop / update Brand,Brand Standards Management,A:explicit-reference (resolved),ResolvedToConcept,core:enabledBy (stored: target enabledBy source),,
REL-00606,Develop/Update Strategy (CVP),Customer Offer Definition,A:explicit-reference | B:structural-nearness,SoleCandidate,core:enabledBy (stored: target enabledBy source),,
REL-00607,Develop/Update Strategy (CVP),Channel & Partner Management,A:explicit-reference | B:structural-nearness,SoleCandidate,core:enabledBy (stored: target enabledBy source),,
REL-00617,Develop and Update Consumer Value Proposition Strategy,Customer Offer Definition,A:explicit-reference | B:structural-nearness,SoleCandidate,core:enabledBy (stored: target enabledBy source),,
REL-00618,Develop and Update Consumer Value Proposition Strategy,Customer Experience Strategy,A:explicit-reference | B:structural-nearness,SoleCandidate,core:enabledBy (stored: target enabledBy source),,
REL-00644,Develop Integrated Pricing Strategy,Sales Pricing Management,A:explicit-reference | B:structural-nearness,SoleCandidate,core:enabledBy (stored: target enabledBy source),,
REL-00665,"Develop Channel Structure, Size & Engagement Model",Channel & Partner Management,A:explicit-reference | B:structural-nearness,SoleCandidate,core:enabledBy (stored: target enabledBy source),,
REL-00681,Define Direct Marketing Strategy,Marketing Communications Planning,B:structural-nearness,SoleCandidate,core:enabledBy (stored: target enabledBy source),,
REL-00683,Define Advertising Strategy,Integrated Marketing Planning (Advertising),B:structural-nearness,SoleCandidate,core:enabledBy (stored: target enabledBy source),,
REL-00685,Define POS Communication Strategy,Marketing Plan Execution,A:explicit-reference | B:structural-nearness,SoleCandidate,core:enabledBy (stored: target enabledBy source),,
REL-00687,Define Digital Marketing Strategy,Marketing Communications Planning,B:structural-nearness,SoleCandidate,core:enabledBy (stored: target enabledBy source),,
REL-00699,Determine Channel Of Trade Mix,Develop Organizational Blueprint,B:structural-nearness,SoleCandidate,core:enabledBy (stored: target enabledBy source),,
REL-00712,Develop R&D Implementation Plans,Concept & Feasibility Study,B:structural-nearness,SoleCandidate,core:enabledBy (stored: target enabledBy source),,
REL-00750,Develop Portfolio Recommendations and Track Decisions,Manage Product/Service Change,A:explicit-reference | B:structural-nearness,SoleCandidate,core:enabledBy (stored: target enabledBy source),,
REL-00753,Collaborate with Manufacturing,Conduct Product Development,B:structural-nearness,SoleCandidate,core:enabledBy (stored: target enabledBy source),,
REL-00755,Collaborate with Customers/Technical Service,Conduct Research,B:structural-nearness,SoleCandidate,core:enabledBy (stored: target enabledBy source),,
REL-00756,Collaborate with Customers/Technical Service,Conduct Product Development,B:structural-nearness,SoleCandidate,core:enabledBy (stored: target enabledBy source),,
REL-00758,Collaborate with Research Partners,Conduct Research,B:structural-nearness,SoleCandidate,core:enabledBy (stored: target enabledBy source),,
REL-00762,Collaborate with marketing,Marketing Communications Planning,B:structural-nearness,SoleCandidate,core:enabledBy (stored: target enabledBy source),,
REL-00766,Develop & Agree Demand Forecasting Process,Determine & Allocate Sales Targets,B:structural-nearness,SoleCandidate,core:enabledBy (stored: target enabledBy source),,
REL-00767,Develop & Agree Demand Forecasting Process,Perform Account Planning,B:structural-nearness,SoleCandidate,core:enabledBy (stored: target enabledBy source),,
REL-00770,Perform Account Planning,Sales Execution,B:structural-nearness,SoleCandidate,core:enabledBy (stored: target enabledBy source),,
REL-00773,Analyze Gaps Between Forecast & Actual Margins,Sales Planning,A:explicit-reference (resolved),ResolvedToConcept,core:enabledBy (stored: target enabledBy source),,
REL-00777,Integrated Marketing Planning (Advertising),Marketing Plan Execution,A:explicit-reference | B:structural-nearness,SoleCandidate,core:enabledBy (stored: target enabledBy source),,
REL-00781,Implement Brand Advertising / Communications,Marketing Plan Execution,A:explicit-reference | B:structural-nearness,SoleCandidate,core:enabledBy (stored: target enabledBy source),,
REL-00803,Implement Promotional Advertising,Marketing Plan Execution,A:explicit-reference | B:structural-nearness,SoleCandidate,core:enabledBy (stored: target enabledBy source),,
REL-00811,Create Promotional Event Calendar,Develop & Agree Demand Forecasting Process,A:explicit-reference | B:structural-nearness,SoleCandidate,core:enabledBy (stored: target enabledBy source),,
REL-00816,Create Site Level Marketing Calendar,Marketing Plan Execution,A:explicit-reference | B:structural-nearness,SoleCandidate,core:enabledBy (stored: target enabledBy source),,
REL-00818,Marketing Spend Analysis,Define Resource Allocation / Budgets,A:explicit-reference | B:structural-nearness,SoleCandidate,core:enabledBy (stored: target enabledBy source),,
REL-00820,Campaign ROI Analysis,Develop / Update Marketing Mix Model,A:explicit-reference | B:structural-nearness,SoleCandidate,core:enabledBy (stored: target enabledBy source),,
REL-00834,Manage Sales Pipeline,Develop & Agree Demand Forecasting Process,A:explicit-reference | B:structural-nearness,SoleCandidate,core:enabledBy (stored: target enabledBy source),,
REL-00837,Manage Key Accounts,Manage Opportunity,B:structural-nearness,SoleCandidate,core:enabledBy (stored: target enabledBy source),,
REL-00843,Develop Quote,"Manage Commercial Terms, Quoting, and Customer Commercial Services",A:explicit-reference (resolved),ResolvedToConcept,core:enabledBy (stored: target enabledBy source),,
REL-00846,Manage Contract & Order,Capture And Manage Order Fulfillment,A:explicit-reference | B:structural-nearness,SoleCandidate,core:enabledBy (stored: target enabledBy source),,
REL-00851,Measure & report,Analyze Gaps Between Forecast & Actual Margins,A:explicit-reference | B:structural-nearness,SoleCandidate,core:enabledBy (stored: target enabledBy source),,
REL-00852,Measure & report,Marketing Performance Analysis,A:explicit-reference | B:structural-nearness,SoleCandidate,core:enabledBy (stored: target enabledBy source),,
REL-00857,Implement sales price,Manage Customer Invoicing and Billing,A:explicit-reference | B:structural-nearness,SoleCandidate,core:enabledBy (stored: target enabledBy source),,
REL-00867,Manage Advertising,Campaign ROI Analysis,B:structural-nearness,SoleCandidate,core:enabledBy (stored: target enabledBy source),,
REL-00871,Manage Direct Marketing,Customer Program Analysis,B:structural-nearness,SoleCandidate,core:enabledBy (stored: target enabledBy source),,
REL-00880,Manage Additional Card Services,Manage Card Program Billing Coordination,A:explicit-reference (resolved),ResolvedToConcept,core:enabledBy (stored: target enabledBy source),,
REL-00885,Manage Credit Card Transactions,"Analyze, Report, and Confirm Card Transactions",A:explicit-reference (resolved),ResolvedToConcept,core:enabledBy (stored: target enabledBy source),,
REL-00886,Manage Brand Loyalty Programs,Customer Program Analysis,A:explicit-reference | B:structural-nearness,SoleCandidate,core:enabledBy (stored: target enabledBy source),,
REL-00889,Manage Card Program Billing Coordination,Manage Customer Invoicing and Billing,A:explicit-reference | B:structural-nearness,SoleCandidate,core:enabledBy (stored: target enabledBy source),,
REL-00898,Manage Card Delinquency and Collections Referral,Determine Bad Debt Allowance,A:explicit-reference (resolved),ResolvedToConcept,core:enabledBy (stored: target enabledBy source),,
REL-00906,Manage Brand Standards and Inspections,Report Franchise Performance,B:structural-nearness,SoleCandidate,core:enabledBy (stored: target enabledBy source),,
REL-00914,Maintain Customer and Commercial Account Master Data,Manage Customer Invoicing and Billing,B:structural-nearness,SoleCandidate,core:enabledBy (stored: target enabledBy source),,
REL-00919,Maintain Product and Service Master Data,Capture & Validate Order,B:structural-nearness,SoleCandidate,core:enabledBy (stored: target enabledBy source),,
REL-00920,Maintain Product and Service Master Data,Create and Distribute Bill,A:explicit-reference (resolved),ResolvedToConcept,core:enabledBy (stored: target enabledBy source),,
REL-00924,Maintain Commercial Workflow Configuration,Establish Commercial Terms & Contracts,B:structural-nearness,SoleCandidate,core:enabledBy (stored: target enabledBy source),,
REL-00928,Establish Commercial Terms & Contracts,Manage Contract & Order,A:explicit-reference | B:structural-nearness,SoleCandidate,core:enabledBy (stored: target enabledBy source),,
REL-00929,Establish Commercial Terms & Contracts,Issue Quotes & Renewals,B:structural-nearness,SoleCandidate,core:enabledBy (stored: target enabledBy source),,
REL-00932,Issue Quotes & Renewals,Capture & Validate Order,A:explicit-reference | B:structural-nearness,SoleCandidate,core:enabledBy (stored: target enabledBy source),,
REL-00938,Define Financing & Payment Methods,Establish Commercial Terms & Contracts,B:structural-nearness,SoleCandidate,core:enabledBy (stored: target enabledBy source),,
REL-00939,Define Financing & Payment Methods,Manage Customer Invoicing and Billing,B:structural-nearness,SoleCandidate,core:enabledBy (stored: target enabledBy source),,
REL-00942,Analyze Customer Profitability,Analyze Pricing Performance,B:structural-nearness,SoleCandidate,core:enabledBy (stored: target enabledBy source),,
REL-00960,Track Order Book and Forecast Order Volumes,Manage Customer Portal,B:structural-nearness,SoleCandidate,core:enabledBy (stored: target enabledBy source),,
REL-00966,Maintain Credit Policies,Establish Credit Limit & Risk Code,A:explicit-reference | B:structural-nearness,SoleCandidate,core:enabledBy (stored: target enabledBy source),,
REL-00971,Establish Credit Limit & Risk Code,Set Up Prospect,A:explicit-reference (resolved),ResolvedToConcept,core:enabledBy (stored: target enabledBy source),,
REL-00980,Perform Credit-Driven Customer Closure and Reinstatement,Maintain Customer and Commercial Account Master Data,A:explicit-reference (resolved),ResolvedToConcept,core:enabledBy (stored: target enabledBy source),,
REL-00982,Perform KYC Due Diligence,Set Up Prospect,A:explicit-reference (resolved),ResolvedToConcept,core:enabledBy (stored: target enabledBy source),,
REL-00987,Maintain Customer Request and Inquiry Records,Process Inquiries and Requests,A:explicit-reference | B:structural-nearness,SoleCandidate,core:enabledBy (stored: target enabledBy source),,
REL-00988,Maintain Customer Request and Inquiry Records,Perform Customer Follow-Up,A:explicit-reference (resolved),ResolvedToConcept,core:enabledBy (stored: target enabledBy source),,
REL-00996,Conduct Customer Service Reviews,Manage Key Accounts,B:structural-nearness,SoleCandidate,core:enabledBy (stored: target enabledBy source),,
REL-00999,Provide Customer Training,Process Inquiries and Requests,B:structural-nearness,SoleCandidate,core:enabledBy (stored: target enabledBy source),,
REL-01009,Determine Taxability,Reconcile And Report Indirect Tax,B:structural-nearness,SoleCandidate,core:enabledBy (stored: target enabledBy source),,
REL-01013,Create Credit Memo,"Manage Cash Application, A/R & Revenue Accounting",B:structural-nearness,SoleCandidate,core:enabledBy (stored: target enabledBy source),,
REL-01016,"Manage Invoice Exceptions, Reversals, and Rebilling","Manage Cash Application, A/R & Revenue Accounting",B:structural-nearness,SoleCandidate,core:enabledBy (stored: target enabledBy source),,
REL-01038,Manage Receivables Disputes,Manage Receivables Collections,A:explicit-reference (resolved),ResolvedToConcept,core:enabledBy (stored: target enabledBy source),,
REL-01049,Develop Root-Cause Analyses and Action Plans,Maintain Credit Policies,B:structural-nearness,SoleCandidate,core:enabledBy (stored: target enabledBy source),,
REL-01053,Perform Period-End Processing,Perform AR Reconciliation and Compliance,A:explicit-reference (resolved),ResolvedToConcept,core:enabledBy (stored: target enabledBy source),,
REL-01056,Perform AR Reconciliation and Compliance,Perform Period-End Processing,A:explicit-reference (resolved),ResolvedToConcept,core:enabledBy (stored: target enabledBy source),,
REL-01063,Reconcile And Report Indirect Tax,Perform Period-End Processing,A:explicit-reference (resolved),ResolvedToConcept,core:enabledBy (stored: target enabledBy source),,
REL-01064,Determine Taxability,Maintain Tax Master Data,A:explicit-reference | B:structural-nearness,SoleCandidate,core:enabledBy (stored: target enabledBy source),,
REL-01068,Manage Intercompany Invoicing,Perform Period-End Processing,A:explicit-reference (resolved),ResolvedToConcept,core:enabledBy (stored: target enabledBy source),,
REL-01072,"Administer Royalty, Brand Fee, and Contribution Streams",Create and Distribute Bill,A:explicit-reference (resolved),ResolvedToConcept,core:enabledBy (stored: target enabledBy source),,
REL-01073,"Administer Royalty, Brand Fee, and Contribution Streams",Perform Period-End Processing,A:explicit-reference (resolved),ResolvedToConcept,core:enabledBy (stored: target enabledBy source),,
REL-01078,Manage Service Operations,Fulfill Service Events,A:explicit-reference (resolved),ResolvedToConcept,core:enabledBy (stored: target enabledBy source),,
REL-01082,Manage Facilities,Manage Service Operations,A:explicit-reference (resolved),ResolvedToConcept,core:enabledBy (stored: target enabledBy source),,
REL-01085,Manage Contact Center,Process Inquiries and Requests,B:structural-nearness,SoleCandidate,core:enabledBy (stored: target enabledBy source),,
REL-01087,Manage Service Delivery Data,Fulfill Service Events,A:explicit-reference (resolved),ResolvedToConcept,core:enabledBy (stored: target enabledBy source),,
REL-01092,Fulfill Service Events,Create and Distribute Bill,A:explicit-reference (resolved),ResolvedToConcept,core:enabledBy (stored: target enabledBy source),,
REL-01093,Fulfill Service Events,Process Inquiries and Requests,B:structural-nearness,SoleCandidate,core:enabledBy (stored: target enabledBy source),,
REL-01094,Measure Service Infrastructure,Manage Technology,B:structural-nearness,SoleCandidate,core:enabledBy (stored: target enabledBy source),,
REL-01095,Measure Service Infrastructure,Manage Contact Center,B:structural-nearness,SoleCandidate,core:enabledBy (stored: target enabledBy source),,
REL-01096,Measure Service Workforce Performance,Manage Service Employees,B:structural-nearness,SoleCandidate,core:enabledBy (stored: target enabledBy source),,
REL-01099,Measure Service Effectiveness,Define Operating Model,B:structural-nearness,SoleCandidate,core:enabledBy (stored: target enabledBy source),,
REL-01100,Commercial Agreement Compliance Management,"Administer Royalty, Brand Fee, and Contribution Streams",A:explicit-reference (resolved),ResolvedToConcept,core:enabledBy (stored: target enabledBy source),,
REL-01102,Commercial Agreement Compliance Management,Plan Budgets,,SoleCandidate,remains held (not in emitting set),,
REL-01103,Commercial Agreement Compliance Management,Coordinate Site Business Risk Management,,SoleCandidate,remains held (not in emitting set),,
REL-01104,Crude/Feed Supply Management,Develop Feedstock Demand,B:structural-nearness,SoleCandidate,core:enabledBy (stored: target enabledBy source),,
REL-01109,Sales & Distribution Channel Strategy,Channel & Partner Management,A:explicit-reference | B:structural-nearness,SoleCandidate,core:enabledBy (stored: target enabledBy source),,
REL-01115,Brand Standards Management,Ensure Card Design Compliance,B:structural-nearness,SoleCandidate,core:enabledBy (stored: target enabledBy source),,
REL-01120,Daily Execution Planning,Regional Backcasting,,SoleCandidate,remains held (not in emitting set),,
REL-01122,Energy & Utility Management,Daily Execution Planning,B:structural-nearness,SoleCandidate,core:enabledBy (stored: target enabledBy source),,
REL-01124,Crude/Feed Demand Management,Trading Management,B:structural-nearness,SoleCandidate,core:enabledBy (stored: target enabledBy source),,
REL-01129,Supply Network Participation Analysis,Regional Optimization,A:explicit-reference,SoleCandidate,core:enabledBy (stored: target enabledBy source),,
REL-01131,Supply Network Participation Analysis,Refined Product Demand Management,B:structural-nearness,SoleCandidate,core:enabledBy (stored: target enabledBy source),,
REL-01134,Refined Product Demand Management,Coordinate Product Trading,,SoleCandidate,remains held (not in emitting set),,
REL-01138,Contractual Agreements Management,Manage Refined Product Exchanges,A:explicit-reference | B:structural-nearness,SoleCandidate,core:enabledBy (stored: target enabledBy source),,
REL-01139,Contractual Agreements Management,Supply Operations,B:structural-nearness,SoleCandidate,core:enabledBy (stored: target enabledBy source),,
REL-01141,Terminal Operations Management,Secondary Distribution Management,A:explicit-reference,SoleCandidate,core:enabledBy (stored: target enabledBy source),,
REL-01142,Terminal Operations Management,Supply Operations,B:structural-nearness,SoleCandidate,core:enabledBy (stored: target enabledBy source),,
REL-01146,Customer Experience Strategy,Service & Support Enablement,B:structural-nearness,SoleCandidate,core:enabledBy (stored: target enabledBy source),,
REL-01149,Visioning And Implementation Planning,Product & Service Development,A:explicit-reference | B:structural-nearness,SoleCandidate,core:enabledBy (stored: target enabledBy source),,
REL-01153,Product & Service Development,Customer Offer Definition,A:explicit-reference | B:structural-nearness,SoleCandidate,core:enabledBy (stored: target enabledBy source),,
REL-01156,Marketing Performance Analysis,Marketing Communications Planning,B:structural-nearness,SoleCandidate,core:enabledBy (stored: target enabledBy source),,
REL-01157,Marketing Performance Analysis,Sales Planning,A:explicit-reference (resolved),ResolvedToConcept,core:enabledBy (stored: target enabledBy source),,
REL-01161,Marketing Plan Execution,Marketing Performance Analysis,B:structural-nearness,SoleCandidate,core:enabledBy (stored: target enabledBy source),,
REL-01163,Service & Support Delivery,Create and Distribute Bill,A:explicit-reference (resolved),ResolvedToConcept,core:enabledBy (stored: target enabledBy source),,
REL-01167,Service & Support Measurement,Define Operating Model,B:structural-nearness,SoleCandidate,core:enabledBy (stored: target enabledBy source),,
REL-01169,Physical Distribution Scheduling,Distribution Backcasting,B:structural-nearness,SoleCandidate,core:enabledBy (stored: target enabledBy source),,
REL-01171,Secondary Distribution Management,Distribution Backcasting,A:explicit-reference | B:structural-nearness,SoleCandidate,core:enabledBy (stored: target enabledBy source),,
REL-01172,Crude/Feed Quality Management,Recommend Feedstock Slate And Run Rate,A:explicit-reference (resolved),ResolvedToConcept,core:enabledBy (stored: target enabledBy source),,
REL-01174,Crude/Feed Quality Management,Coordinate Feedstock Trading,B:structural-nearness,SoleCandidate,core:enabledBy (stored: target enabledBy source),,
REL-01176,Market Analysis,Brand Strategy,B:structural-nearness,SoleCandidate,core:enabledBy (stored: target enabledBy source),,
REL-01178,Company Analysis,Marketing Insight and Metrics Stewardship,A:explicit-reference (resolved),ResolvedToConcept,core:enabledBy (stored: target enabledBy source),,
REL-01179,Company Analysis,Brand Strategy,B:structural-nearness,SoleCandidate,core:enabledBy (stored: target enabledBy source),,
REL-01182,Consumer Analysis,Marketing Insight and Metrics Stewardship,A:explicit-reference (resolved),ResolvedToConcept,core:enabledBy (stored: target enabledBy source),,
REL-01185,Customer And Marketer Analysis,Marketing Insight and Metrics Stewardship,A:explicit-reference (resolved),ResolvedToConcept,core:enabledBy (stored: target enabledBy source),,
REL-01187,Competitor Analysis,Brand Strategy,B:structural-nearness,SoleCandidate,core:enabledBy (stored: target enabledBy source),,
REL-01192,Brand Strategy,Sales & Distribution Channel Strategy,B:structural-nearness,SoleCandidate,core:enabledBy (stored: target enabledBy source),,
REL-01195,Customer And Marketer Value Proposition,Sales & Distribution Channel Strategy,B:structural-nearness,SoleCandidate,core:enabledBy (stored: target enabledBy source),,
REL-01198,Consumer Value Proposition,Customer Experience Strategy,A:explicit-reference | B:structural-nearness,SoleCandidate,core:enabledBy (stored: target enabledBy source),,
REL-01201,Customer Offer Definition,Sales Execution,B:structural-nearness,SoleCandidate,core:enabledBy (stored: target enabledBy source),,
REL-01204,Network Design (Retail),Channel & Partner Management,B:structural-nearness,SoleCandidate,core:enabledBy (stored: target enabledBy source),,
REL-01206,Lifecycle Management,Manage Product/Service Change,A:explicit-reference | B:structural-nearness,SoleCandidate,core:enabledBy (stored: target enabledBy source),,
REL-01209,R&D Collaboration,Concept & Feasibility Study,B:structural-nearness,SoleCandidate,core:enabledBy (stored: target enabledBy source),,
REL-01210,R&D Collaboration,Product & Service Development,A:explicit-reference | B:structural-nearness,SoleCandidate,core:enabledBy (stored: target enabledBy source),,
REL-01215,Promotions Planning,Marketing Plan Execution,A:explicit-reference | B:structural-nearness,SoleCandidate,core:enabledBy (stored: target enabledBy source),,
REL-01216,Promotions Planning,Develop & Agree Demand Forecasting Process,A:explicit-reference | B:structural-nearness,SoleCandidate,core:enabledBy (stored: target enabledBy source),,
REL-01219,Channel & Partner Management,Sales Execution,B:structural-nearness,SoleCandidate,core:enabledBy (stored: target enabledBy source),,
REL-01222,Manage Receivables Resolution,Perform Period-End Processing,A:explicit-reference (resolved),ResolvedToConcept,core:enabledBy (stored: target enabledBy source),,
REL-01231,Pricing Strategy Management,Customer Offer Definition,B:structural-nearness,SoleCandidate,core:enabledBy (stored: target enabledBy source),,
REL-01236,Operating Model Design,Sales Planning,A:explicit-reference (resolved),ResolvedToConcept,core:enabledBy (stored: target enabledBy source),,
REL-01237,Operating Model Design,Marketing Plan Execution,B:structural-nearness,SoleCandidate,core:enabledBy (stored: target enabledBy source),,
REL-01245,Forecasting & Optimization,Trading Strategy Management,B:structural-nearness,SoleCandidate,core:enabledBy (stored: target enabledBy source),,
REL-01248,Manage Licensing & IP,R&D Collaboration,B:structural-nearness,SoleCandidate,core:enabledBy (stored: target enabledBy source),,
REL-01250,Manage Commercial Master Data Stewardship,Manage Customer Invoicing and Billing,B:structural-nearness,SoleCandidate,core:enabledBy (stored: target enabledBy source),,
REL-01254,"Manage Commercial Terms, Quoting, and Customer Commercial Services",Capture And Manage Order Fulfillment,A:explicit-reference | B:structural-nearness,SoleCandidate,core:enabledBy (stored: target enabledBy source),,
REL-01257,Capture And Manage Order Fulfillment,Manage Customer Invoicing and Billing,A:explicit-reference | B:structural-nearness,SoleCandidate,core:enabledBy (stored: target enabledBy source),,
REL-01259,Manage Credit & Risk,Capture And Manage Order Fulfillment,B:structural-nearness,SoleCandidate,core:enabledBy (stored: target enabledBy source),,
REL-01260,Manage Credit & Risk,Manage Receivables Resolution,A:explicit-reference (resolved),ResolvedToConcept,core:enabledBy (stored: target enabledBy source),,
REL-01262,Manage Customer Requests and Inquiries,Manage Receivables Disputes,A:explicit-reference (resolved),ResolvedToConcept,core:enabledBy (stored: target enabledBy source),,
REL-01266,"Manage Cash Application, A/R & Revenue Accounting",Perform Period-End Processing,A:explicit-reference (resolved),ResolvedToConcept,core:enabledBy (stored: target enabledBy source),,
REL-01267,Service & Support Enablement,Manage Customer Requests and Inquiries,A:explicit-reference | B:structural-nearness,SoleCandidate,core:enabledBy (stored: target enabledBy source),,
REL-01274,Marketing Communications Strategy,Integrated Marketing Planning (Advertising),A:explicit-reference | B:structural-nearness,SoleCandidate,core:enabledBy (stored: target enabledBy source),,
REL-01277,Sales Execution,"Manage Commercial Terms, Quoting, and Customer Commercial Services",A:explicit-reference (resolved),ResolvedToConcept,core:enabledBy (stored: target enabledBy source),,
REL-01281,Refinery Optimization,Refinery Planning and Optimization,,SoleCandidate,remains held (not in emitting set),,
REL-01287,Credit Risk Management,Trade Capture,B:structural-nearness,SoleCandidate,core:enabledBy (stored: target enabledBy source),,
REL-01288,Credit Risk Management,Contract Management,B:structural-nearness,SoleCandidate,core:enabledBy (stored: target enabledBy source),,
REL-01298,Contract Management,Trade Capture,A:explicit-reference | B:structural-nearness,SoleCandidate,core:enabledBy (stored: target enabledBy source),,
REL-01299,Contract Management,Confirmations Management,A:explicit-reference | B:structural-nearness,SoleCandidate,core:enabledBy (stored: target enabledBy source),,
REL-01303,Trade Capture,Market Risk Management,A:explicit-reference | B:structural-nearness,SoleCandidate,core:enabledBy (stored: target enabledBy source),,
REL-01304,Inventory Management,Regional Optimization,B:structural-nearness,SoleCandidate,core:enabledBy (stored: target enabledBy source),,
REL-01305,Inventory Management,Capture Inventory,,SoleCandidate,remains held (not in emitting set),,
REL-01311,Market Risk Management,Trading Strategy Management,A:explicit-reference | B:structural-nearness,SoleCandidate,core:enabledBy (stored: target enabledBy source),,
REL-01312,Market Risk Management,Trade Capture,B:structural-nearness,SoleCandidate,core:enabledBy (stored: target enabledBy source),,
REL-01318,Settlements,Manage AR/AP & Actuals,B:structural-nearness,SoleCandidate,core:enabledBy (stored: target enabledBy source),,
