row_id,source,source_definition,candidate_target,candidate_target_definition,candidate_selection_method,target_identity_evidence,current_stored_fact,current_emission_state,prior_verdict,Hamid_decision,Hamid_rationale
REL-00032,Coordinate Product Trading [CM-1-1-3-5-2],"Identify schedule imbalances that cannot be resolved with the company's own supply — surpluses to place or shortfalls to cover — and coordinate with Supply And Trading to request, evaluate, and incorporate the purchases, sales, or exchanges that balance the short-term schedule.",Develop Short-Term Network Plan [CM-1-1-3-5-1],"Produce the rolling days-to-weeks network supply plan that bridges the approved regional plan and daily execution — projecting stock, demand, production, and movements by location and product, and setting the movement quantities and timings the schedule will execute.","Nearness-only — SoleCandidate: unique preferred-label match as candidate filter (PR #120); NO explicit target-slug citation in source definition or scope note. Raw evidence: unique exact preferred-label match (candidate filter only, per PR #120) (confidence: CandidateOnly). Target identity is a CLASSIFIER TRIAGE CLAIM, not evidence.",NEARENESS ONLY — candidate target Develop Short-Term Network Plan plausible but UNCONFIRMED — no source-level evidence links source to this target,(CM-1-1-3-5-1 core:enabledBy CM-1-1-3-5-2),emitting,(none — undecided),HOLD / D:hamid-verdict / TargetIdentityUnconfirmed,"Target identity is not evidenced by the source assertion. The proposed target was selected only by classifier nearness/unique-label matching, with no stable identifier, explicit target name, or source-definition/scope evidence linking the source to that target. A plausible semantic fit does not confirm the asserted target. No core:enabledBy emission, no retarget or remap at promotion; fact removed (verified unique); assertion retained as non-emitting evidence pending workbook-author target clarification and a fresh verdict."
REL-00044,Manage Lot/Batch Inventory [CM-1-1-3-7-10],"Manage inventory that must be tracked by lot or batch identity — such as specialty products, additives, and quality-certified stock — preserving batch identity, certificates, and traceability from receipt through storage to issue.",Perform Inventory Reconciliation [CM-1-1-3-7-5],"Reconcile book inventory against measured physical inventory by location and material, quantify and classify gains and losses, investigate variances beyond tolerance, and post agreed corrections so stock records remain accurate and losses are made visible.","Nearness-only — SoleCandidate: unique preferred-label match as candidate filter (PR #120); NO explicit target-slug citation in source definition or scope note. Raw evidence: unique exact preferred-label match (candidate filter only, per PR #120) (confidence: CandidateOnly). Target identity is a CLASSIFIER TRIAGE CLAIM, not evidence.",NEARENESS ONLY — candidate target Perform Inventory Reconciliation plausible but UNCONFIRMED — no source-level evidence links source to this target,(CM-1-1-3-7-5 core:enabledBy CM-1-1-3-7-10),emitting,(none — undecided),HOLD / D:hamid-verdict / TargetIdentityUnconfirmed,"Target identity is not evidenced by the source assertion. The proposed target was selected only by classifier nearness/unique-label matching, with no stable identifier, explicit target name, or source-definition/scope evidence linking the source to that target. A plausible semantic fit does not confirm the asserted target. No core:enabledBy emission, no retarget or remap at promotion; fact removed (verified unique); assertion retained as non-emitting evidence pending workbook-author target clarification and a fresh verdict."
REL-00046,Manage Third Party Storage [CM-1-1-3-7-11],"Manage company inventory held in third-party storage facilities — leased tankage, throughput agreements, and commercial storage — administering capacity entitlements, monitoring stock positions and operator statements, and managing performance against the storage agreements.",Perform Inventory Reconciliation [CM-1-1-3-7-5],"Reconcile book inventory against measured physical inventory by location and material, quantify and classify gains and losses, investigate variances beyond tolerance, and post agreed corrections so stock records remain accurate and losses are made visible.","Nearness-only — SoleCandidate: unique preferred-label match as candidate filter (PR #120); NO explicit target-slug citation in source definition or scope note. Raw evidence: unique exact preferred-label match (candidate filter only, per PR #120) (confidence: CandidateOnly). Target identity is a CLASSIFIER TRIAGE CLAIM, not evidence.",NEARENESS ONLY — candidate target Perform Inventory Reconciliation plausible but UNCONFIRMED — no source-level evidence links source to this target,(CM-1-1-3-7-5 core:enabledBy CM-1-1-3-7-11),emitting,(none — undecided),HOLD / D:hamid-verdict / TargetIdentityUnconfirmed,"Target identity is not evidenced by the source assertion. The proposed target was selected only by classifier nearness/unique-label matching, with no stable identifier, explicit target name, or source-definition/scope evidence linking the source to that target. A plausible semantic fit does not confirm the asserted target. No core:enabledBy emission, no retarget or remap at promotion; fact removed (verified unique); assertion retained as non-emitting evidence pending workbook-author target clarification and a fresh verdict."
REL-00059,Perform Inventory Reconciliation [CM-1-1-3-7-5],"Reconcile book inventory against measured physical inventory by location and material, quantify and classify gains and losses, investigate variances beyond tolerance, and post agreed corrections so stock records remain accurate and losses are made visible.",Distribution Backcasting [CM-1-1-6],"Reconcile actual distribution inventory availability, movements, deliveries, transportation costs, and customer fulfillment outcomes against the approved distribution plan and its contemporaneous assumptions and constraints; quantify and explain variances; and use validated lessons to improve subsequent distribution planning and optimization cycles.","Nearness-only — SoleCandidate: unique preferred-label match as candidate filter (PR #120); NO explicit target-slug citation in source definition or scope note. Raw evidence: unique exact preferred-label match (candidate filter only, per PR #120) (confidence: CandidateOnly). Target identity is a CLASSIFIER TRIAGE CLAIM, not evidence.",NEARENESS ONLY — candidate target Distribution Backcasting plausible but UNCONFIRMED — no source-level evidence links source to this target,(CM-1-1-6 core:enabledBy CM-1-1-3-7-5),emitting,(none — undecided),HOLD / D:hamid-verdict / TargetIdentityUnconfirmed,"Target identity is not evidenced by the source assertion. The proposed target was selected only by classifier nearness/unique-label matching, with no stable identifier, explicit target name, or source-definition/scope evidence linking the source to that target. A plausible semantic fit does not confirm the asserted target. No core:enabledBy emission, no retarget or remap at promotion; fact removed (verified unique); assertion retained as non-emitting evidence pending workbook-author target clarification and a fresh verdict."
REL-00061,Manage Consignment Inventory [CM-1-1-3-7-6],"Manage product held under consignment arrangements — stock positioned at a customer's or partner's site, or held for a third party at company sites, that remains the consignor's property until drawn — tracking positions, draws, and settlement triggers so ownership and stock records stay correct on both sides.",Perform Inventory Reconciliation [CM-1-1-3-7-5],"Reconcile book inventory against measured physical inventory by location and material, quantify and classify gains and losses, investigate variances beyond tolerance, and post agreed corrections so stock records remain accurate and losses are made visible.","Nearness-only — SoleCandidate: unique preferred-label match as candidate filter (PR #120); NO explicit target-slug citation in source definition or scope note. Raw evidence: unique exact preferred-label match (candidate filter only, per PR #120) (confidence: CandidateOnly). Target identity is a CLASSIFIER TRIAGE CLAIM, not evidence.",NEARENESS ONLY — candidate target Perform Inventory Reconciliation plausible but UNCONFIRMED — no source-level evidence links source to this target,(CM-1-1-3-7-5 core:enabledBy CM-1-1-3-7-6),emitting,(none — undecided),HOLD / D:hamid-verdict / TargetIdentityUnconfirmed,"Target identity is not evidenced by the source assertion. The proposed target was selected only by classifier nearness/unique-label matching, with no stable identifier, explicit target name, or source-definition/scope evidence linking the source to that target. A plausible semantic fit does not confirm the asserted target. No core:enabledBy emission, no retarget or remap at promotion; fact removed (verified unique); assertion retained as non-emitting evidence pending workbook-author target clarification and a fresh verdict."
REL-00063,Manage Commingled Inventory [CM-1-1-3-7-7],"Manage company stock held commingled with other owners' fungible product in shared tanks, pipelines, and terminals — tracking each party's ownership share, quality basis, and allocated gains and losses under the operative agreements — so the company's entitlement in shared stock is always known and defensible.",Perform Inventory Reconciliation [CM-1-1-3-7-5],"Reconcile book inventory against measured physical inventory by location and material, quantify and classify gains and losses, investigate variances beyond tolerance, and post agreed corrections so stock records remain accurate and losses are made visible.","Nearness-only — SoleCandidate: unique preferred-label match as candidate filter (PR #120); NO explicit target-slug citation in source definition or scope note. Raw evidence: unique exact preferred-label match (candidate filter only, per PR #120) (confidence: CandidateOnly). Target identity is a CLASSIFIER TRIAGE CLAIM, not evidence.",NEARENESS ONLY — candidate target Perform Inventory Reconciliation plausible but UNCONFIRMED — no source-level evidence links source to this target,(CM-1-1-3-7-5 core:enabledBy CM-1-1-3-7-7),emitting,(none — undecided),HOLD / D:hamid-verdict / TargetIdentityUnconfirmed,"Target identity is not evidenced by the source assertion. The proposed target was selected only by classifier nearness/unique-label matching, with no stable identifier, explicit target name, or source-definition/scope evidence linking the source to that target. A plausible semantic fit does not confirm the asserted target. No core:enabledBy emission, no retarget or remap at promotion; fact removed (verified unique); assertion retained as non-emitting evidence pending workbook-author target clarification and a fresh verdict."
REL-00075,Maintain Secondary Distribution Scheduling Basis [CM-1-1-3-8-3],"Maintain the reference data, constraints, and operating parameters used for secondary-distribution scheduling — including sites, tanks, vehicles, compartments, drivers, routes, access windows, product-compatibility rules, and scheduling parameters — so generated orders and delivery schedules reflect the current operating network.",Generate Orders [CM-1-1-3-8-1],"Create the delivery orders that feed secondary distribution scheduling — deriving replenishment needs for managed retail sites and customer tanks from stock readings, consumption forecasts, and agreed service levels, and converting them into deliverable orders with quantities and windows.","Nearness-only — SoleCandidate: unique preferred-label match as candidate filter (PR #120); NO explicit target-slug citation in source definition or scope note. Raw evidence: unique exact preferred-label match (candidate filter only, per PR #120) (confidence: CandidateOnly). Target identity is a CLASSIFIER TRIAGE CLAIM, not evidence.",NEARENESS ONLY — candidate target Generate Orders plausible but UNCONFIRMED — no source-level evidence links source to this target,(CM-1-1-3-8-1 core:enabledBy CM-1-1-3-8-3),emitting,(none — undecided),HOLD / D:hamid-verdict / TargetIdentityUnconfirmed,"Target identity is not evidenced by the source assertion. The proposed target was selected only by classifier nearness/unique-label matching, with no stable identifier, explicit target name, or source-definition/scope evidence linking the source to that target. A plausible semantic fit does not confirm the asserted target. No core:enabledBy emission, no retarget or remap at promotion; fact removed (verified unique); assertion retained as non-emitting evidence pending workbook-author target clarification and a fresh verdict."
REL-00121,Maintain Production Scheduling Master Data [CM-1-1-7-2-1],"Create, maintain, and retire the reference and parameter data the production scheduling model depends on — unit capacities and constraints, product and recipe definitions, transition and changeover rules, tankage parameters, and scheduling calendars — so scheduling results remain accurate and reproducible.",Review Production Wheel and Run Length [CM-1-1-7-2-2],"Review and maintain the production wheel — the recurring sequence of product campaigns — and each campaign's run length, balancing transition losses and changeover costs against inventory, demand coverage, and unit constraints, so the schedule is built on an economically sound campaign structure.","Nearness-only — SoleCandidate: unique preferred-label match as candidate filter (PR #120); NO explicit target-slug citation in source definition or scope note. Raw evidence: unique exact preferred-label match (candidate filter only, per PR #120) (confidence: CandidateOnly). Target identity is a CLASSIFIER TRIAGE CLAIM, not evidence.",NEARENESS ONLY — candidate target Review Production Wheel and Run Length plausible but UNCONFIRMED — no source-level evidence links source to this target,(CM-1-1-7-2-2 core:enabledBy CM-1-1-7-2-1),emitting,(none — undecided),HOLD / D:hamid-verdict / TargetIdentityUnconfirmed,"Target identity is not evidenced by the source assertion. The proposed target was selected only by classifier nearness/unique-label matching, with no stable identifier, explicit target name, or source-definition/scope evidence linking the source to that target. A plausible semantic fit does not confirm the asserted target. No core:enabledBy emission, no retarget or remap at promotion; fact removed (verified unique); assertion retained as non-emitting evidence pending workbook-author target clarification and a fresh verdict."
REL-00133,"Manage The Interface to Planning, Operations, Engineering & Maintenance [CM-1-1-7-2-6]","Run the structured coordination between production scheduling and its counterparties — feasibility and deviation feedback to Refinery Planning, executability alignment with refinery operations, and outage, turnaround, and maintenance windows from engineering and maintenance — so the schedule and its neighbors stay mutually consistent.",Create Production Scheduling and Sequencing Plan [CM-1-1-7-2-3],"Build the dated production schedule and sequencing plan for the scheduling horizon — assigning campaigns, schedule-level unit commitments, blends, and movements to dates and sequences within the approved plan, the production wheel, and current constraints — producing the schedule that provides the approved basis for refinery execution.","Nearness-only — SoleCandidate: unique preferred-label match as candidate filter (PR #120); NO explicit target-slug citation in source definition or scope note. Raw evidence: unique exact preferred-label match (candidate filter only, per PR #120) (confidence: CandidateOnly). Target identity is a CLASSIFIER TRIAGE CLAIM, not evidence.",NEARENESS ONLY — candidate target Create Production Scheduling and Sequencing Plan plausible but UNCONFIRMED — no source-level evidence links source to this target,(CM-1-1-7-2-3 core:enabledBy CM-1-1-7-2-6),emitting,(none — undecided),HOLD / D:hamid-verdict / TargetIdentityUnconfirmed,"Target identity is not evidenced by the source assertion. The proposed target was selected only by classifier nearness/unique-label matching, with no stable identifier, explicit target name, or source-definition/scope evidence linking the source to that target. A plausible semantic fit does not confirm the asserted target. No core:enabledBy emission, no retarget or remap at promotion; fact removed (verified unique); assertion retained as non-emitting evidence pending workbook-author target clarification and a fresh verdict."
REL-00138,Optimize Plant Energy Balance [CM-1-1-7-3-2],"Establish and maintain planning and scheduling targets for the refinery's sitewide energy balance — such as expected steam, fuel-gas, power, and energy-recovery requirements — so production schedules reflect energy cost, availability, emissions exposure, and operating constraints.",Daily Execution Planning [CM-1-1-7-1],"Translate the current production schedule into each day's refinery execution basis — updating the day's scheduling instructions and commitments, confirming the schedule-level resources the day depends on, and closing the daily production accounting balance — so the refinery works each day from a current, feasible, accounted-for scheduling basis.","Nearness-only — SoleCandidate: unique preferred-label match as candidate filter (PR #120); NO explicit target-slug citation in source definition or scope note. Raw evidence: unique exact preferred-label match (candidate filter only, per PR #120) (confidence: CandidateOnly). Target identity is a CLASSIFIER TRIAGE CLAIM, not evidence.",NEARENESS ONLY — candidate target Daily Execution Planning plausible but UNCONFIRMED — no source-level evidence links source to this target,(CM-1-1-7-1 core:enabledBy CM-1-1-7-3-2),emitting,(none — undecided),HOLD / D:hamid-verdict / TargetIdentityUnconfirmed,"Target identity is not evidenced by the source assertion. The proposed target was selected only by classifier nearness/unique-label matching, with no stable identifier, explicit target name, or source-definition/scope evidence linking the source to that target. A plausible semantic fit does not confirm the asserted target. No core:enabledBy emission, no retarget or remap at promotion; fact removed (verified unique); assertion retained as non-emitting evidence pending workbook-author target clarification and a fresh verdict."
REL-00148,Forecast Renewables [CM-1-2-1-1-3],"Develop and maintain a forward view of renewable-fuel volumes, renewable-energy output or procurement, compliance obligations, and associated program-specific environmental attributes or credits — such as Renewable Identification Numbers where applicable — so commercial, trading, and compliance stakeholders can anticipate expected shortfalls, surpluses, and deadlines.",Perform Asset Optimization [CM-1-2-1-1-4],"Assess and optimize the commercial use of approved asset flexibility — including storage, transportation and terminal capacity, supply commitments, exchanges, and generation availability — against market conditions, identifying and valuing opportunities and providing recommendations to approved trading strategies within established plans and constraints.","Nearness-only — SoleCandidate: unique preferred-label match as candidate filter (PR #120); NO explicit target-slug citation in source definition or scope note. Raw evidence: unique exact preferred-label match (candidate filter only, per PR #120) (confidence: CandidateOnly). Target identity is a CLASSIFIER TRIAGE CLAIM, not evidence.",NEARENESS ONLY — candidate target Perform Asset Optimization plausible but UNCONFIRMED — no source-level evidence links source to this target,(CM-1-2-1-1-4 core:enabledBy CM-1-2-1-1-3),emitting,(none — undecided),HOLD / D:hamid-verdict / TargetIdentityUnconfirmed,"Target identity is not evidenced by the source assertion. The proposed target was selected only by classifier nearness/unique-label matching, with no stable identifier, explicit target name, or source-definition/scope evidence linking the source to that target. A plausible semantic fit does not confirm the asserted target. No core:enabledBy emission, no retarget or remap at promotion; fact removed (verified unique); assertion retained as non-emitting evidence pending workbook-author target clarification and a fresh verdict."
REL-00156,Receive Power Generation Forecast [CM-1-2-1-1-6],"Receive and incorporate power generation forecasts — from company cogeneration and any contracted or merchant generation — into the trading forward view, validating them and translating expected generation into tradable positions by period.",Perform Asset Optimization [CM-1-2-1-1-4],"Assess and optimize the commercial use of approved asset flexibility — including storage, transportation and terminal capacity, supply commitments, exchanges, and generation availability — against market conditions, identifying and valuing opportunities and providing recommendations to approved trading strategies within established plans and constraints.","Nearness-only — SoleCandidate: unique preferred-label match as candidate filter (PR #120); NO explicit target-slug citation in source definition or scope note. Raw evidence: unique exact preferred-label match (candidate filter only, per PR #120) (confidence: CandidateOnly). Target identity is a CLASSIFIER TRIAGE CLAIM, not evidence.",NEARENESS ONLY — candidate target Perform Asset Optimization plausible but UNCONFIRMED — no source-level evidence links source to this target,(CM-1-2-1-1-4 core:enabledBy CM-1-2-1-1-6),emitting,(none — undecided),HOLD / D:hamid-verdict / TargetIdentityUnconfirmed,"Target identity is not evidenced by the source assertion. The proposed target was selected only by classifier nearness/unique-label matching, with no stable identifier, explicit target name, or source-definition/scope evidence linking the source to that target. A plausible semantic fit does not confirm the asserted target. No core:enabledBy emission, no retarget or remap at promotion; fact removed (verified unique); assertion retained as non-emitting evidence pending workbook-author target clarification and a fresh verdict."
REL-00164,Monitor Contracts [CM-1-2-1-2-11],"Monitor active agreements against their terms — tracking obligations, commitments, expiries, renewal windows, and utilization against contracted volumes and service levels — surfacing issues to the responsible owners before they become breaches or lapses.",Trading Strategy Management [CM-1-2-1-4],"Develop, approve, and steward the trading strategies the front office runs — defining each strategy's objective, markets, instruments, and horizon, aligning it with approved authorities and risk limits, reviewing performance, and adjusting or retiring strategies as conditions change.","Nearness-only — SoleCandidate: unique preferred-label match as candidate filter (PR #120); NO explicit target-slug citation in source definition or scope note. Raw evidence: unique exact preferred-label match (candidate filter only, per PR #120) (confidence: CandidateOnly). Target identity is a CLASSIFIER TRIAGE CLAIM, not evidence.",NEARENESS ONLY — candidate target Trading Strategy Management REJECTED as semantically misaligned,(CM-1-2-1-4 core:enabledBy CM-1-2-1-2-11),emitting,(none — undecided),HOLD / D:hamid-verdict / TargetIdentityUnconfirmed,"The proposed target is not supported by the source definition and is semantically misaligned with the candidate relationship. Candidate selection rests only on nearness/label matching. No core:enabledBy emission; do not infer or retarget an alternative; fact removed (verified unique); requires source-workbook clarification. | Relabeled 2026-09-26: predicate doubt recorded — exact-unique-current label match, target identity not in doubt; the verb is."
REL-00166,Manage Existing Counterparty [CM-1-2-1-2-2],"Maintain active counterparty records through their life — processing changes to legal identity, ownership, settlement details, and documentation, keeping records synchronized with credit and compliance status, and periodically reconfirming record accuracy.",Trade Capture [CM-1-2-1-3],"Perform the controlled pre-trade analysis, authorization, and post-execution recording of trades in the trading system — capturing complete commercial, operational, and regulatory terms by deal type and submitting required creation-data reports — so authorized transactions are available to confirmation, risk, actualization, settlement, and accounting processes.","Nearness-only — SoleCandidate: unique preferred-label match as candidate filter (PR #120); NO explicit target-slug citation in source definition or scope note. Raw evidence: unique exact preferred-label match (candidate filter only, per PR #120) (confidence: CandidateOnly). Target identity is a CLASSIFIER TRIAGE CLAIM, not evidence.",NEARENESS ONLY — candidate target Trade Capture plausible but UNCONFIRMED — no source-level evidence links source to this target,(CM-1-2-1-3 core:enabledBy CM-1-2-1-2-2),emitting,(none — undecided),HOLD / D:hamid-verdict / TargetIdentityUnconfirmed,"Target identity is not evidenced by the source assertion. The proposed target was selected only by classifier nearness/unique-label matching, with no stable identifier, explicit target name, or source-definition/scope evidence linking the source to that target. A plausible semantic fit does not confirm the asserted target. No core:enabledBy emission, no retarget or remap at promotion; fact removed (verified unique); assertion retained as non-emitting evidence pending workbook-author target clarification and a fresh verdict."
REL-00239,Manage Credit Risk Reporting [CM-1-2-2-1-8],"Produce governed internal credit-risk reports — exposures, limit utilization, breaches, credit-support and margin positions, and concentrations, at agreed cadences and levels for management and committees — and provide controlled inputs to applicable external or regulatory reporting through their accountable owners, so the credit risk picture is current, consistent, and decision-ready.",Trading Strategy Management [CM-1-2-1-4],"Develop, approve, and steward the trading strategies the front office runs — defining each strategy's objective, markets, instruments, and horizon, aligning it with approved authorities and risk limits, reviewing performance, and adjusting or retiring strategies as conditions change.","Nearness-only — SoleCandidate: unique preferred-label match as candidate filter (PR #120); NO explicit target-slug citation in source definition or scope note. Raw evidence: unique exact preferred-label match (candidate filter only, per PR #120) (confidence: CandidateOnly). Target identity is a CLASSIFIER TRIAGE CLAIM, not evidence.",NEARENESS ONLY — candidate target Trading Strategy Management REJECTED as semantically misaligned,(CM-1-2-1-4 core:enabledBy CM-1-2-2-1-8),emitting,(none — undecided),HOLD / D:hamid-verdict / TargetIdentityUnconfirmed,"The proposed target is not supported by the source definition and is semantically misaligned with the candidate relationship. Candidate selection rests only on nearness/label matching. No core:enabledBy emission; do not infer or retarget an alternative; fact removed (verified unique); requires source-workbook clarification. | Relabeled 2026-09-26: predicate doubt recorded — exact-unique-current label match, target identity not in doubt; the verb is."
