row_id,split_group,source_label,target_label,disposition,context,reverse_pair_verbs,proposed,Hamid_decision,Hamid_rationale
REL-00010,G1a-duplicate,Publish Forecast and Generate Component Level Forecast Plan,Receive Demand Forecast,SoleCandidate,PROMOTE/A:explicit-reference,uses-input,merge as evidence on existing dependsOnOutputOf fact,,
REL-00057,G1a-duplicate,Measure Inventory,Monitor and Control Inventory Positions,ResolvedToConcept,,uses-input,merge as evidence on existing dependsOnOutputOf fact,,
REL-00089,G1a-duplicate,Capture Crude Availability,Evaluate Crude & Feedstock,SoleCandidate,PROMOTE/A:explicit-reference,uses-input,merge as evidence on existing dependsOnOutputOf fact,,
REL-00093,G1a-duplicate,Capture Product/Crude/Feedstock Price,Evaluate Crude & Feedstock,SoleCandidate,PROMOTE/B:structural-nearness,uses-input,merge as evidence on existing dependsOnOutputOf fact,,
REL-00120,G1a-duplicate,Maintain Production Scheduling Master Data,Create Production Scheduling and Sequencing Plan,SoleCandidate,PROMOTE/B:structural-nearness,uses-input,merge as evidence on existing dependsOnOutputOf fact,,
REL-00143,G1a-duplicate,Receive Production Forecast,Perform Asset Optimization,SoleCandidate,PROMOTE/B:structural-nearness,uses-input,merge as evidence on existing dependsOnOutputOf fact,,
REL-00146,G1a-duplicate,Receive Demand Forecast,Perform Asset Optimization,SoleCandidate,PROMOTE/B:structural-nearness,uses-input,merge as evidence on existing dependsOnOutputOf fact,,
REL-00152,G1a-duplicate,Perform Asset Optimization,Trading Strategy Management,SoleCandidate,PROMOTE/A:explicit-reference,uses-input,merge as evidence on existing dependsOnOutputOf fact,,
REL-00154,G1a-duplicate,Forecast Revenue,Trading Strategy Management,SoleCandidate,PROMOTE/B:structural-nearness,uses-input,merge as evidence on existing dependsOnOutputOf fact,,
REL-00227,G1a-duplicate,Calculate Credit Exposure,Manage Collateral,SoleCandidate,PROMOTE/B:structural-nearness,uses-input,merge as evidence on existing dependsOnOutputOf fact,,
REL-00233,G1a-duplicate,Perform Advanced Credit Risk Analytics,Manage Credit Risk Reporting,SoleCandidate,PROMOTE/A:explicit-reference,uses-input,merge as evidence on existing dependsOnOutputOf fact,,
REL-00243,G1a-duplicate,Manage Confirmation Documentation,Generate Confirms,SoleCandidate,PROMOTE/B:structural-nearness,uses-input,merge as evidence on existing dependsOnOutputOf fact,,
REL-00267,G1a-duplicate,Manage Volatilities And Correlations,Manage Commodity Valuations,SoleCandidate,PROMOTE/A:explicit-reference,uses-input,merge as evidence on existing dependsOnOutputOf fact,,
REL-00268,G1a-duplicate,Manage Volatilities And Correlations,Measure Risk,SoleCandidate,PROMOTE/A:explicit-reference,uses-input,merge as evidence on existing dependsOnOutputOf fact,,
REL-00271,G1a-duplicate,Manage Commodity Valuations,Perform Position & P&L Analysis,ResolvedToConcept,,uses-input,merge as evidence on existing dependsOnOutputOf fact,,
REL-00275,G1a-duplicate,Setup And Manage Curves,Manage Commodity Valuations,SoleCandidate,PROMOTE/B:structural-nearness,uses-input,merge as evidence on existing dependsOnOutputOf fact,,
REL-00277,G1a-duplicate,Setup And Manage Curves,Measure Risk,SoleCandidate,PROMOTE/B:structural-nearness,uses-input,merge as evidence on existing dependsOnOutputOf fact,,
REL-00282,G1a-duplicate,Perform End-of-Month (EOM) Process,Reconcile Economic PNL to Accounting PNL,ResolvedToConcept,,uses-input,merge as evidence on existing dependsOnOutputOf fact,,
REL-00289,G1a-duplicate,Measure Risk,Monitor Risk,SoleCandidate,PROMOTE/A:explicit-reference,uses-input,merge as evidence on existing dependsOnOutputOf fact,,
REL-00292,G1a-duplicate,Monitor Risk,Manage Risk Reporting,SoleCandidate,PROMOTE/B:structural-nearness,uses-input,merge as evidence on existing dependsOnOutputOf fact,,
REL-00295,G1a-duplicate,Perform Position & P&L Analysis,Manage Risk Reporting,SoleCandidate,PROMOTE/B:structural-nearness,uses-input,merge as evidence on existing dependsOnOutputOf fact,,
REL-00304,G1a-duplicate,Perform Vessel & Barge Actualization,Identify Potential Demurrage,SoleCandidate,PROMOTE/B:structural-nearness,uses-input,merge as evidence on existing dependsOnOutputOf fact,,
REL-00358,G1a-duplicate,Manage Accounting Treatments,Manage Trading Sub-Ledger,SoleCandidate,PROMOTE/B:structural-nearness,uses-input,merge as evidence on existing dependsOnOutputOf fact,,
REL-00376,G1a-duplicate,Manage AR/AP & Actuals,Manage Trading Sub-Ledger,SoleCandidate,PROMOTE/B:structural-nearness,uses-input,merge as evidence on existing dependsOnOutputOf fact,,
REL-00379,G1a-duplicate,Manage Trading Sub-Ledger,Reconcile Economic PNL to Accounting PNL,ResolvedToConcept,,uses-input,merge as evidence on existing dependsOnOutputOf fact,,
REL-00427,G1a-duplicate,Manage Feedstock Data Quality,Review LP Model Integrity,SoleCandidate,PROMOTE/A:explicit-reference,uses-input,merge as evidence on existing dependsOnOutputOf fact,,
REL-00436,G1a-duplicate,Develop Spot Slate,Recommend Feedstock Slate And Run Rate,ResolvedToConcept,,uses-input,merge as evidence on existing dependsOnOutputOf fact,,
REL-00460,G1a-duplicate,Manage Feedstock Inventory,Develop Feedstock Demand,SoleCandidate,PROMOTE/A:explicit-reference,uses-input,merge as evidence on existing dependsOnOutputOf fact,,
REL-00461,G1a-duplicate,Manage Feedstock Inventory,Assess & Manage Inventory Risk,SoleCandidate,PROMOTE/A:explicit-reference,uses-input,merge as evidence on existing dependsOnOutputOf fact,,
REL-00463,G1a-duplicate,Segment Customers,Evaluate Market Attractiveness,SoleCandidate,PROMOTE/A:explicit-reference,uses-input,merge as evidence on existing dependsOnOutputOf fact,,
REL-00464,G1a-duplicate,Segment Customers,Assess Cost-to-Serve Performance,SoleCandidate,PROMOTE/A:explicit-reference,uses-input,merge as evidence on existing dependsOnOutputOf fact,,
REL-00478,G1a-duplicate,Forecast Operational Refined Product Demand,Manage Refined Product Demand,SoleCandidate,PROMOTE/B:structural-nearness,uses-input,merge as evidence on existing dependsOnOutputOf fact,,
REL-00480,G1a-duplicate,Coordinate S&T Source-Point Supply Operations,Fulfill Replenishment From Trading Sources,ResolvedToConcept,,uses-input,merge as evidence on existing dependsOnOutputOf fact,,
REL-00570,G1a-duplicate,Set Up and Maintain Terminal Customer Authorization,Process Customer Lifting Forecasts and Nominations,ResolvedToConcept,,uses-input,merge as evidence on existing dependsOnOutputOf fact,,
REL-00571,G1a-duplicate,Set Up and Maintain Terminal Customer Authorization,Manage Terminal Lifting Allocation,ResolvedToConcept,,uses-input,merge as evidence on existing dependsOnOutputOf fact,,
REL-00582,G1a-duplicate,Capture Terminal Sales Deal,Set Up and Maintain Terminal Customer Authorization,ResolvedToConcept,,uses-input,merge as evidence on existing dependsOnOutputOf fact,,
REL-00583,G1a-duplicate,Capture Terminal Sales Deal,Process Customer Lifting Forecasts and Nominations,ResolvedToConcept,,uses-input,merge as evidence on existing dependsOnOutputOf fact,,
REL-00771,G1a-duplicate,Perform Account Planning,Channel & Partner Management,SoleCandidate,PROMOTE/A:explicit-reference,uses-input,merge as evidence on existing dependsOnOutputOf fact,,
REL-00828,G1a-duplicate,Report Franchise Performance,Manage Relationship with Franchise agreement,SoleCandidate,PROMOTE/A:explicit-reference,uses-input,merge as evidence on existing dependsOnOutputOf fact,,
REL-00865,G1a-duplicate,Settle Rebate,Analyze and Calculate Accruals,ResolvedToConcept,,uses-input,merge as evidence on existing dependsOnOutputOf fact,,
REL-00899,G1a-duplicate,"Analyze, Report, and Confirm Card Transactions",Manage Card Program Billing Coordination,ResolvedToConcept,,uses-input,merge as evidence on existing dependsOnOutputOf fact,,
REL-00900,G1a-duplicate,"Analyze, Report, and Confirm Card Transactions",Manage Reimbursement,SoleCandidate,PROMOTE/B:structural-nearness,uses-input,merge as evidence on existing dependsOnOutputOf fact,,
REL-00904,G1a-duplicate,Plan Card Stock Consumption and Monitor Inventory,Manage Card Production & Monthly Reissue,SoleCandidate,PROMOTE/A:explicit-reference,uses-input,merge as evidence on existing dependsOnOutputOf fact,,
REL-00910,G1a-duplicate,Conduct Commercial Audit to Validate Reported Sales,"Administer Royalty, Brand Fee, and Contribution Streams",ResolvedToConcept,,uses-input,merge as evidence on existing dependsOnOutputOf fact,,
REL-00913,G1a-duplicate,Maintain Customer and Commercial Account Master Data,Set Up Prospect,ResolvedToConcept,,uses-input,merge as evidence on existing dependsOnOutputOf fact,,
REL-00918,G1a-duplicate,Maintain Price & Discount Master Data,Manage Customer Invoicing and Billing,SoleCandidate,PROMOTE/A:explicit-reference,uses-input,merge as evidence on existing dependsOnOutputOf fact,,
REL-00922,G1a-duplicate,Maintain Tax Master Data,Reconcile And Report Indirect Tax,SoleCandidate,PROMOTE/B:structural-nearness,uses-input,merge as evidence on existing dependsOnOutputOf fact,,
REL-00926,G1a-duplicate,Maintain Commercial Policy Content and Approved Parameters,Establish Commercial Terms & Contracts,SoleCandidate,PROMOTE/B:structural-nearness,uses-input,merge as evidence on existing dependsOnOutputOf fact,,
REL-00936,G1a-duplicate,Develop and Monitor Commercial Revenue Plan,Analyze Customer Profitability,SoleCandidate,PROMOTE/B:structural-nearness,uses-input,merge as evidence on existing dependsOnOutputOf fact,,
REL-00944,G1a-duplicate,Manage Customer Portal,Capture & Validate Order,SoleCandidate,PROMOTE/B:structural-nearness,uses-input,merge as evidence on existing dependsOnOutputOf fact,,
REL-00945,G1a-duplicate,Manage Customer Portal,Manage Customer Requests and Inquiries,SoleCandidate,PROMOTE/A:explicit-reference,uses-input,merge as evidence on existing dependsOnOutputOf fact,,
REL-00957,G1a-duplicate,Manage Fulfillment,Create and Distribute Bill,ResolvedToConcept,,uses-input,merge as evidence on existing dependsOnOutputOf fact,,
REL-00958,G1a-duplicate,Manage Fulfillment,Track Order Book and Forecast Order Volumes,ResolvedToConcept,,uses-input,merge as evidence on existing dependsOnOutputOf fact,,
REL-00963,G1a-duplicate,Manage Commercial Returns Authorization and Coordination,Create Credit Memo,SoleCandidate,PROMOTE/B:structural-nearness,uses-input,merge as evidence on existing dependsOnOutputOf fact,,
REL-00970,G1a-duplicate,Establish Credit Limit & Risk Code,Monitor Credit Against Limit,SoleCandidate,PROMOTE/A:explicit-reference,uses-input,merge as evidence on existing dependsOnOutputOf fact,,
REL-00978,G1a-duplicate,Analyze Portfolio Credit Risk,Determine Bad Debt Allowance,ResolvedToConcept,,uses-input,merge as evidence on existing dependsOnOutputOf fact,,
REL-00991,G1a-duplicate,Process Inquiries and Requests,Manage Receivables Disputes,ResolvedToConcept,,uses-input,merge as evidence on existing dependsOnOutputOf fact,,
REL-00994,G1a-duplicate,Perform Customer Follow-Up,Conduct Customer Service Reviews,ResolvedToConcept,,uses-input,merge as evidence on existing dependsOnOutputOf fact,,
REL-01003,G1a-duplicate,Create and Distribute Bill,Record Customer Receipts and Payment Notifications,ResolvedToConcept,,uses-input,merge as evidence on existing dependsOnOutputOf fact,,
REL-01006,G1a-duplicate,Perform Self-Billing Accounting,Perform Revenue Accounting,SoleCandidate,PROMOTE/B:structural-nearness,uses-input,merge as evidence on existing dependsOnOutputOf fact,,
REL-01008,G1a-duplicate,Determine Taxability,Create and Distribute Bill,ResolvedToConcept,,uses-input,merge as evidence on existing dependsOnOutputOf fact,,
REL-01025,G1a-duplicate,Apply Receipts,Manage Receivables Collections,ResolvedToConcept,,uses-input,merge as evidence on existing dependsOnOutputOf fact,,
REL-01028,G1a-duplicate,Manage Unapplied Receipts and Exceptions,Perform AR Reconciliation and Compliance,ResolvedToConcept,,uses-input,merge as evidence on existing dependsOnOutputOf fact,,
REL-01031,G1a-duplicate,"Perform Cash, Acquirer, and Receivables Reconciliations",Perform AR Reconciliation and Compliance,ResolvedToConcept,,uses-input,merge as evidence on existing dependsOnOutputOf fact,,
REL-01035,G1a-duplicate,Perform Revenue Accounting,Perform Period-End Processing,ResolvedToConcept,,uses-input,merge as evidence on existing dependsOnOutputOf fact,,
REL-01037,G1a-duplicate,Manage Receivables Disputes,Create Credit Memo,SoleCandidate,PROMOTE/B:structural-nearness,uses-input,merge as evidence on existing dependsOnOutputOf fact,,
REL-01039,G1a-duplicate,Manage Receivables Disputes,Develop Root-Cause Analyses and Action Plans,ResolvedToConcept,,uses-input,merge as evidence on existing dependsOnOutputOf fact,,
REL-01043,G1a-duplicate,Manage Receivables Collections,Determine Bad Debt Allowance,ResolvedToConcept,,uses-input,merge as evidence on existing dependsOnOutputOf fact,,
REL-01046,G1a-duplicate,Determine Bad Debt Allowance,Perform Period-End Processing,ResolvedToConcept,,uses-input,merge as evidence on existing dependsOnOutputOf fact,,
REL-01059,G1a-duplicate,Analyze and Calculate Accruals,Perform Revenue Accounting,SoleCandidate,PROMOTE/A:explicit-reference,uses-input,merge as evidence on existing dependsOnOutputOf fact,,
REL-01060,G1a-duplicate,Analyze and Calculate Accruals,Perform Period-End Processing,ResolvedToConcept,,uses-input,merge as evidence on existing dependsOnOutputOf fact,,
REL-01074,G1a-duplicate,Define Operating Model,Manage Service Operations,ResolvedToConcept,,uses-input,merge as evidence on existing dependsOnOutputOf fact,,
REL-01111,G1a-duplicate,Sales Pricing Management,Sales Execution,SoleCandidate,PROMOTE/B:structural-nearness,uses-input,merge as evidence on existing dependsOnOutputOf fact,,
REL-01133,G1a-duplicate,Refined Product Demand Management,Supply Operations,SoleCandidate,PROMOTE/B:structural-nearness,uses-input,merge as evidence on existing dependsOnOutputOf fact,,
REL-01175,G1a-duplicate,Market Analysis,Marketing Insight and Metrics Stewardship,ResolvedToConcept,,uses-input,merge as evidence on existing dependsOnOutputOf fact,,
REL-01188,G1a-duplicate,Competitor Analysis,Marketing Insight and Metrics Stewardship,ResolvedToConcept,,uses-input,merge as evidence on existing dependsOnOutputOf fact,,
REL-01240,G1a-duplicate,Manage Customer Invoicing and Billing,"Manage Cash Application, A/R & Revenue Accounting",SoleCandidate,PROMOTE/A:explicit-reference,uses-input,merge as evidence on existing dependsOnOutputOf fact,,
REL-01249,G1a-duplicate,Manage Commercial Master Data Stewardship,Capture And Manage Order Fulfillment,SoleCandidate,PROMOTE/B:structural-nearness,uses-input,merge as evidence on existing dependsOnOutputOf fact,,
REL-01265,G1a-duplicate,"Manage Cash Application, A/R & Revenue Accounting",Manage Receivables Resolution,ResolvedToConcept,,uses-input,merge as evidence on existing dependsOnOutputOf fact,,
REL-01268,G1a-duplicate,Service & Support Enablement,Service & Support Delivery,SoleCandidate,PROMOTE/A:explicit-reference,uses-input,merge as evidence on existing dependsOnOutputOf fact,,
REL-01297,G1a-duplicate,Marketing Communications Planning,Marketing Plan Execution,SoleCandidate,PROMOTE/A:explicit-reference,uses-input,merge as evidence on existing dependsOnOutputOf fact,,
REL-00140,G1b-verb-change-risk,Manage and Support Emissions Trading,Optimize Internal vs. External Energy Sources,SoleCandidate,PROMOTE/B:structural-nearness,informed-by,"HOLD for workbook correction (verb change, not a duplicate)",,
REL-00469,G1b-verb-change-risk,Assess Cost-to-Serve Performance,Supply Network Participation Analysis,ResolvedToConcept,,informed-by,"HOLD for workbook correction (verb change, not a duplicate)",,
REL-00489,G1b-verb-change-risk,Manage Product Exchange Agreements,Manage Refined Product Exchanges,SoleCandidate,PROMOTE/A:explicit-reference,informed-by,"HOLD for workbook correction (verb change, not a duplicate)",,
REL-00499,G1b-verb-change-risk,"Manage Safety (Materials, Staff, Contractor)","Manage Site Assets (Tank, Rack, Etc.)",SoleCandidate,PROMOTE/B:structural-nearness,informed-by,"HOLD for workbook correction (verb change, not a duplicate)",,
REL-00565,G1b-verb-change-risk,Marketing Insight and Metrics Stewardship,Brand Strategy,SoleCandidate,PROMOTE/B:structural-nearness,informed-by,"HOLD for workbook correction (verb change, not a duplicate)",,
REL-00648,G1b-verb-change-risk,Analyze Pricing Performance,Develop Integrated Pricing Strategy,SoleCandidate,PROMOTE/A:explicit-reference,informed-by,"HOLD for workbook correction (verb change, not a duplicate)",,
REL-00679,G1b-verb-change-risk,Define Media Strategy,Integrated Marketing Planning (Advertising),SoleCandidate,PROMOTE/A:explicit-reference,informed-by,"HOLD for workbook correction (verb change, not a duplicate)",,
REL-00709,G1b-verb-change-risk,Market Sensing,Identify Market Needs,SoleCandidate,PROMOTE/B:structural-nearness,informed-by,"HOLD for workbook correction (verb change, not a duplicate)",,
REL-00732,G1b-verb-change-risk,Value Intellectual Assets,Manage Intellectual Asset Portfolios,SoleCandidate,PROMOTE/A:explicit-reference,informed-by,"HOLD for workbook correction (verb change, not a duplicate)",,
REL-00973,G1b-verb-change-risk,Monitor Credit Against Limit,Capture & Validate Order,SoleCandidate,PROMOTE/B:structural-nearness,informed-by,"HOLD for workbook correction (verb change, not a duplicate)",,
REL-00974,G1b-verb-change-risk,Monitor Credit Against Limit,Manage Card Delinquency and Collections Referral,ResolvedToConcept,,informed-by,"HOLD for workbook correction (verb change, not a duplicate)",,
REL-00977,G1b-verb-change-risk,Analyze Portfolio Credit Risk,Maintain Credit Policies,SoleCandidate,PROMOTE/B:structural-nearness,informed-by,"HOLD for workbook correction (verb change, not a duplicate)",,
REL-01108,G1b-verb-change-risk,Sales & Distribution Channel Strategy,Sales & Distribution Channel Design,SoleCandidate,PROMOTE/A:explicit-reference,informed-by,"HOLD for workbook correction (verb change, not a duplicate)",,
REL-01112,G1b-verb-change-risk,Sales Pricing Management,Analyze Pricing Performance,SoleCandidate,PROMOTE/B:structural-nearness,informed-by,"HOLD for workbook correction (verb change, not a duplicate)",,
REL-01148,G1b-verb-change-risk,Visioning And Implementation Planning,Concept & Feasibility Study,SoleCandidate,PROMOTE/A:explicit-reference,informed-by,"HOLD for workbook correction (verb change, not a duplicate)",,
REL-01151,G1b-verb-change-risk,Concept & Feasibility Study,Product & Service Development,SoleCandidate,PROMOTE/A:explicit-reference,informed-by,"HOLD for workbook correction (verb change, not a duplicate)",,
REL-01154,G1b-verb-change-risk,Product & Service Development,Lifecycle Management,SoleCandidate,PROMOTE/A:explicit-reference,informed-by,"HOLD for workbook correction (verb change, not a duplicate)",,
REL-01181,G1b-verb-change-risk,Consumer Analysis,Consumer Value Proposition,SoleCandidate,PROMOTE/A:explicit-reference,informed-by,"HOLD for workbook correction (verb change, not a duplicate)",,
REL-01184,G1b-verb-change-risk,Customer And Marketer Analysis,Customer And Marketer Value Proposition,SoleCandidate,PROMOTE/B:structural-nearness,informed-by,"HOLD for workbook correction (verb change, not a duplicate)",,
REL-01191,G1b-verb-change-risk,Brand Strategy,Marketing Communications Strategy,SoleCandidate,PROMOTE/A:explicit-reference,informed-by,"HOLD for workbook correction (verb change, not a duplicate)",,
REL-01194,G1b-verb-change-risk,Customer And Marketer Value Proposition,Customer Offer Definition,SoleCandidate,PROMOTE/A:explicit-reference,informed-by,"HOLD for workbook correction (verb change, not a duplicate)",,
REL-01197,G1b-verb-change-risk,Consumer Value Proposition,Customer Offer Definition,SoleCandidate,PROMOTE/A:explicit-reference,informed-by,"HOLD for workbook correction (verb change, not a duplicate)",,
REL-01213,G1b-verb-change-risk,Sales Planning,Sales Execution,SoleCandidate,PROMOTE/A:explicit-reference,informed-by,"HOLD for workbook correction (verb change, not a duplicate)",,
REL-01224,G1b-verb-change-risk,Produce Demand Forecast,Capture Product Demand Requirements,SoleCandidate,HOLD,informed-by,"HOLD for workbook correction (verb change, not a duplicate)",,
REL-01225,G1b-verb-change-risk,Produce Demand Forecast,Receive Demand Forecast,SoleCandidate,PROMOTE/A:explicit-reference,informed-by,"HOLD for workbook correction (verb change, not a duplicate)",,
REL-01230,G1b-verb-change-risk,Pricing Strategy Management,Sales Pricing Management,SoleCandidate,PROMOTE/A:explicit-reference,informed-by,"HOLD for workbook correction (verb change, not a duplicate)",,
REL-01233,G1b-verb-change-risk,Sales & Distribution Channel Design,Channel & Partner Management,SoleCandidate,PROMOTE/A:explicit-reference,informed-by,"HOLD for workbook correction (verb change, not a duplicate)",,
REL-01234,G1b-verb-change-risk,Sales & Distribution Channel Design,Network Design (Retail),SoleCandidate,PROMOTE/A:explicit-reference,informed-by,"HOLD for workbook correction (verb change, not a duplicate)",,
REL-01273,G1b-verb-change-risk,Marketing Communications Strategy,Marketing Communications Planning,SoleCandidate,PROMOTE/B:structural-nearness,informed-by,"HOLD for workbook correction (verb change, not a duplicate)",,
REL-01296,G1b-verb-change-risk,Marketing Communications Planning,Integrated Marketing Planning (Advertising),SoleCandidate,PROMOTE/B:structural-nearness,informed-by,"HOLD for workbook correction (verb change, not a duplicate)",,
REL-01315,G1b-verb-change-risk,Loyalty and Cards Management (Marketing),Customer Program Analysis,SoleCandidate,PROMOTE/B:structural-nearness,informed-by,"HOLD for workbook correction (verb change, not a duplicate)",,
