row_id,source,source_definition,verb,target,target_definition,same_parent_slug,sequence_evidence,evidence_tier,pipeline_emission_status,context_status,pipeline_note,Hamid_decision,Hamid_rationale,supersession,supersession
REL-00122,Review Production Wheel and Run Length,"Review and maintain the production wheel — the recurring sequence of product campaigns — and each campaign's run length, balancing transition losses and changeover costs against inventory, demand coverage, and unit const",enables,Create Production Scheduling and Sequencing Plan,"Build the dated production schedule and sequencing plan for the scheduling horizon — assigning campaigns, schedule-level unit commitments, blends, and movements to dates and sequences within the approved plan, the produc",CM-1-1-7-2,REL-00125 (follows: Create Production Scheduling and Sequencing Plan -> Review Production Wheel and Run Length),SoleCandidate,DROPPED / no separate triple; sequence fact already recorded — APPROVED (Hamid verdict),PROMOTE,G2: enables between same-parent siblings with a recorded precedes/follows link — disguised sequence. Proposed: no separate enables triple.,APPROVE / D:hamid-verdict / NoSeparateEnablesFact,"The source and target are same-parent sibling activities with an independently recorded precedes/follows relationship. The supplied definitions support workflow sequence, handoff, or prerequisite ordering, not a distinct capability-enablement relationship. Preserve the canonical sequence fact. Emit no core:enabledBy fact and do not remap the source assertion to another predicate.",,
REL-00129,Manage Production Schedule Exceptions,"Detect, assess, and resolve deviations from the production schedule — unit upsets, feed or quality surprises, outage changes, and demand shifts — deciding schedule responses, triggering rescheduling, and escalating devia",enables,Measure Production Scheduling Performance,"Measure and report how well execution followed the issued production schedule and how stable the schedule itself was — adherence, rescheduling frequency, and exception causes at agreed levels — feeding improvements back ",CM-1-1-7-2,REL-00131 (follows: Measure Production Scheduling Performance -> Manage Production Schedule Exceptions),SoleCandidate,ROW_LEVEL_APPROVED core:enabledBy (Hamid verdict; overrides G2 proposal),PROMOTE,G2: enables between same-parent siblings with a recorded precedes/follows link — disguised sequence. Proposed: no separate enables triple. EXCLUDED: row-level core:enables approval stands.,APPROVE / D:hamid-verdict / ExistingRowLevelApproval,A prior explicit row-level core:enabledBy verdict governs. G2's same-parent and sequence pattern is contextual evidence only and does not supersede the existing approval. Preserve the approved canonical fact and its original evidence/rationale.,"Superseded 2026-09-26 (G3-B5) under the nearness-only identity rule (Supersedes2026-09-25Review32Approval); now held, no fact","Superseded 2026-09-26 (G3-B5) under the nearness-only identity rule (Supersedes2026-09-25Review32Approval); now held, no fact"
REL-00135,Optimize Internal vs. External Energy Sources,"Decide the economically optimal mix of self-generated and externally purchased energy — fuel gas, fuel oil, steam, and power, including cogeneration versus grid supply — for the planning period, within reliability, contr",enables,Optimize Plant Energy Balance,"Establish and maintain planning and scheduling targets for the refinery's sitewide energy balance — such as expected steam, fuel-gas, power, and energy-recovery requirements — so production schedules reflect energy cost,",CM-1-1-7-3,REL-00137 (follows: Optimize Plant Energy Balance -> Optimize Internal vs. External Energy Sources),SoleCandidate,DROPPED / no separate triple; sequence fact already recorded — APPROVED (Hamid verdict),PROMOTE,G2: enables between same-parent siblings with a recorded precedes/follows link — disguised sequence. Proposed: no separate enables triple.,APPROVE / D:hamid-verdict / NoSeparateEnablesFact,"The source and target are same-parent sibling activities with an independently recorded precedes/follows relationship. The supplied definitions support workflow sequence, handoff, or prerequisite ordering, not a distinct capability-enablement relationship. Preserve the canonical sequence fact. Emit no core:enabledBy fact and do not remap the source assertion to another predicate.",,
REL-00174,Manage Existing Contract,"Maintain active agreements through their life — processing approved amendments, extensions, and renewals, keeping recorded terms synchronized with what the parties have agreed, and managing agreement documentation and ve",enables,Monitor Contracts,"Monitor active agreements against their terms — tracking obligations, commitments, expiries, renewal windows, and utilization against contracted volumes and service levels — surfacing issues to the responsible owners bef",CM-1-2-1-2,REL-00162 (follows: Monitor Contracts -> Manage Existing Contract),SoleCandidate,DROPPED / no separate triple; sequence fact already recorded — APPROVED (Hamid verdict),PROMOTE,G2: enables between same-parent siblings with a recorded precedes/follows link — disguised sequence. Proposed: no separate enables triple.,APPROVE / D:hamid-verdict / NoSeparateEnablesFact,"The source and target are same-parent sibling activities with an independently recorded precedes/follows relationship. The supplied definitions support workflow sequence, handoff, or prerequisite ordering, not a distinct capability-enablement relationship. Preserve the canonical sequence fact. Emit no core:enabledBy fact and do not remap the source assertion to another predicate.",,
REL-00216,Perform Counterparty Credit Reviews,"Assess a counterparty's creditworthiness — at onboarding, on a periodic cycle, and on trigger events — analyzing financial statements, ratings, ownership and support structures, payment behavior, and qualitative factors,",enables,Manage Credit Limits,"Establish, maintain, publish, and adjust credit limits for trading counterparties and counterparty groups — based on approved credit assessments, risk appetite, exposure methodology, and credit-support arrangements — adm",CM-1-2-2-1,REL-00219 (follows: Manage Credit Limits -> Perform Counterparty Credit Reviews),SoleCandidate,DROPPED / no separate triple; sequence fact already recorded — APPROVED (Hamid verdict),PROMOTE,G2: enables between same-parent siblings with a recorded precedes/follows link — disguised sequence. Proposed: no separate enables triple.,APPROVE / D:hamid-verdict / NoSeparateEnablesFact,"The source and target are same-parent sibling activities with an independently recorded precedes/follows relationship. The supplied definitions support workflow sequence, handoff, or prerequisite ordering, not a distinct capability-enablement relationship. Preserve the canonical sequence fact. Emit no core:enabledBy fact and do not remap the source assertion to another predicate.",,
REL-00375,Manage AR/AP & Actuals,"Record trading receivables, payables, and actuals in the accounting records — recording authorized settlement outcomes and validated invoices in AR/AP, posting actualized transaction values, monitoring open items and agi",enables,Manage Cash Application,"Apply cash receipts to open trading receivables — matching bank-reported receipts against invoices, settlement statements, and netting arrangements, investigating and coordinating resolution of unapplied, unidentified, s",CM-1-2-4-2,REL-00389 (follows: Manage Cash Application -> Manage AR/AP & Actuals),SoleCandidate,DROPPED / no separate triple; sequence fact already recorded — APPROVED (Hamid verdict),PROMOTE,G2: enables between same-parent siblings with a recorded precedes/follows link — disguised sequence. Proposed: no separate enables triple.,APPROVE / D:hamid-verdict / NoSeparateEnablesFact,"The source and target are same-parent sibling activities with an independently recorded precedes/follows relationship. The supplied definitions support workflow sequence, handoff, or prerequisite ordering, not a distinct capability-enablement relationship. Preserve the canonical sequence fact. Emit no core:enabledBy fact and do not remap the source assertion to another predicate.",,
REL-00698,Determine Channel Of Trade Mix,"Translate the approved channel-of-trade mix and channel-design outputs into the capabilities, processes, service models, role types, control requirements, technology needs, and organizational interfaces required to opera",enables,Develop Business Process Blueprint,"Develop the business process blueprint for the marketing operating model — the end-to-end processes, handoffs, and control points through which the marketing strategies and designs operate — at blueprint level, for the o",CM-1-3-3-6,REL-00690 (follows: Develop Business Process Blueprint -> Determine Channel Of Trade Mix),SoleCandidate,DROPPED / no separate triple; sequence fact already recorded — APPROVED (Hamid verdict),PROMOTE,G2: enables between same-parent siblings with a recorded precedes/follows link — disguised sequence. Proposed: no separate enables triple.,APPROVE / D:hamid-verdict / NoSeparateEnablesFact,"The source and target are same-parent sibling activities with an independently recorded precedes/follows relationship. The supplied definitions support workflow sequence, handoff, or prerequisite ordering, not a distinct capability-enablement relationship. Preserve the canonical sequence fact. Emit no core:enabledBy fact and do not remap the source assertion to another predicate.",,
REL-00727,Set up Intellectual Asset Framework,"Establish and maintain the intellectual-asset framework — asset categories, identification and disclosure procedures, ownership and decision-rights principles, and handling rules — operationalizing approved Legal IP poli",enables,Register Intellectual Property,"Coordinate the registration of registrable intellectual property — identifying registrable assets, preparing business input, and developing business recommendations for Legal-executed filings and maintenance — never fili",CM-1-3-4-4,REL-00729 (follows: Register Intellectual Property -> Set up Intellectual Asset Framework),SoleCandidate,DROPPED / no separate triple; sequence fact already recorded — APPROVED (Hamid verdict),PROMOTE,G2: enables between same-parent siblings with a recorded precedes/follows link — disguised sequence. Proposed: no separate enables triple.,APPROVE / D:hamid-verdict / NoSeparateEnablesFact,"The source and target are same-parent sibling activities with an independently recorded precedes/follows relationship. The supplied definitions support workflow sequence, handoff, or prerequisite ordering, not a distinct capability-enablement relationship. Preserve the canonical sequence fact. Emit no core:enabledBy fact and do not remap the source assertion to another predicate.",,
REL-00728,Set up Intellectual Asset Framework,"Establish and maintain the intellectual-asset framework — asset categories, identification and disclosure procedures, ownership and decision-rights principles, and handling rules — operationalizing approved Legal IP poli",enables,Protect Intellectual Assets,"Protect intellectual assets operationally — confidentiality and trade-secret practice, misuse monitoring, and coordination of enforcement through Legal — continuously, across everything the framework classifies as worth ",CM-1-3-4-4,REL-00734 (follows: Protect Intellectual Assets -> Set up Intellectual Asset Framework),SoleCandidate,ROW_LEVEL_APPROVED core:enabledBy (Hamid verdict; overrides G2 proposal),PROMOTE,G2: enables between same-parent siblings with a recorded precedes/follows link — disguised sequence. Proposed: no separate enables triple. EXCLUDED: row-level core:enables approval stands.,APPROVE / D:hamid-verdict / ExistingRowLevelApproval,A prior explicit row-level core:enabledBy verdict governs. G2's same-parent and sequence pattern is contextual evidence only and does not supersede the existing approval. Preserve the approved canonical fact and its original evidence/rationale.,"Superseded 2026-09-26 (G3-B5) under the nearness-only identity rule (Supersedes2026-09-25Review32Approval); now held, no fact","Superseded 2026-09-26 (G3-B5) under the nearness-only identity rule (Supersedes2026-09-25Review32Approval); now held, no fact"
REL-00731,Value Intellectual Assets,"Assess the commercial value of intellectual assets — their contribution, market relevance, and licensing potential — as decision evidence for protection, exploitation, and portfolio choices, without owning financial valu",enables,Exploit Intellectual Assets,"Exploit intellectual assets commercially — licensing out, brand and technology licensing arrangements, and contribution to products and partnerships — negotiating business terms within delegated authority while Legal dra",CM-1-3-4-4,REL-00736 (follows: Exploit Intellectual Assets -> Value Intellectual Assets),SoleCandidate,DROPPED / no separate triple; sequence fact already recorded — APPROVED (Hamid verdict),PROMOTE,G2: enables between same-parent siblings with a recorded precedes/follows link — disguised sequence. Proposed: no separate enables triple.,APPROVE / D:hamid-verdict / NoSeparateEnablesFact,"The source and target are same-parent sibling activities with an independently recorded precedes/follows relationship. The supplied definitions support workflow sequence, handoff, or prerequisite ordering, not a distinct capability-enablement relationship. Preserve the canonical sequence fact. Emit no core:enabledBy fact and do not remap the source assertion to another predicate.",,
REL-00955,Change or Cancel Order,"Process authenticated order change and cancellation requests: validate the request against the order's status and the applicable cutoff rules, re-run affected validations (price, credit, allocation, tax) for changes, app",enables,Manage Commercial Returns Authorization and Coordination (CM-1-3-7-3-6),"Manage commercial return authorization and coordination; it does not determine product disposition, direct hazardous-product transport, issue a credit memo, or authorize a refund. Validate return requests against policy ",CM-1-3-7-3,REL-00962 (follows: Manage Commercial Returns Authorization and Coordination -> Change or Cancel Order (CM-1-3-7-3-3)),ResolvedToConcept,DROPPED / no separate triple; sequence fact already recorded — APPROVED (Hamid verdict),,G2: enables between same-parent siblings with a recorded precedes/follows link — disguised sequence. Proposed: no separate enables triple.,APPROVE / D:hamid-verdict / NoSeparateEnablesFact,"The source and target are same-parent sibling activities with an independently recorded precedes/follows relationship. The supplied definitions support workflow sequence, handoff, or prerequisite ordering, not a distinct capability-enablement relationship. Preserve the canonical sequence fact. Emit no core:enabledBy fact and do not remap the source assertion to another predicate.",,
REL-00983,Perform KYC Due Diligence,"Execute know-your-customer due diligence: verify customer identity and legal existence, collect, verify, and maintain beneficial-ownership information where required by applicable policy, law, regulation, customer type, ",enables,Establish Credit Limit & Risk Code,"Decide customer-level credit: assess creditworthiness from KYC outcomes, financial statements, bureau data, payment history, parent support and credit-support instruments, and industry, geography, product, and channel ri",CM-1-3-7-4,REL-00968 (follows: Establish Credit Limit & Risk Code -> Perform KYC Due Diligence (CM-1-3-7-4-6)),SoleCandidate,DROPPED / no separate triple; sequence fact already recorded — APPROVED (Hamid verdict),PROMOTE,G2: enables between same-parent siblings with a recorded precedes/follows link — disguised sequence. Proposed: no separate enables triple.,APPROVE / D:hamid-verdict / NoSeparateEnablesFact,"The source and target are same-parent sibling activities with an independently recorded precedes/follows relationship. The supplied definitions support workflow sequence, handoff, or prerequisite ordering, not a distinct capability-enablement relationship. Preserve the canonical sequence fact. Emit no core:enabledBy fact and do not remap the source assertion to another predicate.",,
REL-00992,Process Inquiries and Requests,"Work each customer request or inquiry to resolution: answer directly what governed data and approved content can answer — status, information, and documentation requests — route the substance of everything else to its ow",enables,Perform Customer Follow-Up (CM-1-3-7-5-4),"Follow up resolved cases with the customer: confirm the resolution held, verify commitments made during resolution were met, capture satisfaction and residual issues, and reopen or re-route where resolution failed.",CM-1-3-7-5,REL-00993 (follows: Perform Customer Follow-Up -> Process Inquiries and Requests),ResolvedToConcept,DROPPED / no separate triple; sequence fact already recorded — APPROVED (Hamid verdict),,G2: enables between same-parent siblings with a recorded precedes/follows link — disguised sequence. Proposed: no separate enables triple.,APPROVE / D:hamid-verdict / NoSeparateEnablesFact,"The source and target are same-parent sibling activities with an independently recorded precedes/follows relationship. The supplied definitions support workflow sequence, handoff, or prerequisite ordering, not a distinct capability-enablement relationship. Preserve the canonical sequence fact. Emit no core:enabledBy fact and do not remap the source assertion to another predicate.",,
REL-01024,Apply Receipts,"Apply staged receipts against open governed receivables daily: match on remittance evidence and approved application rules, apply exact matches, resolve tolerable differences per approved tolerance rules, route short-pay",enables,Manage Unapplied Receipts and Exceptions (CM-1-3-8-2-4),"Own the exception state for cash that cannot be applied: research unidentified and unapplied receipts, contact customers through the service channels, resolve each item within policy time bounds — application, refund req",CM-1-3-8-2,REL-01026 (follows: Manage Unapplied Receipts and Exceptions -> Apply Receipts),ResolvedToConcept,DROPPED / no separate triple; sequence fact already recorded — APPROVED (Hamid verdict),,G2: enables between same-parent siblings with a recorded precedes/follows link — disguised sequence. Proposed: no separate enables triple.,APPROVE / D:hamid-verdict / NoSeparateEnablesFact,"The source and target are same-parent sibling activities with an independently recorded precedes/follows relationship. The supplied definitions support workflow sequence, handoff, or prerequisite ordering, not a distinct capability-enablement relationship. Preserve the canonical sequence fact. Emit no core:enabledBy fact and do not remap the source assertion to another predicate.",,
REL-01090,Manage Customer Interactions in Service Delivery,"Manage the customer interaction during service delivery: identify and verify the customer per the Security-defined controls, set expectations from confirmed information, keep the customer informed through service notices",enables,Fulfill Service Events (CM-1-3-9-2-3),"Fulfill individual service events end to end: receive the routed event with its case linkage, verify entitlement from governed delivery data, execute the service work per the applicable agreement and procedures, capture ",CM-1-3-9-2,REL-01091 (follows: Fulfill Service Events -> Manage Customer Interactions in Service Delivery (CM-1-3-9-2-2)),ResolvedToConcept,DROPPED / no separate triple; sequence fact already recorded — APPROVED (Hamid verdict),,G2: enables between same-parent siblings with a recorded precedes/follows link — disguised sequence. Proposed: no separate enables triple.,APPROVE / D:hamid-verdict / NoSeparateEnablesFact,"The source and target are same-parent sibling activities with an independently recorded precedes/follows relationship. The supplied definitions support workflow sequence, handoff, or prerequisite ordering, not a distinct capability-enablement relationship. Preserve the canonical sequence fact. Emit no core:enabledBy fact and do not remap the source assertion to another predicate.",,
