row_id,verb,source_slug,target_slug,explicit_reference_found,two_way,branch
REL-00001,precedes,CM-1-1-1-1-1,CM-1-1-1-1-2,no,yes:REL-00003:follows:emitting,sibling
REL-00003,follows,CM-1-1-1-1-2,CM-1-1-1-1-1,no,yes:REL-00001:precedes:emitting,sibling
REL-00004,precedes,CM-1-1-1-1-2,CM-1-1-1-1-3,no,yes:REL-00005:follows:emitting,sibling
REL-00005,follows,CM-1-1-1-1-3,CM-1-1-1-1-2,no,yes:REL-00004:precedes:emitting,sibling
REL-00006,precedes,CM-1-1-1-1-3,CM-1-1-1-1-4,no,yes:REL-00007:follows:emitting,sibling
REL-00007,follows,CM-1-1-1-1-4,CM-1-1-1-1-3,no,yes:REL-00006:precedes:emitting,sibling
REL-00008,precedes,CM-1-1-1-1-4,CM-1-1-2,no,no,shared-l3
REL-00010,enables,CM-1-1-1-1-4,CM-1-2-1-1-2,no,no,shared-l2
REL-00011,follows,CM-1-1-1-1-5,CM-1-1-1-1-4,no,no,sibling
REL-00012,uses-input,CM-1-1-1-1-5,CM-1-1-1-1-3,no,no,sibling
REL-00029,informed-by,CM-1-1-3-5-1,CM-1-1-2,no,no,shared-l3
REL-00030,uses-input,CM-1-1-3-5-1,CM-1-1-3-7-9,no,no,shared-l3
REL-00031,precedes,CM-1-1-3-5-1,CM-1-1-3-6-1,no,yes:REL-00033:follows:emitting,shared-l3
REL-00033,follows,CM-1-1-3-6-1,CM-1-1-3-5-1,no,yes:REL-00031:precedes:emitting,shared-l3
REL-00035,follows,CM-1-1-3-6-2,CM-1-1-3-6-1,no,yes:REL-00034:precedes:emitting,sibling
REL-00036,precedes,CM-1-1-3-6-2,CM-1-1-3-6-3,no,yes:REL-00037:follows:emitting,sibling
REL-00039,precedes,CM-1-1-3-6-3,CM-1-1-3-6-4,no,yes:REL-00040:follows:emitting,sibling
REL-00040,follows,CM-1-1-3-6-4,CM-1-1-3-6-3,no,yes:REL-00039:precedes:emitting,sibling
REL-00045,informed-by,CM-1-1-3-7-10,CM-1-1-3-7-3,no,no,sibling
REL-00047,uses-input,CM-1-1-3-7-11,CM-1-1-3-7-4,no,no,sibling
REL-00048,uses-input,CM-1-1-3-7-12,CM-1-1-3-7-4,no,no,sibling
REL-00049,triggers,CM-1-1-3-7-12,CM-1-1-3-7-9,no,no,sibling
REL-00050,governed-by,CM-1-1-3-7-12,CM-1-1-3-7-3,no,no,sibling
REL-00051,informed-by,CM-1-1-3-7-2,CM-1-1-4,no,no,shared-l3
REL-00056,precedes,CM-1-1-3-7-4,CM-1-1-3-7-5,no,yes:REL-00058:follows:emitting,sibling
REL-00058,follows,CM-1-1-3-7-5,CM-1-1-3-7-4,no,yes:REL-00056:precedes:emitting,sibling
REL-00062,informed-by,CM-1-1-3-7-6,CM-1-1-3-7-3,no,no,sibling
REL-00064,uses-input,CM-1-1-3-7-7,CM-1-1-3-7-4,no,no,sibling
REL-00066,uses-input,CM-1-1-3-7-8,CM-1-1-3-7-4,no,no,sibling
REL-00067,governed-by,CM-1-1-3-7-9,CM-1-1-3-7-3,no,no,sibling
REL-00068,precedes,CM-1-1-3-7-9,CM-1-1-3-6,no,no,shared-l3
REL-00069,informed-by,CM-1-1-3-7-9,CM-1-1-2-13,no,no,shared-l3
REL-00070,precedes,CM-1-1-3-8-1,CM-1-1-3-8-2,no,yes:REL-00072:follows:emitting,sibling
REL-00072,follows,CM-1-1-3-8-2,CM-1-1-3-8-1,no,yes:REL-00070:precedes:emitting,sibling
REL-00073,precedes,CM-1-1-3-8-2,CM-1-1-3-8-4,no,yes:REL-00076:follows:emitting,sibling
REL-00076,follows,CM-1-1-3-8-4,CM-1-1-3-8-2,no,yes:REL-00073:precedes:emitting,sibling
REL-00082,informed-by,CM-1-1-4-7-1,CM-1-2-6-2,no,no,shared-l2
REL-00083,precedes,CM-1-1-4-7-1,CM-1-1-4-7-8,no,no,sibling
REL-00085,uses-input,CM-1-1-4-7-2,CM-1-1-4-7-3,no,no,sibling
REL-00086,uses-input,CM-1-1-4-7-2,CM-1-1-4-7-4,no,no,sibling
REL-00087,constrained-by,CM-1-1-4-7-2,CM-1-1-4-7-5,yes,no,sibling
REL-00089,enables,CM-1-1-4-7-3,CM-1-1-4-7-2,no,no,sibling
REL-00090,informed-by,CM-1-1-4-7-3,CM-1-2,no,no,shared-l2
REL-00091,constrained-by,CM-1-1-4-7-3,CM-1-1-4-7-5,yes,no,sibling
REL-00093,enables,CM-1-1-4-7-4,CM-1-1-4-7-2,no,no,sibling
REL-00099,constrains,CM-1-1-4-7-5,CM-1-1-4-7-8,yes,no,sibling
REL-00101,uses-input,CM-1-1-4-7-6,CM-1-1-2-13,no,no,shared-l3
REL-00102,informed-by,CM-1-1-4-7-6,CM-1-1-3-7-4,no,no,shared-l3
REL-00105,informed-by,CM-1-1-4-7-7,CM-1-1-4-7-8,no,no,sibling
REL-00106,governed-by,CM-1-1-4-7-7,CM-1-1-4,no,no,ancestor-descendant
REL-00110,uses-input,CM-1-1-4-7-8,CM-1-1-4-7-1,no,no,sibling
REL-00111,uses-input,CM-1-1-4-7-8,CM-1-1-4-7-5,no,no,sibling
REL-00112,precedes,CM-1-1-4-7-8,CM-1-1-4,no,no,ancestor-descendant
REL-00114,informed-by,CM-1-1-7-1-1,CM-1-1-7-2-4,no,no,shared-l3
REL-00116,informed-by,CM-1-1-7-1-2,CM-1-1-7-2-6,no,no,shared-l3
REL-00117,uses-input,CM-1-1-7-1-3,CM-1-1-3-7-4,no,no,shared-l3
REL-00120,enables,CM-1-1-7-2-1,CM-1-1-7-2-3,no,no,sibling
REL-00122,enables,CM-1-1-7-2-2,CM-1-1-7-2-3,no,no,sibling
REL-00124,uses-input,CM-1-1-7-2-3,CM-1-1-7-2-1,no,no,sibling
REL-00125,follows,CM-1-1-7-2-3,CM-1-1-7-2-2,no,no,sibling
REL-00127,triggers,CM-1-1-7-2-4,CM-1-1-7-2-3,no,no,sibling
REL-00128,informed-by,CM-1-1-7-2-4,CM-1-1-7-1,no,no,shared-l3
REL-00130,uses-input,CM-1-1-7-2-5,CM-1-1-7-1-3,no,no,shared-l3
REL-00131,follows,CM-1-1-7-2-5,CM-1-1-7-2-4,no,no,sibling
REL-00134,informed-by,CM-1-1-7-2-6,CM-1-1-4,no,no,shared-l3
REL-00135,enables,CM-1-1-7-3-1,CM-1-1-7-3-2,no,no,sibling
REL-00137,follows,CM-1-1-7-3-2,CM-1-1-7-3-1,no,no,sibling
REL-00139,informed-by,CM-1-1-7-3-3,CM-1-1-7-2,no,no,shared-l3
REL-00141,informed-by,CM-1-2-1-1-1,CM-1-1-4,no,no,shared-l2
REL-00143,enables,CM-1-2-1-1-1,CM-1-2-1-1-4,no,no,sibling
REL-00145,uses-input,CM-1-2-1-1-2,CM-1-1-1-1-4,no,no,shared-l2
REL-00146,enables,CM-1-2-1-1-2,CM-1-2-1-1-4,no,no,sibling
REL-00147,uses-input,CM-1-2-1-1-3,CM-1-2-1-1-1,no,no,sibling
REL-00149,precedes,CM-1-2-1-1-3,CM-1-2-3-1-7,no,no,shared-l3
REL-00150,uses-input,CM-1-2-1-1-4,CM-1-2-1-1-1,no,no,sibling
REL-00151,uses-input,CM-1-2-1-1-4,CM-1-2-1-1-2,no,no,sibling
REL-00153,uses-input,CM-1-2-1-1-5,CM-1-2-1-1-4,no,no,sibling
REL-00154,enables,CM-1-2-1-1-5,CM-1-2-1-4,no,no,shared-l3
REL-00157,precedes,CM-1-2-1-2-1,CM-1-2-1-2-5,no,yes:REL-00171:follows:emitting,sibling
REL-00158,requires,CM-1-2-1-2-1,CM-1-2-2-1-1,no,no,shared-l3
REL-00159,follows,CM-1-2-1-2-10,CM-1-2-7-1-3,no,yes:REL-00495:precedes:emitting,shared-l3
REL-00162,follows,CM-1-2-1-2-11,CM-1-2-1-2-6,no,no,sibling
REL-00163,triggers,CM-1-2-1-2-11,CM-1-2-1-2-6,no,no,sibling
REL-00165,follows,CM-1-2-1-2-2,CM-1-2-1-2-1,no,no,sibling
REL-00167,follows,CM-1-2-1-2-3,CM-1-2-1-2-2,no,no,sibling
REL-00168,requires,CM-1-2-1-2-3,CM-1-2-2-1-3,no,no,shared-l3
REL-00169,triggers,CM-1-2-1-2-4,CM-1-2-1-2-3,no,no,sibling
REL-00170,triggers,CM-1-2-1-2-4,CM-1-2-1-2-7,no,no,sibling
REL-00171,follows,CM-1-2-1-2-5,CM-1-2-1-2-1,no,yes:REL-00157:precedes:emitting,sibling
REL-00173,follows,CM-1-2-1-2-6,CM-1-2-1-2-5,no,no,sibling
REL-00174,enables,CM-1-2-1-2-6,CM-1-2-1-2-11,no,no,sibling
REL-00175,follows,CM-1-2-1-2-7,CM-1-2-1-2-6,no,no,sibling
REL-00181,uses-input,CM-1-2-1-3-1,CM-1-2-1-1-4,no,no,shared-l3
REL-00182,precedes,CM-1-2-1-3-1,CM-1-2-1-3-2,no,yes:REL-00189:follows:emitting,sibling
REL-00183,follows,CM-1-2-1-3-10,CM-1-2-1-3-7,no,yes:REL-00205:precedes:emitting,sibling
REL-00184,precedes,CM-1-2-1-3-10,CM-1-2-2-2-4,no,no,shared-l3
REL-00185,governed-by,CM-1-2-1-3-10,CM-1-2-4-3,no,no,shared-l3
REL-00186,follows,CM-1-2-1-3-11,CM-1-2-1-3-2,no,no,sibling
REL-00187,informed-by,CM-1-2-1-3-11,CM-1-2-1-1-6,no,no,shared-l3
REL-00188,precedes,CM-1-2-1-3-11,CM-1-2-4-1-15,no,no,shared-l3
REL-00189,follows,CM-1-2-1-3-2,CM-1-2-1-3-1,no,yes:REL-00182:precedes:emitting,sibling
REL-00190,governed-by,CM-1-2-1-3-2,CM-1-2-2-3,yes,no,shared-l3
REL-00191,precedes,CM-1-2-1-3-2,CM-1-2-1-3-3,no,yes:REL-00192:follows:emitting,sibling
REL-00192,follows,CM-1-2-1-3-3,CM-1-2-1-3-2,no,yes:REL-00191:precedes:emitting,sibling
REL-00193,precedes,CM-1-2-1-3-3,CM-1-2-2-2,no,no,shared-l3
REL-00195,follows,CM-1-2-1-3-4,CM-1-2-1-3-2,no,no,sibling
REL-00197,precedes,CM-1-2-1-3-4,CM-1-2-4-1-3,no,yes:REL-00342:follows:emitting,shared-l3
REL-00198,follows,CM-1-2-1-3-5,CM-1-2-1-3-2,no,no,sibling
REL-00200,precedes,CM-1-2-1-3-5,CM-1-2-4-1-14,no,no,shared-l3
REL-00201,follows,CM-1-2-1-3-6,CM-1-2-1-3-2,no,no,sibling
REL-00202,informed-by,CM-1-2-1-3-6,CM-1-2-1-1-3,no,no,shared-l3
REL-00203,precedes,CM-1-2-1-3-6,CM-1-2-3-1-7,no,yes:REL-00309:follows:emitting,shared-l3
REL-00204,follows,CM-1-2-1-3-7,CM-1-2-1-3-2,no,no,sibling
REL-00205,precedes,CM-1-2-1-3-7,CM-1-2-1-3-10,no,yes:REL-00183:follows:emitting,sibling
REL-00206,precedes,CM-1-2-1-3-7,CM-1-2-2-2,no,no,shared-l3
REL-00207,follows,CM-1-2-1-3-8,CM-1-2-1-3-2,no,no,sibling
REL-00209,precedes,CM-1-2-1-3-8,CM-1-2-2-2,no,no,shared-l3
REL-00210,follows,CM-1-2-1-3-9,CM-1-2-1-3-2,no,no,sibling
REL-00212,precedes,CM-1-2-1-3-9,CM-1-2-4-1-12,no,no,shared-l3
REL-00213,uses-input,CM-1-2-1-4,CM-1-2-1-1-5,no,no,shared-l3
REL-00214,uses-input,CM-1-2-1-4,CM-1-2-1-1-4,no,no,shared-l3
REL-00215,governed-by,CM-1-2-1-4,CM-1-2-2-3,no,no,shared-l3
REL-00216,enables,CM-1-2-2-1-1,CM-1-2-2-1-2,no,no,sibling
REL-00218,informed-by,CM-1-2-2-1-1,CM-1-2-2-1-7,no,no,sibling
REL-00219,follows,CM-1-2-2-1-2,CM-1-2-2-1-1,no,no,sibling
REL-00222,uses-input,CM-1-2-2-1-3,CM-1-2-2-1-4,no,no,sibling
REL-00224,informed-by,CM-1-2-2-1-3,CM-1-2-1-2,no,no,shared-l3
REL-00225,uses-input,CM-1-2-2-1-4,CM-1-2-2-3-15,no,no,shared-l3
REL-00227,enables,CM-1-2-2-1-4,CM-1-2-2-1-3,no,no,sibling
REL-00228,follows,CM-1-2-2-1-5,CM-1-2-1-3-4,no,no,shared-l3
REL-00229,uses-input,CM-1-2-2-1-5,CM-1-2-2-1-4,no,no,sibling
REL-00230,precedes,CM-1-2-2-1-5,CM-1-2-4-1-16,no,no,shared-l3
REL-00231,uses-input,CM-1-2-2-1-6,CM-1-2-2-1-4,no,no,sibling
REL-00233,enables,CM-1-2-2-1-6,CM-1-2-2-1-8,no,no,sibling
REL-00234,uses-input,CM-1-2-2-1-7,CM-1-2-2-1-4,no,no,sibling
REL-00235,triggers,CM-1-2-2-1-7,CM-1-2-2-1-1,no,no,sibling
REL-00236,triggers,CM-1-2-2-1-7,CM-1-2-2-1-2,no,no,sibling
REL-00237,uses-input,CM-1-2-2-1-8,CM-1-2-2-1-7,no,no,sibling
REL-00238,uses-input,CM-1-2-2-1-8,CM-1-2-2-1-6,no,no,sibling
REL-00240,follows,CM-1-2-2-2-1,CM-1-2-1-3,no,no,shared-l3
REL-00241,precedes,CM-1-2-2-2-1,CM-1-2-2-2-5,no,yes:REL-00251:follows:emitting,sibling
REL-00242,uses-input,CM-1-2-2-2-1,CM-1-2-2-2-2,no,no,sibling
REL-00244,informed-by,CM-1-2-2-2-2,CM-1-2-1-2,no,no,shared-l3
REL-00245,follows,CM-1-2-2-2-3,CM-1-2-2-2-1,no,no,sibling
REL-00246,triggers,CM-1-2-2-2-3,CM-1-2-2-2-4,no,no,sibling
REL-00247,requires,CM-1-2-2-2-3,CM-1-2-1-3,yes,no,shared-l3
REL-00248,informed-by,CM-1-2-2-2-4,CM-1-2-1-3-10,no,no,shared-l3
REL-00249,informed-by,CM-1-2-2-2-4,CM-1-2-2-2-3,no,no,sibling
REL-00250,governed-by,CM-1-2-2-2-4,CM-1-2-4-3,no,no,shared-l3
REL-00251,follows,CM-1-2-2-2-5,CM-1-2-2-2-1,no,yes:REL-00241:precedes:emitting,sibling
REL-00252,triggers,CM-1-2-2-2-5,CM-1-2-2-2-3,no,no,sibling
REL-00256,uses-input,CM-1-2-2-3-10,CM-1-2-2-3-2,no,no,sibling
REL-00258,uses-input,CM-1-2-2-3-11,CM-1-2-2-3-7,no,no,sibling
REL-00261,uses-input,CM-1-2-2-3-12,CM-1-2-2-3-7,no,no,sibling
REL-00264,uses-input,CM-1-2-2-3-13,CM-1-2-2-3-8,no,no,sibling
REL-00267,enables,CM-1-2-2-3-14,CM-1-2-2-3-15,no,no,sibling
REL-00268,enables,CM-1-2-2-3-14,CM-1-2-2-3-7,no,no,sibling
REL-00269,uses-input,CM-1-2-2-3-15,CM-1-2-2-3-3,no,no,sibling
REL-00270,uses-input,CM-1-2-2-3-15,CM-1-2-2-3-14,no,no,sibling
REL-00275,enables,CM-1-2-2-3-3,CM-1-2-2-3-15,no,no,sibling
REL-00277,enables,CM-1-2-2-3-3,CM-1-2-2-3-7,no,no,sibling
REL-00278,uses-input,CM-1-2-2-3-4,CM-1-2-2-3-3,no,no,sibling
REL-00279,uses-input,CM-1-2-2-3-4,CM-1-2-2-3-15,no,no,sibling
REL-00280,precedes,CM-1-2-2-3-4,CM-1-2-2-3-5,no,yes:REL-00281:follows:emitting,sibling
REL-00281,follows,CM-1-2-2-3-5,CM-1-2-2-3-4,no,yes:REL-00280:precedes:emitting,sibling
REL-00286,informed-by,CM-1-2-2-3-6,CM-1-2-2-3-7,no,no,sibling
REL-00287,uses-input,CM-1-2-2-3-7,CM-1-2-2-3-3,no,no,sibling
REL-00288,uses-input,CM-1-2-2-3-7,CM-1-2-2-3-14,no,no,sibling
REL-00289,enables,CM-1-2-2-3-7,CM-1-2-2-3-8,no,no,sibling
REL-00290,uses-input,CM-1-2-2-3-8,CM-1-2-2-3-7,no,no,sibling
REL-00291,triggers,CM-1-2-2-3-8,CM-1-2-2-3-6,no,no,sibling
REL-00292,enables,CM-1-2-2-3-8,CM-1-2-2-3-13,no,no,sibling
REL-00293,uses-input,CM-1-2-2-3-9,CM-1-2-2-3-15,no,no,sibling
REL-00295,enables,CM-1-2-2-3-9,CM-1-2-2-3-13,no,no,sibling
REL-00296,precedes,CM-1-2-3-1-1,CM-1-2-4-1-12,no,yes:REL-00322:follows:emitting,shared-l3
REL-00298,precedes,CM-1-2-3-1-2,CM-1-2-4-1-4,no,yes:REL-00345:follows:emitting,shared-l3
REL-00300,precedes,CM-1-2-3-1-3,CM-1-2-4-1-13,no,yes:REL-00324:follows:emitting,shared-l3
REL-00302,precedes,CM-1-2-3-1-4,CM-1-2-4-1-5,no,yes:REL-00347:follows:emitting,shared-l3
REL-00305,precedes,CM-1-2-3-1-5,CM-1-2-4-1-14,no,yes:REL-00326:follows:emitting,shared-l3
REL-00306,follows,CM-1-2-3-1-5,CM-1-2-1-3-5,no,no,shared-l3
REL-00307,follows,CM-1-2-3-1-6,CM-1-2-1-2-8,no,no,shared-l3
REL-00308,precedes,CM-1-2-3-1-6,CM-1-2-4-1-6,no,yes:REL-00349:follows:emitting,shared-l3
REL-00309,follows,CM-1-2-3-1-7,CM-1-2-1-3-6,no,yes:REL-00203:precedes:emitting,shared-l3
REL-00310,informed-by,CM-1-2-3-1-7,CM-1-2-1-1-3,no,no,shared-l3
REL-00313,informed-by,CM-1-2-3-1-8,CM-1-2-2-2-5,no,no,shared-l3
REL-00319,follows,CM-1-2-4-1-11,CM-1-2-1-3-7,no,no,shared-l3
REL-00320,informed-by,CM-1-2-4-1-11,CM-1-2-2-2,no,no,shared-l3
REL-00322,follows,CM-1-2-4-1-12,CM-1-2-3-1-1,no,yes:REL-00296:precedes:emitting,shared-l3
REL-00324,follows,CM-1-2-4-1-13,CM-1-2-3-1-3,no,yes:REL-00300:precedes:emitting,shared-l3
REL-00326,follows,CM-1-2-4-1-14,CM-1-2-3-1-5,no,yes:REL-00305:precedes:emitting,shared-l3
REL-00330,follows,CM-1-2-4-1-16,CM-1-2-4-1-3,no,yes:REL-00344:precedes:emitting,sibling
REL-00331,informed-by,CM-1-2-4-1-16,CM-1-2-2-1-5,no,no,shared-l3
REL-00334,informed-by,CM-1-2-4-1-17,CM-1-2-3-1-8,no,no,shared-l3
REL-00335,informed-by,CM-1-2-4-1-17,CM-1-2-2-2-5,no,no,shared-l3
REL-00342,follows,CM-1-2-4-1-3,CM-1-2-1-3-4,no,yes:REL-00197:precedes:emitting,shared-l3
REL-00343,informed-by,CM-1-2-4-1-3,CM-1-2-2-1-5,no,no,shared-l3
REL-00344,precedes,CM-1-2-4-1-3,CM-1-2-4-1-16,no,yes:REL-00330:follows:emitting,sibling
REL-00345,follows,CM-1-2-4-1-4,CM-1-2-3-1-2,no,yes:REL-00298:precedes:emitting,shared-l3
REL-00347,follows,CM-1-2-4-1-5,CM-1-2-3-1-4,no,yes:REL-00302:precedes:emitting,shared-l3
REL-00349,follows,CM-1-2-4-1-6,CM-1-2-3-1-6,no,yes:REL-00308:precedes:emitting,shared-l3
REL-00350,precedes,CM-1-2-4-1-6,CM-1-2-4-2-3,no,yes:REL-00372:follows:emitting,shared-l3
REL-00351,follows,CM-1-2-4-1-7,CM-1-2-1-3-11,no,no,shared-l3
REL-00353,follows,CM-1-2-4-1-8,CM-1-2-3-1-7,no,yes:REL-00311:precedes:emitting,shared-l3
REL-00356,informed-by,CM-1-2-4-1-9,CM-1-2-2-2-2,no,no,shared-l3
REL-00357,informed-by,CM-1-2-4-2-1,CM-1-2-1-3,no,no,shared-l3
REL-00358,enables,CM-1-2-4-2-1,CM-1-2-4-2-5,no,no,sibling
REL-00361,uses-input,CM-1-2-4-2-10,CM-1-2-4-1,no,no,shared-l3
REL-00368,informed-by,CM-1-2-4-2-12,CM-1-2-1-3,no,no,shared-l3
REL-00369,uses-input,CM-1-2-4-2-2,CM-1-1-7-1-3,no,no,shared-l2
REL-00370,uses-input,CM-1-2-4-2-2,CM-1-1-3-7-5,no,no,shared-l2
REL-00372,follows,CM-1-2-4-2-3,CM-1-2-4-1-6,no,yes:REL-00350:precedes:emitting,shared-l3
REL-00373,uses-input,CM-1-2-4-2-3,CM-1-2-1-2-8,no,no,shared-l3
REL-00374,follows,CM-1-2-4-2-4,CM-1-2-4-1,no,no,shared-l3
REL-00375,enables,CM-1-2-4-2-4,CM-1-2-4-2-9,no,no,sibling
REL-00376,enables,CM-1-2-4-2-4,CM-1-2-4-2-5,no,no,sibling
REL-00377,uses-input,CM-1-2-4-2-5,CM-1-2-4-2-4,no,no,sibling
REL-00378,uses-input,CM-1-2-4-2-5,CM-1-2-4-2-1,no,no,sibling
REL-00380,uses-input,CM-1-2-4-2-6,CM-1-2-2-3-5,no,no,shared-l3
REL-00381,uses-input,CM-1-2-4-2-6,CM-1-2-4-2-5,no,no,sibling
REL-00382,informed-by,CM-1-2-4-2-6,CM-1-2-4-2-1,no,no,sibling
REL-00384,uses-input,CM-1-2-4-2-7,CM-1-2-4-2-5,no,no,sibling
REL-00388,informed-by,CM-1-2-4-2-8,CM-1-2-2-3-1,no,no,shared-l3
REL-00389,follows,CM-1-2-4-2-9,CM-1-2-4-2-4,no,no,sibling
REL-00390,uses-input,CM-1-2-4-2-9,CM-1-2-4-1,no,no,shared-l3
REL-00394,governed-by,CM-1-2-4-3-2,CM-1-2-4-3-1,no,no,sibling
REL-00395,informed-by,CM-1-2-4-3-2,CM-1-2-1-3,no,no,shared-l3
REL-00396,triggers,CM-1-2-4-3-2,CM-1-2-4-3-7,yes,no,sibling
REL-00397,governed-by,CM-1-2-4-3-3,CM-1-2-4-3-1,no,no,sibling
REL-00398,triggers,CM-1-2-4-3-3,CM-1-2-4-3-7,no,no,sibling
REL-00399,governed-by,CM-1-2-4-3-4,CM-1-2-4-3-1,no,no,sibling
REL-00400,triggers,CM-1-2-4-3-4,CM-1-2-4-3-7,no,no,sibling
REL-00401,assures,CM-1-2-4-3-5,CM-1-2-4-2-11,yes,no,shared-l3
REL-00402,informed-by,CM-1-2-4-3-5,CM-1-2-4-3-1,no,no,sibling
REL-00403,triggers,CM-1-2-4-3-5,CM-1-2-4-3-7,no,no,sibling
REL-00404,uses-input,CM-1-2-4-3-6,CM-1-2-3-1-7,no,no,shared-l3
REL-00406,governed-by,CM-1-2-4-3-6,CM-1-2-4-3-1,no,no,sibling
REL-00407,follows,CM-1-2-4-3-7,CM-1-2-4-3-2,no,no,sibling
REL-00408,follows,CM-1-2-4-3-7,CM-1-2-4-3-4,no,no,sibling
REL-00410,uses-input,CM-1-2-4-4-1,CM-1-2-3-1-4,no,no,shared-l3
REL-00412,follows,CM-1-2-4-4-2,CM-1-2-4-4-1,no,yes:REL-00411:precedes:emitting,sibling
REL-00415,uses-input,CM-1-2-4-4-3,CM-1-2-1-2-9,no,no,shared-l3
REL-00418,informed-by,CM-1-2-4-4-4,CM-1-2-3-1-4,no,no,shared-l3
REL-00424,precedes,CM-1-2-4-4-7,CM-1-2-4-2-4,no,no,shared-l3
REL-00426,precedes,CM-1-2-4-4-8,CM-1-2-4-2-4,no,no,shared-l3
REL-00427,enables,CM-1-2-5-1-1,CM-1-2-5-1-2,no,no,sibling
REL-00429,uses-input,CM-1-2-5-1-1,CM-1-2-3-1-4,no,no,shared-l3
REL-00432,informed-by,CM-1-2-5-1-2,CM-1-1-4,no,no,shared-l2
REL-00434,informed-by,CM-1-2-5-1-3,CM-1-1-4-7-2,no,no,shared-l2
REL-00438,informed-by,CM-1-2-5-1-4,CM-1-2-5-1-3,no,no,sibling
REL-00439,follows,CM-1-2-5-2-1,CM-1-2-5-2-2,no,yes:REL-00444:precedes:emitting,sibling
REL-00441,precedes,CM-1-2-5-2-1,CM-1-2-5-3-1,no,yes:REL-00448:follows:emitting,shared-l3
REL-00442,uses-input,CM-1-2-5-2-2,CM-1-1-4,no,no,shared-l2
REL-00443,uses-input,CM-1-2-5-2-2,CM-1-2-5-4-2,no,no,shared-l3
REL-00444,precedes,CM-1-2-5-2-2,CM-1-2-5-2-1,no,yes:REL-00439:follows:emitting,sibling
REL-00446,uses-input,CM-1-2-5-2-3,CM-1-2-5-2-2,no,no,sibling
REL-00447,uses-input,CM-1-2-5-2-3,CM-1-2-5-1-4,no,no,shared-l3
REL-00448,follows,CM-1-2-5-3-1,CM-1-2-5-2-1,no,yes:REL-00441:precedes:emitting,shared-l3
REL-00449,precedes,CM-1-2-5-3-1,CM-1-2-5-3-2,no,yes:REL-00451:follows:emitting,sibling
REL-00450,uses-input,CM-1-2-5-3-1,CM-1-2-1-2-9,no,no,shared-l3
REL-00451,follows,CM-1-2-5-3-2,CM-1-2-5-3-1,no,yes:REL-00449:precedes:emitting,sibling
REL-00452,precedes,CM-1-2-5-3-2,CM-1-2-5-3-3,no,yes:REL-00454:follows:emitting,sibling
REL-00453,informed-by,CM-1-2-5-3-2,CM-1-1-7-2,no,no,shared-l2
REL-00454,follows,CM-1-2-5-3-3,CM-1-2-5-3-2,no,yes:REL-00452:precedes:emitting,sibling
REL-00456,informed-by,CM-1-2-5-3-3,CM-1-2-5-4-2,no,no,shared-l3
REL-00457,uses-input,CM-1-2-5-4-1,CM-1-2-5-4-2,no,no,sibling
REL-00459,informed-by,CM-1-2-5-4-1,CM-1-2-2-3,no,no,shared-l3
REL-00460,enables,CM-1-2-5-4-2,CM-1-2-5-2-2,no,no,shared-l3
REL-00461,enables,CM-1-2-5-4-2,CM-1-2-5-4-1,no,no,sibling
REL-00462,informed-by,CM-1-2-5-4-2,CM-1-2-5-3,no,no,shared-l3
REL-00463,enables,CM-1-2-6-1-1,CM-1-2-6-1-2,no,no,sibling
REL-00464,enables,CM-1-2-6-1-1,CM-1-2-6-1-3,no,no,sibling
REL-00465,uses-input,CM-1-2-6-1-2,CM-1-2-6-1-1,no,no,sibling
REL-00467,informed-by,CM-1-2-6-1-2,CM-1-2-6-1-3,no,no,sibling
REL-00468,uses-input,CM-1-2-6-1-3,CM-1-2-6-1-1,no,no,sibling
REL-00470,uses-input,CM-1-2-6-1-3,CM-1-2-4-2,no,no,shared-l3
REL-00474,uses-input,CM-1-2-6-2-2,CM-1-2-6-2-1,no,no,sibling
REL-00476,informed-by,CM-1-2-6-2-2,CM-1-2-7-1-1,no,no,shared-l3
REL-00478,enables,CM-1-2-6-2-3,CM-1-2-6-2-1,no,no,sibling
REL-00481,uses-input,CM-1-2-6-3-1,CM-1-2-6-2-2,no,no,shared-l3
REL-00483,uses-input,CM-1-2-6-3-2,CM-1-1-3-7-9,no,no,shared-l2
REL-00487,uses-input,CM-1-2-6-3-3,CM-1-2-1-2-9,no,no,shared-l3
REL-00488,precedes,CM-1-2-6-3-3,CM-1-1-3-6,no,no,shared-l2
REL-00491,precedes,CM-1-2-7-1-1,CM-1-2-4-1-2,no,no,shared-l3
REL-00492,informed-by,CM-1-2-7-1-2,CM-1-2-1-2-9,no,no,shared-l3
REL-00495,precedes,CM-1-2-7-1-3,CM-1-2-1-2-10,no,yes:REL-00159:follows:emitting,shared-l3
REL-00496,precedes,CM-1-2-7-1-3,CM-1-2-1-3-5,no,no,shared-l3
REL-00497,informed-by,CM-1-2-7-1-3,CM-1-2-6-3,no,no,shared-l3
REL-00500,informed-by,CM-1-2-7-2-1,CM-1-2-7-2-2,no,no,sibling
REL-00505,informed-by,CM-1-2-7-2-3,CM-1-2-7-2-1,no,no,sibling
REL-00507,follows,CM-1-3-1-1-1,CM-1-3-1-1-2,no,yes:REL-00510:precedes:emitting,sibling
REL-00508,precedes,CM-1-3-1-1-1,CM-1-3-1-1-3,no,yes:REL-00514:follows:emitting,sibling
REL-00510,precedes,CM-1-3-1-1-2,CM-1-3-1-1-1,no,yes:REL-00507:follows:emitting,sibling
REL-00511,precedes,CM-1-3-1-1-2,CM-1-3-1-1-3,no,no,sibling
REL-00512,precedes,CM-1-3-1-1-2,CM-1-3-1-1-4,no,no,sibling
REL-00514,follows,CM-1-3-1-1-3,CM-1-3-1-1-1,no,yes:REL-00508:precedes:emitting,sibling
REL-00515,precedes,CM-1-3-1-1-3,CM-1-3-1-1-4,no,yes:REL-00516:follows:emitting,sibling
REL-00516,follows,CM-1-3-1-1-4,CM-1-3-1-1-3,no,yes:REL-00515:precedes:emitting,sibling
REL-00518,follows,CM-1-3-1-2-1,CM-1-3-1-2-2,no,yes:REL-00521:precedes:emitting,sibling
REL-00519,precedes,CM-1-3-1-2-1,CM-1-3-1-2-3,no,yes:REL-00525:follows:emitting,sibling
REL-00521,precedes,CM-1-3-1-2-2,CM-1-3-1-2-1,no,yes:REL-00518:follows:emitting,sibling
REL-00522,precedes,CM-1-3-1-2-2,CM-1-3-1-2-3,no,no,sibling
REL-00523,precedes,CM-1-3-1-2-2,CM-1-3-1-2-4,no,no,sibling
REL-00525,follows,CM-1-3-1-2-3,CM-1-3-1-2-1,no,yes:REL-00519:precedes:emitting,sibling
REL-00526,precedes,CM-1-3-1-2-3,CM-1-3-1-2-4,no,yes:REL-00527:follows:emitting,sibling
REL-00527,follows,CM-1-3-1-2-4,CM-1-3-1-2-3,no,yes:REL-00526:precedes:emitting,sibling
REL-00529,follows,CM-1-3-1-3-1,CM-1-3-1-3-2,no,yes:REL-00532:precedes:emitting,sibling
REL-00530,precedes,CM-1-3-1-3-1,CM-1-3-1-3-3,no,yes:REL-00536:follows:emitting,sibling
REL-00531,governed-by,CM-1-3-1-3-1,CM-1-3-1-3,no,no,ancestor-descendant
REL-00532,precedes,CM-1-3-1-3-2,CM-1-3-1-3-1,no,yes:REL-00529:follows:emitting,sibling
REL-00533,precedes,CM-1-3-1-3-2,CM-1-3-1-3-3,no,no,sibling
REL-00534,precedes,CM-1-3-1-3-2,CM-1-3-1-3-4,no,no,sibling
REL-00536,follows,CM-1-3-1-3-3,CM-1-3-1-3-1,no,yes:REL-00530:precedes:emitting,sibling
REL-00537,precedes,CM-1-3-1-3-3,CM-1-3-1-3-4,no,yes:REL-00538:follows:emitting,sibling
REL-00538,follows,CM-1-3-1-3-4,CM-1-3-1-3-3,no,yes:REL-00537:precedes:emitting,sibling
REL-00540,follows,CM-1-3-1-4-1,CM-1-3-1-4-2,no,yes:REL-00543:precedes:emitting,sibling
REL-00541,precedes,CM-1-3-1-4-1,CM-1-3-1-4-3,no,yes:REL-00547:follows:emitting,sibling
REL-00542,governed-by,CM-1-3-1-4-1,CM-1-3-1-4,no,no,ancestor-descendant
REL-00543,precedes,CM-1-3-1-4-2,CM-1-3-1-4-1,no,yes:REL-00540:follows:emitting,sibling
REL-00544,precedes,CM-1-3-1-4-2,CM-1-3-1-4-3,no,no,sibling
REL-00545,precedes,CM-1-3-1-4-2,CM-1-3-1-4-4,no,no,sibling
REL-00547,follows,CM-1-3-1-4-3,CM-1-3-1-4-1,no,yes:REL-00541:precedes:emitting,sibling
REL-00548,precedes,CM-1-3-1-4-3,CM-1-3-1-4-4,no,yes:REL-00550:follows:emitting,sibling
REL-00549,uses-input,CM-1-3-1-4-3,CM-1-2-6-1-3,no,no,shared-l2
REL-00550,follows,CM-1-3-1-4-4,CM-1-3-1-4-3,no,yes:REL-00548:precedes:emitting,sibling
REL-00552,follows,CM-1-3-1-5-1,CM-1-3-1-5-2,no,yes:REL-00555:precedes:emitting,sibling
REL-00553,precedes,CM-1-3-1-5-1,CM-1-3-1-5-3,no,yes:REL-00559:follows:emitting,sibling
REL-00555,precedes,CM-1-3-1-5-2,CM-1-3-1-5-1,no,yes:REL-00552:follows:emitting,sibling
REL-00556,precedes,CM-1-3-1-5-2,CM-1-3-1-5-3,no,no,sibling
REL-00557,precedes,CM-1-3-1-5-2,CM-1-3-1-5-4,no,no,sibling
REL-00559,follows,CM-1-3-1-5-3,CM-1-3-1-5-1,no,yes:REL-00553:precedes:emitting,sibling
REL-00560,precedes,CM-1-3-1-5-3,CM-1-3-1-5-4,no,yes:REL-00561:follows:emitting,sibling
REL-00561,follows,CM-1-3-1-5-4,CM-1-3-1-5-3,no,yes:REL-00560:precedes:emitting,sibling
REL-00563,uses-input,CM-1-3-1-6,CM-1-3-1-1,no,no,sibling
REL-00564,uses-input,CM-1-3-1-6,CM-1-3-1-5,no,no,sibling
REL-00567,informed-by,CM-1-3-10-1,CM-1-3-7-4,no,no,shared-l3
REL-00580,informed-by,CM-1-3-10-3,CM-1-3-7-4,no,no,shared-l3
REL-00585,informed-by,CM-1-3-10-4,CM-1-3-7-4,no,no,shared-l3
REL-00586,follows,CM-1-3-2-1-1,CM-1-3-2-1-2,no,yes:REL-00589:precedes:emitting,sibling
REL-00587,precedes,CM-1-3-2-1-1,CM-1-3-2-1-3,no,yes:REL-00592:follows:emitting,sibling
REL-00588,governed-by,CM-1-3-2-1-1,CM-1-3-2-1,no,no,ancestor-descendant
REL-00590,precedes,CM-1-3-2-1-2,CM-1-3-2-1-3,no,no,sibling
REL-00593,precedes,CM-1-3-2-1-3,CM-1-3-2-1-4,no,yes:REL-00594:follows:emitting,sibling
REL-00594,follows,CM-1-3-2-1-4,CM-1-3-2-1-3,no,yes:REL-00593:precedes:emitting,sibling
REL-00597,follows,CM-1-3-2-2-1,CM-1-3-2-2-2,no,yes:REL-00600:precedes:emitting,sibling
REL-00598,precedes,CM-1-3-2-2-1,CM-1-3-2-2-4,no,yes:REL-00605:follows:emitting,sibling
REL-00599,follows,CM-1-3-2-2-2,CM-1-3-2-2-3,no,yes:REL-00602:precedes:emitting,sibling
REL-00600,precedes,CM-1-3-2-2-2,CM-1-3-2-2-1,no,yes:REL-00597:follows:emitting,sibling
REL-00601,governed-by,CM-1-3-2-2-2,CM-1-3-2-2,yes,no,ancestor-descendant
REL-00602,precedes,CM-1-3-2-2-3,CM-1-3-2-2-2,no,yes:REL-00599:follows:emitting,sibling
REL-00603,precedes,CM-1-3-2-2-3,CM-1-3-2-2-1,no,no,sibling
REL-00605,follows,CM-1-3-2-2-4,CM-1-3-2-2-1,no,yes:REL-00598:precedes:emitting,sibling
REL-00619,precedes,CM-1-3-2-4-1,CM-1-3-2-4-2,no,yes:REL-00622:follows:emitting,sibling
REL-00620,governed-by,CM-1-3-2-4-1,CM-1-3-2-4,no,no,ancestor-descendant
REL-00621,uses-input,CM-1-3-2-4-1,CM-1-2-6-1-3,no,no,shared-l2
REL-00622,follows,CM-1-3-2-4-2,CM-1-3-2-4-1,no,yes:REL-00619:precedes:emitting,sibling
REL-00623,governed-by,CM-1-3-2-4-2,CM-1-3-2-4,no,no,ancestor-descendant
REL-00624,precedes,CM-1-3-2-5-1,CM-1-3-2-5-2,no,yes:REL-00626:follows:emitting,sibling
REL-00625,governed-by,CM-1-3-2-5-1,CM-1-3-2-5,no,no,ancestor-descendant
REL-00626,follows,CM-1-3-2-5-2,CM-1-3-2-5-1,no,yes:REL-00624:precedes:emitting,sibling
REL-00627,precedes,CM-1-3-2-5-2,CM-1-3-2-5-3,no,yes:REL-00628:follows:emitting,sibling
REL-00628,follows,CM-1-3-2-5-3,CM-1-3-2-5-2,no,yes:REL-00627:precedes:emitting,sibling
REL-00629,governed-by,CM-1-3-2-5-3,CM-1-3-2-5,yes,no,ancestor-descendant
REL-00630,precedes,CM-1-3-3-1-1,CM-1-3-3-1-2,no,yes:REL-00632:follows:emitting,sibling
REL-00632,follows,CM-1-3-3-1-2,CM-1-3-3-1-1,no,yes:REL-00630:precedes:emitting,sibling
REL-00633,precedes,CM-1-3-3-1-2,CM-1-3-3-1-3,no,yes:REL-00634:follows:emitting,sibling
REL-00634,follows,CM-1-3-3-1-3,CM-1-3-3-1-2,no,yes:REL-00633:precedes:emitting,sibling
REL-00636,follows,CM-1-3-3-1-4,CM-1-3-3-1-3,no,yes:REL-00635:precedes:emitting,sibling
REL-00638,precedes,CM-1-3-3-2-1,CM-1-3-3-2-2,no,yes:REL-00640:follows:emitting,sibling
REL-00640,follows,CM-1-3-3-2-2,CM-1-3-3-2-1,no,yes:REL-00638:precedes:emitting,sibling
REL-00642,informed-by,CM-1-3-3-2-2,CM-1-3-3-2-4,no,no,sibling
REL-00643,informed-by,CM-1-3-3-2-2,CM-1-3-3-2-3,no,no,sibling
REL-00646,informed-by,CM-1-3-3-2-3,CM-1-3-6-3,no,no,shared-l3
REL-00647,informed-by,CM-1-3-3-2-3,CM-1-3-3-2-4,no,no,sibling
REL-00649,follows,CM-1-3-3-2-4,CM-1-3-3-2-2,no,no,sibling
REL-00650,uses-input,CM-1-3-3-2-4,CM-1-3-6-3,no,no,shared-l3
REL-00651,follows,CM-1-3-3-2-5,CM-1-3-3-2-2,no,yes:REL-00641:precedes:emitting,sibling
REL-00652,precedes,CM-1-3-3-2-5,CM-1-3-3-2-3,no,yes:REL-00645:follows:emitting,sibling
REL-00654,follows,CM-1-3-3-3-1,CM-1-3-3-3-2,no,yes:REL-00658:precedes:emitting,sibling
REL-00655,precedes,CM-1-3-3-3-1,CM-1-3-3-3-4,no,yes:REL-00663:follows:emitting,sibling
REL-00657,follows,CM-1-3-3-3-2,CM-1-3-3-3-3,no,yes:REL-00660:precedes:emitting,sibling
REL-00658,precedes,CM-1-3-3-3-2,CM-1-3-3-3-1,no,yes:REL-00654:follows:emitting,sibling
REL-00660,precedes,CM-1-3-3-3-3,CM-1-3-3-3-2,no,yes:REL-00657:follows:emitting,sibling
REL-00662,uses-input,CM-1-3-3-3-3,CM-1-2-6-1-3,no,no,shared-l2
REL-00663,follows,CM-1-3-3-3-4,CM-1-3-3-3-1,no,yes:REL-00655:precedes:emitting,sibling
REL-00666,follows,CM-1-3-3-3-5,CM-1-3-3-3-4,no,yes:REL-00664:precedes:emitting,sibling
REL-00668,follows,CM-1-3-3-4-1,CM-1-3-3-4-3,no,yes:REL-00674:precedes:emitting,sibling
REL-00671,precedes,CM-1-3-3-4-2,CM-1-3-3-4-3,no,yes:REL-00673:follows:emitting,sibling
REL-00673,follows,CM-1-3-3-4-3,CM-1-3-3-4-2,no,yes:REL-00671:precedes:emitting,sibling
REL-00674,precedes,CM-1-3-3-4-3,CM-1-3-3-4-1,no,yes:REL-00668:follows:emitting,sibling
REL-00676,follows,CM-1-3-3-4-4,CM-1-3-3-4-1,no,yes:REL-00669:precedes:emitting,sibling
REL-00690,follows,CM-1-3-3-6-1,CM-1-3-3-6-3,no,no,sibling
REL-00691,precedes,CM-1-3-3-6-1,CM-1-3-3-6-2,no,yes:REL-00693:follows:emitting,sibling
REL-00693,follows,CM-1-3-3-6-2,CM-1-3-3-6-1,no,yes:REL-00691:precedes:emitting,sibling
REL-00694,precedes,CM-1-3-3-6-2,CM-1-3-3-6-4,no,yes:REL-00701:follows:emitting,sibling
REL-00696,uses-input,CM-1-3-3-6-3,CM-1-3-2-4,no,no,shared-l3
REL-00697,uses-input,CM-1-3-3-6-3,CM-1-3-3-3,no,no,shared-l3
REL-00698,enables,CM-1-3-3-6-3,CM-1-3-3-6-1,no,no,sibling
REL-00701,follows,CM-1-3-3-6-4,CM-1-3-3-6-2,no,yes:REL-00694:precedes:emitting,sibling
REL-00704,follows,CM-1-3-3-6-5,CM-1-3-3-6-4,no,yes:REL-00702:precedes:emitting,sibling
REL-00706,informed-by,CM-1-3-4-1-1,CM-1-3-4-1-2,no,no,sibling
REL-00707,precedes,CM-1-3-4-1-1,CM-1-3-4-1-3,no,yes:REL-00711:follows:emitting,sibling
REL-00711,follows,CM-1-3-4-1-3,CM-1-3-4-1-1,no,yes:REL-00707:precedes:emitting,sibling
REL-00714,precedes,CM-1-3-4-2-1,CM-1-3-4-2-2,no,yes:REL-00716:follows:emitting,sibling
REL-00716,follows,CM-1-3-4-2-2,CM-1-3-4-2-1,no,yes:REL-00714:precedes:emitting,sibling
REL-00719,assures,CM-1-3-4-2-3,CM-1-3-4-2-2,yes,no,sibling
REL-00720,precedes,CM-1-3-4-3-1,CM-1-3-4-3-2,no,yes:REL-00722:follows:emitting,sibling
REL-00722,follows,CM-1-3-4-3-2,CM-1-3-4-3-1,no,yes:REL-00720:precedes:emitting,sibling
REL-00727,enables,CM-1-3-4-4-1,CM-1-3-4-4-2,no,no,sibling
REL-00729,follows,CM-1-3-4-4-2,CM-1-3-4-4-1,no,no,sibling
REL-00731,enables,CM-1-3-4-4-3,CM-1-3-4-4-5,no,no,sibling
REL-00734,follows,CM-1-3-4-4-4,CM-1-3-4-4-1,no,no,sibling
REL-00736,follows,CM-1-3-4-4-5,CM-1-3-4-4-3,no,no,sibling
REL-00738,informed-by,CM-1-3-4-4-5,CM-1-3-2-1,no,no,shared-l3
REL-00739,informed-by,CM-1-3-4-4-6,CM-1-3-4-4-3,no,no,sibling
REL-00741,precedes,CM-1-3-4-5-1,CM-1-3-4-5-2,no,yes:REL-00743:follows:emitting,sibling
REL-00743,follows,CM-1-3-4-5-2,CM-1-3-4-5-1,no,yes:REL-00741:precedes:emitting,sibling
REL-00744,precedes,CM-1-3-4-5-2,CM-1-3-4-5-3,no,yes:REL-00746:follows:emitting,sibling
REL-00746,follows,CM-1-3-4-5-3,CM-1-3-4-5-2,no,yes:REL-00744:precedes:emitting,sibling
REL-00749,follows,CM-1-3-4-5-4,CM-1-3-4-5-3,no,yes:REL-00747:precedes:emitting,sibling
REL-00759,uses-input,CM-1-3-4-6-3,CM-1-3-4-5-1,no,no,shared-l3
REL-00761,informed-by,CM-1-3-4-6-4,CM-1-3-3-1,no,no,shared-l3
REL-00763,precedes,CM-1-3-5-1-1,CM-1-3-5-1-3,no,yes:REL-00769:follows:emitting,sibling
REL-00769,follows,CM-1-3-5-1-3,CM-1-3-5-1-1,no,yes:REL-00763:precedes:emitting,sibling
REL-00771,enables,CM-1-3-5-1-3,CM-1-3-6-1,no,no,shared-l3
REL-00772,follows,CM-1-3-5-1-4,CM-1-3-5-1-3,no,no,sibling
REL-00774,informed-by,CM-1-3-5-1-4,CM-1-3-5-5,no,no,shared-l3
REL-00775,informed-by,CM-1-3-5-2,CM-1-3-3-5-1,no,no,shared-l3
REL-00776,informed-by,CM-1-3-5-2,CM-1-3-5-3,no,no,sibling
REL-00778,precedes,CM-1-3-5-3-1,CM-1-3-5-3-2,no,yes:REL-00783:follows:emitting,sibling
REL-00780,follows,CM-1-3-5-3-10,CM-1-3-5-3-4,no,yes:REL-00791:precedes:emitting,sibling
REL-00783,follows,CM-1-3-5-3-2,CM-1-3-5-3-1,no,yes:REL-00778:precedes:emitting,sibling
REL-00784,precedes,CM-1-3-5-3-2,CM-1-3-5-3-3,no,yes:REL-00786:follows:emitting,sibling
REL-00786,follows,CM-1-3-5-3-3,CM-1-3-5-3-2,no,yes:REL-00784:precedes:emitting,sibling
REL-00787,precedes,CM-1-3-5-3-3,CM-1-3-5-3-5,no,yes:REL-00793:follows:emitting,sibling
REL-00789,follows,CM-1-3-5-3-4,CM-1-3-5-3-6,no,yes:REL-00797:precedes:emitting,sibling
REL-00790,precedes,CM-1-3-5-3-4,CM-1-3-5-3-8,no,yes:REL-00802:follows:emitting,sibling
REL-00791,precedes,CM-1-3-5-3-4,CM-1-3-5-3-10,no,yes:REL-00780:follows:emitting,sibling
REL-00793,follows,CM-1-3-5-3-5,CM-1-3-5-3-3,no,yes:REL-00787:precedes:emitting,sibling
REL-00794,precedes,CM-1-3-5-3-5,CM-1-3-5-3-6,no,yes:REL-00796:follows:emitting,sibling
REL-00796,follows,CM-1-3-5-3-6,CM-1-3-5-3-5,no,yes:REL-00794:precedes:emitting,sibling
REL-00797,precedes,CM-1-3-5-3-6,CM-1-3-5-3-4,no,yes:REL-00789:follows:emitting,sibling
REL-00801,assures,CM-1-3-5-3-7,CM-1-3-5-3-4,yes,no,sibling
REL-00802,follows,CM-1-3-5-3-8,CM-1-3-5-3-4,no,yes:REL-00790:precedes:emitting,sibling
REL-00805,follows,CM-1-3-5-3-9,CM-1-3-5-3-4,no,no,sibling
REL-00807,precedes,CM-1-3-5-4-1,CM-1-3-5-4-2,no,yes:REL-00809:follows:emitting,sibling
REL-00809,follows,CM-1-3-5-4-2,CM-1-3-5-4-1,no,yes:REL-00807:precedes:emitting,sibling
REL-00812,follows,CM-1-3-5-4-3,CM-1-3-5-4-1,no,no,sibling
REL-00814,follows,CM-1-3-5-4-4,CM-1-3-5-4-1,no,no,sibling
REL-00824,uses-input,CM-1-3-6-1-1,CM-1-3-6-1-3,no,no,sibling
REL-00826,informed-by,CM-1-3-6-1-2,CM-1-3-4-4-5,no,no,shared-l3
REL-00828,enables,CM-1-3-6-1-3,CM-1-3-6-1-1,no,no,sibling
REL-00832,precedes,CM-1-3-6-2-1,CM-1-3-6-2-3,no,yes:REL-00838:follows:emitting,sibling
REL-00836,uses-input,CM-1-3-6-2-2,CM-1-3-5-1-3,no,no,shared-l3
REL-00838,follows,CM-1-3-6-2-3,CM-1-3-6-2-1,no,yes:REL-00832:precedes:emitting,sibling
REL-00839,precedes,CM-1-3-6-2-3,CM-1-3-6-2-4,no,yes:REL-00841:follows:emitting,sibling
REL-00841,follows,CM-1-3-6-2-4,CM-1-3-6-2-3,no,yes:REL-00839:precedes:emitting,sibling
REL-00842,precedes,CM-1-3-6-2-4,CM-1-3-6-2-5,no,yes:REL-00844:follows:emitting,sibling
REL-00844,follows,CM-1-3-6-2-5,CM-1-3-6-2-4,no,yes:REL-00842:precedes:emitting,sibling
REL-00845,precedes,CM-1-3-6-2-5,CM-1-3-6-2-6,no,yes:REL-00847:follows:emitting,sibling
REL-00847,follows,CM-1-3-6-2-6,CM-1-3-6-2-5,no,yes:REL-00845:precedes:emitting,sibling
REL-00849,uses-input,CM-1-3-6-2-6,CM-1-3-7-5,no,no,shared-l3
REL-00853,precedes,CM-1-3-6-3-1,CM-1-3-6-3-2,no,yes:REL-00855:follows:emitting,sibling
REL-00855,follows,CM-1-3-6-3-2,CM-1-3-6-3-1,no,yes:REL-00853:precedes:emitting,sibling
REL-00858,governed-by,CM-1-3-6-4-1,CM-1-3-3-2,yes,no,shared-l3
REL-00859,precedes,CM-1-3-6-4-1,CM-1-3-6-4-2,no,yes:REL-00860:follows:emitting,sibling
REL-00860,follows,CM-1-3-6-4-2,CM-1-3-6-4-1,no,yes:REL-00859:precedes:emitting,sibling
REL-00861,precedes,CM-1-3-6-4-2,CM-1-3-6-4-3,no,yes:REL-00863:follows:emitting,sibling
REL-00862,uses-input,CM-1-3-6-4-2,CM-1-3-7-1-2,yes,no,shared-l3
REL-00863,follows,CM-1-3-6-4-3,CM-1-3-6-4-2,no,yes:REL-00861:precedes:emitting,sibling
REL-00864,uses-input,CM-1-3-6-4-3,CM-1-3-8-2,no,no,shared-l3
REL-00866,uses-input,CM-1-3-6-5-1,CM-1-3-5-3,no,no,shared-l3
REL-00868,uses-input,CM-1-3-6-5-2,CM-1-3-5-3,no,no,shared-l3
REL-00869,informed-by,CM-1-3-6-5-2,CM-1-3-6-3-2,no,no,shared-l3
REL-00870,uses-input,CM-1-3-6-5-3,CM-1-3-5-3,no,no,shared-l3
REL-00873,requires,CM-1-3-6-6-1,CM-1-3-7-4-2,no,no,shared-l3
REL-00875,follows,CM-1-3-6-6-10,CM-1-3-6-6-13,no,yes:REL-00883:precedes:emitting,sibling
REL-00876,governed-by,CM-1-3-6-6-10,CM-1-3-6-6-8,no,no,sibling
REL-00878,uses-input,CM-1-3-6-6-11,CM-1-3-6-6-14,no,no,sibling
REL-00879,uses-input,CM-1-3-6-6-12,CM-1-3-6-2-5,no,no,shared-l3
REL-00881,follows,CM-1-3-6-6-13,CM-1-3-6-6-8,no,yes:REL-00903:precedes:emitting,sibling
REL-00883,precedes,CM-1-3-6-6-13,CM-1-3-6-6-10,no,yes:REL-00875:follows:emitting,sibling
REL-00887,uses-input,CM-1-3-6-6-15,CM-1-3-6-5-3,no,no,shared-l3
REL-00891,follows,CM-1-3-6-6-3,CM-1-3-6-6-14,no,no,sibling
REL-00892,triggers,CM-1-3-6-6-4,CM-1-3-6-6-13,no,no,sibling
REL-00894,constrained-by,CM-1-3-6-6-5,CM-1-3-7-4-2,yes,no,shared-l3
REL-00895,informed-by,CM-1-3-6-6-5,CM-1-3-7-4-3,no,no,shared-l3
REL-00896,informed-by,CM-1-3-6-6-6,CM-1-3-7-4-3,no,no,shared-l3
REL-00900,enables,CM-1-3-6-6-7,CM-1-3-6-6-3,no,no,sibling
REL-00901,triggers,CM-1-3-6-6-7,CM-1-3-6-6-11,no,no,sibling
REL-00903,precedes,CM-1-3-6-6-8,CM-1-3-6-6-13,no,yes:REL-00881:follows:emitting,sibling
REL-00904,enables,CM-1-3-6-6-9,CM-1-3-6-6-13,no,no,sibling
REL-00907,governed-by,CM-1-3-6-7-1,CM-1-3-4-4,no,no,shared-l3
REL-00911,informed-by,CM-1-3-6-8-1,CM-1-3-6-1-3,no,no,shared-l3
REL-00916,uses-input,CM-1-3-7-1-2,CM-1-3-6-3-2,no,no,shared-l3
REL-00918,enables,CM-1-3-7-1-2,CM-1-3-8-1,no,no,shared-l3
REL-00922,enables,CM-1-3-7-1-4,CM-1-3-8-4-4,no,no,shared-l3
REL-00926,enables,CM-1-3-7-1-6,CM-1-3-7-2-1,no,no,shared-l3
REL-00930,follows,CM-1-3-7-2-2,CM-1-3-6-2-4,no,no,shared-l3
REL-00931,uses-input,CM-1-3-7-2-2,CM-1-3-7-1-2,no,no,shared-l3
REL-00933,informed-by,CM-1-3-7-2-3,CM-1-3-6-2-1,no,no,shared-l3
REL-00934,uses-input,CM-1-3-7-2-3,CM-1-3-7-1-2,no,no,shared-l3
REL-00935,uses-input,CM-1-3-7-2-3,CM-1-3-8-2-6,no,no,shared-l3
REL-00937,governed-by,CM-1-3-7-2-4,CM-1-3-7-4-1,no,no,shared-l3
REL-00941,uses-input,CM-1-3-7-2-5,CM-1-2-6-1-3,no,no,shared-l2
REL-00943,uses-input,CM-1-3-7-2-6,CM-1-3-7-1-2,no,no,shared-l3
REL-00944,enables,CM-1-3-7-2-6,CM-1-3-7-3-1,no,no,shared-l3
REL-00945,enables,CM-1-3-7-2-6,CM-1-3-7-5,no,no,shared-l3
REL-00946,uses-input,CM-1-3-7-3-1,CM-1-3-7-2-6,no,no,shared-l3
REL-00948,informed-by,CM-1-3-7-3-1,CM-1-3-7-4-3,no,no,shared-l3
REL-00949,precedes,CM-1-3-7-3-1,CM-1-3-7-3-2,no,yes:REL-00950:follows:emitting,sibling
REL-00950,follows,CM-1-3-7-3-2,CM-1-3-7-3-1,no,yes:REL-00949:precedes:emitting,sibling
REL-00951,precedes,CM-1-3-7-3-2,CM-1-3-7-3-4,no,yes:REL-00956:follows:emitting,sibling
REL-00952,governed-by,CM-1-3-7-3-2,CM-1-3-7-4,no,no,shared-l3
REL-00953,follows,CM-1-3-7-3-3,CM-1-3-7-3-1,no,no,sibling
REL-00954,uses-input,CM-1-3-7-3-3,CM-1-3-7-3-4,no,no,sibling
REL-00956,follows,CM-1-3-7-3-4,CM-1-3-7-3-2,no,yes:REL-00951:precedes:emitting,sibling
REL-00959,uses-input,CM-1-3-7-3-5,CM-1-3-7-3-4,no,no,sibling
REL-00961,informed-by,CM-1-3-7-3-5,CM-1-3-7-3-1,no,no,sibling
REL-00963,enables,CM-1-3-7-3-6,CM-1-3-8-1-4,no,no,shared-l3
REL-00964,uses-input,CM-1-3-7-3-6,CM-1-3-7-3-4,no,no,sibling
REL-00965,informed-by,CM-1-3-7-4-1,CM-1-3-7-4-4,no,no,sibling
REL-00969,governed-by,CM-1-3-7-4-2,CM-1-3-7-4-1,no,no,sibling
REL-00970,enables,CM-1-3-7-4-2,CM-1-3-7-4-3,no,no,sibling
REL-00972,uses-input,CM-1-3-7-4-3,CM-1-3-7-4-2,no,no,sibling
REL-00975,informed-by,CM-1-3-7-4-3,CM-1-3-8-2,no,no,shared-l3
REL-00976,uses-input,CM-1-3-7-4-4,CM-1-3-7-4-3,no,no,sibling
REL-00979,informed-by,CM-1-3-7-4-5,CM-1-3-7-4-3,no,no,sibling
REL-00983,enables,CM-1-3-7-4-6,CM-1-3-7-4-2,no,no,sibling
REL-00985,precedes,CM-1-3-7-5-1,CM-1-3-7-5-3,no,yes:REL-00990:follows:emitting,sibling
REL-00993,follows,CM-1-3-7-5-4,CM-1-3-7-5-3,no,no,sibling
REL-00998,uses-input,CM-1-3-7-5-6,CM-1-3-7-2-6,no,no,shared-l3
REL-01001,uses-input,CM-1-3-8-1-1,CM-1-3-7-3-4,no,no,shared-l3
REL-01002,uses-input,CM-1-3-8-1-1,CM-1-3-8-1-3,no,no,sibling
REL-01004,uses-input,CM-1-3-8-1-2,CM-1-3-7-3-4,no,no,shared-l3
REL-01005,governed-by,CM-1-3-8-1-2,CM-1-3-7-2-1,no,no,shared-l3
REL-01007,uses-input,CM-1-3-8-1-3,CM-1-3-7-1-4,no,no,shared-l3
REL-01010,uses-input,CM-1-3-8-1-4,CM-1-3-6-4-3,no,no,shared-l3
REL-01015,uses-input,CM-1-3-8-1-5,CM-1-3-7-5-3,no,no,shared-l3
REL-01018,precedes,CM-1-3-8-2-1,CM-1-3-8-2-3,no,no,sibling
REL-01021,precedes,CM-1-3-8-2-2,CM-1-3-8-2-3,no,yes:REL-01023:follows:emitting,sibling
REL-01022,uses-input,CM-1-3-8-2-2,CM-1-3-7-2-6,no,no,shared-l3
REL-01023,follows,CM-1-3-8-2-3,CM-1-3-8-2-2,no,yes:REL-01021:precedes:emitting,sibling
REL-01026,follows,CM-1-3-8-2-4,CM-1-3-8-2-3,no,no,sibling
REL-01027,uses-input,CM-1-3-8-2-4,CM-1-3-7-5-3,no,no,shared-l3
REL-01029,uses-input,CM-1-3-8-2-5,CM-1-3-6-6-14,yes,no,shared-l3
REL-01030,uses-input,CM-1-3-8-2-5,CM-1-3-8-2-3,no,no,sibling
REL-01036,uses-input,CM-1-3-8-3-1,CM-1-3-7-5-3,no,no,shared-l3
REL-01037,enables,CM-1-3-8-3-1,CM-1-3-8-1-4,no,no,shared-l3
REL-01040,uses-input,CM-1-3-8-3-2,CM-1-3-8-2-3,no,no,shared-l3
REL-01041,informed-by,CM-1-3-8-3-2,CM-1-3-7-4-3,no,no,shared-l3
REL-01044,uses-input,CM-1-3-8-3-3,CM-1-3-7-4-4,no,no,shared-l3
REL-01050,uses-input,CM-1-3-8-4-1,CM-1-3-8-2-6,no,no,shared-l3
REL-01057,uses-input,CM-1-3-8-4-3,CM-1-3-6-4-3,no,no,shared-l3
REL-01058,uses-input,CM-1-3-8-4-3,CM-1-3-6-6-15,no,no,shared-l3
REL-01059,enables,CM-1-3-8-4-3,CM-1-3-8-2-6,no,no,shared-l3
REL-01061,uses-input,CM-1-3-8-4-4,CM-1-3-8-4-5,yes,no,sibling
REL-01062,uses-input,CM-1-3-8-4-4,CM-1-3-7-1-4,no,no,shared-l3
REL-01069,uses-input,CM-1-3-8-4-6,CM-1-3-7-3-4,no,no,shared-l3
REL-01071,uses-input,CM-1-3-8-4-7,CM-1-3-6-1-3,no,no,shared-l3
REL-01076,uses-input,CM-1-3-9-1-2,CM-1-3-9-1-1,no,no,sibling
REL-01077,uses-input,CM-1-3-9-1-2,CM-1-3-7-5,no,no,shared-l3
REL-01083,uses-input,CM-1-3-9-1-5,CM-1-3-9-1-1,no,no,sibling
REL-01101,informed-by,CM-1-3-6-8,CM-1-3-6-1-3,no,no,shared-l3
REL-01105,informed-by,CM-1-2-5-4,CM-1-2-5-3,no,no,sibling
REL-01110,informed-by,CM-1-3-6-3,CM-1-3-3-2,no,no,shared-l3
REL-01111,enables,CM-1-3-6-3,CM-1-3-6-2,no,no,sibling
REL-01113,governed-by,CM-1-3-6-7,CM-1-3-4-4,no,no,shared-l3
REL-01114,uses-input,CM-1-3-6-7,CM-1-3-6-1-2,no,no,shared-l3
REL-01116,informed-by,CM-1-1-3-5,CM-1-1-2,no,no,shared-l3
REL-01117,precedes,CM-1-1-3-5,CM-1-1-3-6,no,yes:REL-01168:follows:emitting,sibling
REL-01119,follows,CM-1-1-7-1,CM-1-1-7-2,no,yes:REL-01242:precedes:emitting,sibling
REL-01121,informed-by,CM-1-1-7-3,CM-1-1-7-2,no,no,sibling
REL-01123,informed-by,CM-1-2-5-2,CM-1-1-4,no,no,shared-l2
REL-01125,uses-input,CM-1-2-5-2,CM-1-2-5-1,no,no,sibling
REL-01127,uses-input,CM-1-2-5-3,CM-1-2-1-2-9,no,no,shared-l3
REL-01130,informed-by,CM-1-2-6-1,CM-1-2-6-1-3,no,no,ancestor-descendant
REL-01133,enables,CM-1-2-6-2,CM-1-2-6-3,yes,no,sibling
REL-01135,uses-input,CM-1-2-6-3,CM-1-2-6-2,no,no,sibling
REL-01136,uses-input,CM-1-2-6-3,CM-1-1-3-7-9,no,no,shared-l2
REL-01137,precedes,CM-1-2-6-3,CM-1-1-3-6,no,no,shared-l2
REL-01140,informed-by,CM-1-2-7-1,CM-1-2-1-2,no,no,shared-l3
REL-01144,informed-by,CM-1-3-2-5,CM-1-3-1-3,no,no,shared-l3
REL-01145,informed-by,CM-1-3-2-5,CM-1-3-1-4,no,no,shared-l3
REL-01150,informed-by,CM-1-3-4-2,CM-1-3-4-1,no,no,sibling
REL-01152,informed-by,CM-1-3-4-3,CM-1-3-4-2,no,no,sibling
REL-01158,governed-by,CM-1-3-6-4,CM-1-3-3-2,no,no,shared-l3
REL-01159,informed-by,CM-1-3-6-4,CM-1-3-3-2-3,no,no,shared-l3
REL-01160,uses-input,CM-1-3-6-5,CM-1-3-5-3,no,no,shared-l3
REL-01162,uses-input,CM-1-3-9-2,CM-1-3-7-5,no,no,shared-l3
REL-01164,uses-input,CM-1-3-9-2,CM-1-3-9-1,no,no,sibling
REL-01165,uses-input,CM-1-3-9-3,CM-1-3-9-2,no,no,sibling
REL-01168,follows,CM-1-1-3-6,CM-1-1-3-5,no,yes:REL-01117:precedes:emitting,sibling
REL-01170,informed-by,CM-1-1-3-8,CM-1-1-3-7-3,no,no,shared-l3
REL-01173,informed-by,CM-1-2-5-1,CM-1-1-4-7-2,no,no,shared-l2
REL-01180,uses-input,CM-1-3-1-2,CM-1-2-4-2,no,no,shared-l2
REL-01183,informed-by,CM-1-3-1-3,CM-1-3-1-1,no,no,sibling
REL-01186,informed-by,CM-1-3-1-4,CM-1-3-1-1,no,no,sibling
REL-01189,informed-by,CM-1-3-1-5,CM-1-3-1-1,no,no,sibling
REL-01193,informed-by,CM-1-3-2-2,CM-1-3-1-4,no,no,shared-l3
REL-01196,informed-by,CM-1-3-2-3,CM-1-3-1-3,no,no,shared-l3
REL-01199,informed-by,CM-1-3-3-1,CM-1-3-2-2,no,no,shared-l3
REL-01200,informed-by,CM-1-3-3-1,CM-1-3-2-3,no,no,shared-l3
REL-01202,informed-by,CM-1-3-3-4,CM-1-3-3-3,no,no,sibling
REL-01203,informed-by,CM-1-3-3-4,CM-1-3-2-3,no,no,shared-l3
REL-01205,informed-by,CM-1-3-4-5,CM-1-3-4-3,no,no,sibling
REL-01208,informed-by,CM-1-3-4-6,CM-1-3-4-1,no,no,sibling
REL-01211,informed-by,CM-1-3-5-1,CM-1-3-2-4,no,no,shared-l3
REL-01214,informed-by,CM-1-3-5-4,CM-1-3-3-1,no,no,shared-l3
REL-01217,informed-by,CM-1-3-6-1,CM-1-3-3-3,no,no,shared-l3
REL-01218,uses-input,CM-1-3-6-1,CM-1-3-5-1-3,no,no,shared-l3
REL-01220,uses-input,CM-1-3-8-3,CM-1-3-8-2,no,no,sibling
REL-01221,uses-input,CM-1-3-8-3,CM-1-3-7-4-3,no,no,shared-l3
REL-01223,precedes,CM-1-1-1-1,CM-1-1-2,no,no,shared-l3
REL-01226,follows,CM-1-2-2-2,CM-1-2-1-3,no,yes:REL-01302:precedes:emitting,shared-l3
REL-01227,precedes,CM-1-2-2-2,CM-1-2-4-1,no,no,shared-l3
REL-01228,governed-by,CM-1-2-2-2,CM-1-2-4-3,no,no,shared-l3
REL-01232,informed-by,CM-1-3-3-3,CM-1-3-2-4,no,no,shared-l3
REL-01235,informed-by,CM-1-3-3-6,CM-1-3-3-3,no,no,sibling
REL-01238,uses-input,CM-1-3-8-1,CM-1-3-7-3-4,no,no,shared-l3
REL-01239,uses-input,CM-1-3-8-1,CM-1-3-7-1-2,no,no,shared-l3
REL-01240,enables,CM-1-3-8-1,CM-1-3-8-2,no,no,sibling
REL-01241,follows,CM-1-1-7-2,CM-1-1-4,no,no,shared-l3
REL-01242,precedes,CM-1-1-7-2,CM-1-1-7-1,no,yes:REL-01119:follows:emitting,sibling
REL-01244,informed-by,CM-1-2-1-1,CM-1-1-4,no,no,shared-l2
REL-01246,uses-input,CM-1-3-4-4,CM-1-3-4-3,no,no,sibling
REL-01247,informed-by,CM-1-3-4-4,CM-1-3-2-1,no,no,shared-l3
REL-01249,enables,CM-1-3-7-1,CM-1-3-7-3,no,no,sibling
REL-01251,uses-input,CM-1-3-7-1,CM-1-3-6-3-2,no,no,shared-l3
REL-01252,uses-input,CM-1-3-7-2,CM-1-3-7-1-2,no,no,shared-l3
REL-01256,governed-by,CM-1-3-7-3,CM-1-3-7-4,no,no,sibling
REL-01261,uses-input,CM-1-3-7-5,CM-1-3-7-2-6,no,no,shared-l3
REL-01264,uses-input,CM-1-3-8-2,CM-1-3-8-1,no,no,sibling
REL-01268,enables,CM-1-3-9-1,CM-1-3-9-2,no,no,sibling
REL-01269,assures,CM-1-2-4-3,CM-1-2-1,yes,no,shared-l3
REL-01270,assures,CM-1-2-4-3,CM-1-2-4-1,yes,no,sibling
REL-01272,informed-by,CM-1-3-3-5,CM-1-3-2-1,no,no,shared-l3
REL-01276,uses-input,CM-1-3-6-2,CM-1-3-6-3,no,no,sibling
REL-01278,uses-input,CM-1-3-8-4,CM-1-3-8-1,no,no,sibling
REL-01279,uses-input,CM-1-3-8-4,CM-1-3-8-2,no,no,sibling
REL-01289,follows,CM-1-2-3-1,CM-1-2-1-3,no,no,shared-l3
REL-01290,informed-by,CM-1-2-3-1,CM-1-2-2-2,no,no,shared-l3
REL-01291,precedes,CM-1-2-3-1,CM-1-2-4-1,no,no,shared-l3
REL-01292,uses-input,CM-1-2-4-4,CM-1-2-3-1-4,no,no,shared-l3
REL-01293,uses-input,CM-1-2-4-4,CM-1-2-1-2-9,no,no,shared-l3
REL-01294,precedes,CM-1-2-4-4,CM-1-2-4-2-4,no,no,shared-l3
REL-01295,informed-by,CM-1-3-5-3,CM-1-3-3-5,no,no,shared-l3
REL-01297,enables,CM-1-3-5-3,CM-1-3-6-5,yes,no,shared-l3
REL-01300,governed-by,CM-1-2-1-2,CM-1-2-2-1,no,no,shared-l3
REL-01301,follows,CM-1-2-1-3,CM-1-2-1-4,no,no,sibling
REL-01302,precedes,CM-1-2-1-3,CM-1-2-2-2,no,yes:REL-01226:follows:emitting,shared-l3
REL-01306,informed-by,CM-1-1-3-7,CM-1-1-2-13,no,no,shared-l3
REL-01307,follows,CM-1-2-4-2,CM-1-2-4-1,no,no,sibling
REL-01308,uses-input,CM-1-2-4-2,CM-1-2-2-3-5,no,no,shared-l3
REL-01310,governed-by,CM-1-2-2-3,CM-1-2-4-3,no,no,shared-l3
REL-01313,governed-by,CM-1-3-6-6,CM-1-3-7-4,yes,no,shared-l3
REL-01314,uses-input,CM-1-3-6-6,CM-1-3-8-1,no,no,shared-l3
REL-01317,informed-by,CM-1-2-4-1,CM-1-2-2-2,no,no,shared-l3
