row_id,baseline_sha,stratum,verb,source_label,target_label,tests,verdict,reviewer_note,decision
REL-00044,6ab2197ba3fe6246bdb501391d22b71d0338d2c7,en-same,enables,Manage Lot/Batch Inventory,Perform Inventory Reconciliation,B:structural-nearness,OK,Batch identity/traceability records feed book-vs-physical reconciliation.,Approved
REL-00120,6ab2197ba3fe6246bdb501391d22b71d0338d2c7,en-same,enables,Maintain Production Scheduling Master Data,Create Production Scheduling and Sequencing Plan,B:structural-nearness,OK,"Master data (capacities, recipes, calendars) is the direct input the scheduling plan is built from.",Approved
REL-00257,6ab2197ba3fe6246bdb501391d22b71d0338d2c7,en-same,enables,Monitor Risk Policy Compliance,Manage Risk Reporting,B:structural-nearness,OK,Compliance monitoring surfaces violations/breaches that risk reports must include.,Approved
REL-00275,6ab2197ba3fe6246bdb501391d22b71d0338d2c7,en-same,enables,Setup And Manage Curves,Manage Commodity Valuations,B:structural-nearness,OK,Official curves are the explicit input to valuations.,Approved
REL-00405,6ab2197ba3fe6246bdb501391d22b71d0338d2c7,en-same,enables,Manage RINs Reporting,Monitor External Trading Compliance,B:structural-nearness,OK,RINs reporting produces the controlled reporting inputs compliance monitoring checks for completion.,Approved
REL-00709,6ab2197ba3fe6246bdb501391d22b71d0338d2c7,en-same,enables,Market Sensing,Identify Market Needs,B:structural-nearness,OK,Definition explicitly says the scan 'feeds needs identification'.,Approved
REL-00929,6ab2197ba3fe6246bdb501391d22b71d0338d2c7,en-same,enables,Establish Commercial Terms & Contracts,Issue Quotes & Renewals,B:structural-nearness,OK,"Quotes are produced 'from approved prices, established terms' — explicit.",Approved
REL-01122,6ab2197ba3fe6246bdb501391d22b71d0338d2c7,en-same,enables,Energy & Utility Management,Daily Execution Planning,B:structural-nearness,OK,E&U economic targets/allowance recommendations shape the schedule that daily planning translates; 'informs' would be the tighter verb but 'enables' is not wrong.,Approved
REL-00266,6ab2197ba3fe6246bdb501391d22b71d0338d2c7,en-diff,enables,Manage Risk Reporting,Trading Strategy Management,B:structural-nearness,OK,"Risk reports (breaches, scenarios, performance) feed strategy review/adjustment.",Approved
REL-00924,6ab2197ba3fe6246bdb501391d22b71d0338d2c7,en-diff,enables,Maintain Commercial Workflow Configuration,Establish Commercial Terms & Contracts,B:structural-nearness,OK,Terms establishment requires approval chains/routing that the workflow configuration maintains.,Approved
REL-01013,6ab2197ba3fe6246bdb501391d22b71d0338d2c7,en-diff,enables,Create Credit Memo,"Manage Cash Application, A/R & Revenue Accounting",B:structural-nearness,OK,Credit memos are the authorized adjustments cash application must account for.,Approved
REL-01037,6ab2197ba3fe6246bdb501391d22b71d0338d2c7,en-diff,enables,Manage Receivables Disputes,Create Credit Memo,B:structural-nearness,OK,Dispute adjudication explicitly instructs credit-memo outcomes for valid disputes.,Approved
REL-01139,6ab2197ba3fe6246bdb501391d22b71d0338d2c7,en-diff,enables,Contractual Agreements Management,Supply Operations,B:structural-nearness,OK,"Agreements exist 'so dependent supply, distribution, and settlement processes operate against current commercially agreed terms' — explicit.",Approved
REL-01204,6ab2197ba3fe6246bdb501391d22b71d0338d2c7,en-diff,enables,Network Design (Retail),Channel & Partner Management,B:structural-nearness,OK,"Network blueprint (footprint, formats, coverage) determines where partners are qualified/activated; weak but real.",Approved
REL-01237,6ab2197ba3fe6246bdb501391d22b71d0338d2c7,en-diff,enables,Operating Model Design,Marketing Plan Execution,B:structural-nearness,OK,Operating-model blueprint defines how Marketing operates; plan execution runs inside it.,Approved
REL-01318,6ab2197ba3fe6246bdb501391d22b71d0338d2c7,en-diff,enables,Settlements,Manage AR/AP & Actuals,B:structural-nearness,OK,"Settlement instructions go explicitly 'to the designated Accounts Payable, Accounts Receivable' processes.",Approved
REL-00239,6ab2197ba3fe6246bdb501391d22b71d0338d2c7,hr-enables,enables,Manage Credit Risk Reporting,Trading Strategy Management,B:structural-nearness,OK,Credit-risk reports feed strategy review like REL-00266.,Approved
REL-00253,6ab2197ba3fe6246bdb501391d22b71d0338d2c7,hr-enables,enables,Manage Confirm Disputes,Settlements,B:structural-nearness,OK,Resolved confirmations are prerequisite to correct settlement.,Approved
REL-00259,6ab2197ba3fe6246bdb501391d22b71d0338d2c7,hr-enables,enables,Manage And Run Risk Scenarios,Manage Risk Limits,B:structural-nearness,OK,Scenario/stress results inform limit-setting under the risk appetite.,Approved
REL-00260,6ab2197ba3fe6246bdb501391d22b71d0338d2c7,hr-enables,enables,Manage And Run Risk Scenarios,Manage Risk Reporting,B:structural-nearness,OK,Reports explicitly include 'scenario results'.,Approved
REL-00262,6ab2197ba3fe6246bdb501391d22b71d0338d2c7,hr-enables,enables,Conduct Advanced Risk Analytics,Manage Risk Limits,B:structural-nearness,OK,"Analytics explicitly 'recommend changes to methodologies, limits, and controls'.",Approved
REL-00263,6ab2197ba3fe6246bdb501391d22b71d0338d2c7,hr-enables,enables,Conduct Advanced Risk Analytics,Manage Risk Reporting,B:structural-nearness,OK,Analytical insights feed the risk reports.,Approved
REL-00277,6ab2197ba3fe6246bdb501391d22b71d0338d2c7,hr-enables,enables,Setup And Manage Curves,Measure Risk,B:structural-nearness,OK,"Risk measures computed explicitly 'from validated positions, curves, and volatilities'.",Approved
REL-00283,6ab2197ba3fe6246bdb501391d22b71d0338d2c7,hr-enables,enables,Perform End-of-Month (EOM) Process,Manage Risk Reporting,B:structural-nearness,OK,EOM produces the month-end risk outputs that reporting consumes.,Approved
REL-00285,6ab2197ba3fe6246bdb501391d22b71d0338d2c7,hr-enables,enables,Manage Risk Limits,Trading Strategy Management,B:structural-nearness,OK,Strategies are aligned 'with approved authorities and risk limits'.,Approved
REL-00292,6ab2197ba3fe6246bdb501391d22b71d0338d2c7,hr-enables,enables,Monitor Risk,Manage Risk Reporting,B:structural-nearness,OK,Detected breaches/escalations are report content.,Approved
REL-00295,6ab2197ba3fe6246bdb501391d22b71d0338d2c7,hr-enables,enables,Perform Position & P&L Analysis,Manage Risk Reporting,B:structural-nearness,OK,Validated P&L 'consumed' by management and risk — explicit.,Approved
REL-00387,6ab2197ba3fe6246bdb501391d22b71d0338d2c7,hr-enables,enables,Manage Financial System/GL,Manage AR/AP & Actuals,B:structural-nearness,OK,GL structures/posting rules are what AR/AP postings run on.,Approved
REL-00392,6ab2197ba3fe6246bdb501391d22b71d0338d2c7,hr-enables,enables,Develop Compliance Policies & Procedures,Monitor Internal Trading Compliance,B:structural-nearness,OK,Monitoring checks adherence to exactly these policies — set-versus-apply.,Approved
REL-00458,6ab2197ba3fe6246bdb501391d22b71d0338d2c7,hr-enables,enables,Assess & Manage Inventory Risk,Trading Management,B:structural-nearness,OK,Inventory-risk assessment submits hedging requirements to the authorized trading process; target is the parent capability — loose but not wrong.,Approved
REL-00494,6ab2197ba3fe6246bdb501391d22b71d0338d2c7,hr-enables,enables,Manage Product Transport Agreements,Settlements,B:structural-nearness,OK,Transport agreements define delivered pricing bases that settlement needs as charge determinants.,Approved
REL-00926,6ab2197ba3fe6246bdb501391d22b71d0338d2c7,hr-enables,enables,Maintain Commercial Policy Content and Approved Parameters,Establish Commercial Terms & Contracts,B:structural-nearness,OK,Terms are established 'within approved policies' from the maintained terms frameworks.,Approved
REL-00963,6ab2197ba3fe6246bdb501391d22b71d0338d2c7,hr-enables,enables,Manage Commercial Returns Authorization and Coordination,Create Credit Memo,B:structural-nearness,OK,Authorized returns hand 'financial credit to the billing controls'; credit memo acts on authorized instruction.,Approved
REL-00977,6ab2197ba3fe6246bdb501391d22b71d0338d2c7,hr-enables,enables,Analyze Portfolio Credit Risk,Maintain Credit Policies,B:structural-nearness,OK,"Portfolio-risk insights explicitly 'inform credit policies, limit strategies'.",Approved
REL-01049,6ab2197ba3fe6246bdb501391d22b71d0338d2c7,hr-enables,enables,Develop Root-Cause Analyses and Action Plans,Maintain Credit Policies,B:structural-nearness,OK,Dispute/deduction/collection root causes feed prevention action plans with owning processes incl. credit policy; weak but real.,Approved
REL-01115,6ab2197ba3fe6246bdb501391d22b71d0338d2c7,hr-enables,enables,Brand Standards Management,Ensure Card Design Compliance,B:structural-nearness,OK,Card designs must comply with 'enterprise brand standards' — explicit input.,Approved
REL-01259,6ab2197ba3fe6246bdb501391d22b71d0338d2c7,hr-enables,enables,Manage Credit & Risk,Capture And Manage Order Fulfillment,B:structural-nearness,OK,Credit & Risk is 'the decision home for every credit control'; orders validated 'against governed controls'.,Approved
REL-01287,6ab2197ba3fe6246bdb501391d22b71d0338d2c7,hr-enables,enables,Credit Risk Management,Trade Capture,B:structural-nearness,OK,Pre-trade authorization runs on credit limits/counterparty authorization.,Approved
REL-01288,6ab2197ba3fe6246bdb501391d22b71d0338d2c7,hr-enables,enables,Credit Risk Management,Contract Management,B:structural-nearness,OK,Counterparty creditworthiness assessment gates 'trading with authorized counterparties'.,Approved
REL-00050,6ab2197ba3fe6246bdb501391d22b71d0338d2c7,governed-by,governed-by,Monitor and Control Inventory Positions,Develop Finished Product Inventory Policy,B:structural-nearness,OK,Inventory policy explicitly governs finished-product inventory levels the monitoring controls.,Approved
REL-00067,6ab2197ba3fe6246bdb501391d22b71d0338d2c7,governed-by,governed-by,Manage Inventory Replenishment,Develop Finished Product Inventory Policy,B:structural-nearness,OK,Replenishment runs explicitly 'within inventory policy'.,Approved
REL-00190,6ab2197ba3fe6246bdb501391d22b71d0338d2c7,governed-by,governed-by,Obtain Trade Approval,Market Risk Management,B:structural-nearness,OK,Trade approval verifies authority under the DOA; Market Risk Management capability governs delegated authority. Weak (capability-level) but supported.,Approved
REL-00274,6ab2197ba3fe6246bdb501391d22b71d0338d2c7,governed-by,governed-by,Establish & Maintain Delegation Of Authority (DOA),Regulatory & Compliance,B:structural-nearness,OK,DOA sits inside the compliance program's control framework (delegation-of-authority adherence is a monitored control).,Approved
REL-00394,6ab2197ba3fe6246bdb501391d22b71d0338d2c7,governed-by,governed-by,Monitor External Trading Compliance,Develop Compliance Policies & Procedures,B:structural-nearness,OK,Monitoring checks adherence to these exact policies — set-versus-apply.,Approved
REL-00399,6ab2197ba3fe6246bdb501391d22b71d0338d2c7,governed-by,governed-by,Monitor Internal Trade Controls,Develop Compliance Policies & Procedures,B:structural-nearness,OK,Internal controls verified against the compliance policies — set-versus-apply.,Approved
REL-00406,6ab2197ba3fe6246bdb501391d22b71d0338d2c7,governed-by,governed-by,Manage RINs Reporting,Develop Compliance Policies & Procedures,B:structural-nearness,OK,RINs reporting is a compliance reporting obligation under the compliance program.,Approved
REL-00858,6ab2197ba3fe6246bdb501391d22b71d0338d2c7,governed-by,governed-by,Negotiate Rebate,Pricing Strategy Management,B:structural-nearness,OK,Rebate negotiation runs 'within the approved rebate architecture' under pricing guardrails.,Approved
REL-00907,6ab2197ba3fe6246bdb501391d22b71d0338d2c7,governed-by,governed-by,Manage Brand Standards and Inspections,Manage Licensing & IP,B:structural-nearness,OK,Brand standards implement the brand IP asset framework at sites; weak but defensible.,Approved
REL-00937,6ab2197ba3fe6246bdb501391d22b71d0338d2c7,governed-by,governed-by,Define Financing & Payment Methods,Maintain Credit Policies,B:structural-nearness,OK,"Financing methods defined 'within Treasury-approved instruments, Credit-approved exposure rules'.",Approved
REL-01005,6ab2197ba3fe6246bdb501391d22b71d0338d2c7,governed-by,governed-by,Perform Self-Billing Accounting,Establish Commercial Terms & Contracts,B:structural-nearness,OK,Self-billing validates against 'executed self-billing agreements' — the standing terms govern the accounting; set-versus-apply pattern.,Approved
REL-01143,6ab2197ba3fe6246bdb501391d22b71d0338d2c7,governed-by,governed-by,Terminal Operations Management,Develop Compliance Policies & Procedures,B:structural-nearness,ERROR,"Terminal Operations (site safety, fleet, asset integrity — CM-1-2-7-2) claimed governed-by the TRADING compliance program's policies (CM-1-2-4-3-1: market-conduct, information barriers, personal-account dealing). Trading-compliance policies do not govern terminal operations; unsupported cross-domain governance implication. Nearness at L1 was too coarse.",Hold for review
REL-01228,6ab2197ba3fe6246bdb501391d22b71d0338d2c7,governed-by,governed-by,Confirmations Management,Regulatory & Compliance,B:structural-nearness,HOLD-STRATUM-STOP,Provisional: confirmations operate under regulatory/compliance obligations — plausible; held without approval per stop rule after REL-01143.,Hold — stratum stop
REL-01256,6ab2197ba3fe6246bdb501391d22b71d0338d2c7,governed-by,governed-by,Capture And Manage Order Fulfillment,Manage Credit & Risk,B:structural-nearness,HOLD-STRATUM-STOP,Provisional: order fulfillment 'against governed controls' with credit as decision home — plausible; held without approval per stop rule after REL-01143.,Hold — stratum stop
REL-01286,6ab2197ba3fe6246bdb501391d22b71d0338d2c7,governed-by,governed-by,Credit Risk Management,Regulatory & Compliance,B:structural-nearness,HOLD-STRATUM-STOP,Provisional: credit-risk capability under the compliance framework — plausible; held without approval per stop rule after REL-01143.,Hold — stratum stop
REL-01313,6ab2197ba3fe6246bdb501391d22b71d0338d2c7,governed-by,governed-by,Loyalty and Cards Management (Marketing),Manage Credit & Risk,B:structural-nearness,HOLD-STRATUM-STOP,Provisional: loyalty/card programs carry credit exposure governed by credit & risk — plausible; held without approval per stop rule after REL-01143.,Hold — stratum stop
