row_id,group,source,source_slug,source_definition,verb,target,target_definition,evidence_tier,pipeline_emission_status,triage_note,pipeline_note,Hamid_decision,Hamid_rationale
REL-00152,HOLD for workbook correction (REL-00445 pattern),Perform Asset Optimization,CM-1-2-1-1-4,"Assess and optimize the commercial use of approved asset flexibility — including storage, transportation and terminal capacity, supply commitments, exchanges, and generation availability — against market conditions, identifying and valuing opportunities and providing recommendations to approved trading strategies within established plans and constraints.",enables,Trading Strategy Management,"Develop, approve, and steward the trading strategies the front office runs — defining each strategy's objective, markets, instruments, and horizon, aligning it with approved authorities and risk limits, reviewing performance, and adjusting or retiring strategies as conditions change.",PROMOTE,emitting; stored: (CM-1-2-1-4 core:dependsOnOutputOf CM-1-2-1-1-4),"Source provides recommendations to the trading-strategy decider; advisory, not enablement.","S&T enables sweep: one at a time. PTC-002: Refinery Planning and Optimization decides; Supply & Trading advises. A process that recommends, advises, or proposes an input another process may accept, modify, or reject is informed-by, not enables.",HOLD,"The source recommends, evaluates, or advises; the target retains decision or execution authority and may accept, modify, or reject the input. The asserted enables relation is not supported. Remove the existing fact, emit no substitute predicate, and route the source assertion for workbook-author correction and a fresh post-correction verdict. Hamid 2026-09-26."
REL-00262,HOLD for workbook correction (REL-00445 pattern),Conduct Advanced Risk Analytics,CM-1-2-2-3-12,"Analyze market risk beyond the standard measures — backtesting the measures against outcomes, analyzing model behavior and measure limitations, investigating risk concentrations and emerging exposures, and developing analytical improvements — recommending changes to methodologies, limits, and controls.",enables,Manage Risk Limits,"Establish, maintain, publish, and adjust market-risk limits — by book, strategy, commodity, tenor, and measure — derived from approved risk appetite; administer documented temporary-excess and exception decisions under delegated authority; and tighten or suspend limits when conditions or policy triggers require it.",PROMOTE,emitting; stored: (CM-1-2-2-3-6 core:enabledBy CM-1-2-2-3-12),Source recommends changes to limits/controls; Manage Risk Limits decides.,"S&T enables sweep: one at a time. PTC-002: Refinery Planning and Optimization decides; Supply & Trading advises. A process that recommends, advises, or proposes an input another process may accept, modify, or reject is informed-by, not enables.",HOLD,"The source recommends, evaluates, or advises; the target retains decision or execution authority and may accept, modify, or reject the input. The asserted enables relation is not supported. Remove the existing fact, emit no substitute predicate, and route the source assertion for workbook-author correction and a fresh post-correction verdict. Hamid 2026-09-26."
REL-00263,Hamid decides,Conduct Advanced Risk Analytics,CM-1-2-2-3-12,"Analyze market risk beyond the standard measures — backtesting the measures against outcomes, analyzing model behavior and measure limitations, investigating risk concentrations and emerging exposures, and developing analytical improvements — recommending changes to methodologies, limits, and controls.",enables,Manage Risk Reporting,"Produce governed internal market-risk reports — measures, limit utilization, breaches, scenario results, positions, and P&L, at agreed cadences for management and committees — and provide controlled inputs to applicable external or regulatory reporting through their accountable owners.",PROMOTE,emitting; stored: (CM-1-2-2-3-13 core:enabledBy CM-1-2-2-3-12),"Recommendations concern methodologies/limits, not the reporting target; may be an output dependency instead.","S&T enables sweep: one at a time. PTC-002: Refinery Planning and Optimization decides; Supply & Trading advises. A process that recommends, advises, or proposes an input another process may accept, modify, or reject is informed-by, not enables.",HOLD,"The asserted enables relation is not independently supported by the source and target definitions. The relationship may instead be informational, a governed output dependency, an event/approval handoff, or no separate relationship. Do not remap at emission. Remove the existing fact and send the source assertion for workbook-author clarification and a fresh verdict. Hamid 2026-09-26."
REL-00433,stays in enables review,Develop Term Slate,CM-1-2-5-1-3,"Develop the recommended term feedstock procurement slate — the portfolio of crudes and feedstocks proposed for supply under agreements with multi-period or continuing commercial commitments, screened for refinery quality compatibility and evaluated for sustained economic attractiveness — so term procurement and the feedstock recommendation rest on a quality-assured base-load supply plan.",enables,Recommend Feedstock Slate And Run Rate (CM-1-2-5-2-3),"Recommend the economically attractive feedstock slate and run rate to Refinery Planning — combining the demand signal, procurement slates, market prices, and supply economics into a trading-side recommendation that feeds the binding plan without setting it — so the refinery plan is informed by the best current supply-market view.",ResolvedToConcept,emitting; stored: (CM-1-2-5-2-3 core:enabledBy CM-1-2-5-1-3),Source develops the vetted term slate the recommendation rests on; makes the recommender able to operate.,"S&T enables sweep: one at a time. PTC-002: Refinery Planning and Optimization decides; Supply & Trading advises. A process that recommends, advises, or proposes an input another process may accept, modify, or reject is informed-by, not enables.",APPROVE,"The vetted, quality-screened term slate is a necessary base-load option set for formulating the feedstock recommendation. Bounded: enables recommendation-production, not the binding refinery plan. Hamid 2026-09-26."
REL-00436,stays in enables review,Develop Spot Slate,CM-1-2-5-1-4,"Develop the recommended spot feedstock procurement slate — the quality-screened spot supply candidates that address residual demand, supply disruption, quality constraints, timing needs, or economic opportunities after considering committed term supply, ranked by current economic attractiveness and availability — so spot procurement decisions start from a vetted, refinery-compatible option set.",enables,Recommend Feedstock Slate And Run Rate (CM-1-2-5-2-3),"Recommend the economically attractive feedstock slate and run rate to Refinery Planning — combining the demand signal, procurement slates, market prices, and supply economics into a trading-side recommendation that feeds the binding plan without setting it — so the refinery plan is informed by the best current supply-market view.",ResolvedToConcept,emitting; stored: (CM-1-2-5-2-3 core:dependsOnOutputOf CM-1-2-5-1-4),Source develops the vetted spot slate the recommendation rests on.,"S&T enables sweep: one at a time. PTC-002: Refinery Planning and Optimization decides; Supply & Trading advises. A process that recommends, advises, or proposes an input another process may accept, modify, or reject is informed-by, not enables.",HOLD,"The asserted enables relation is not independently supported by the source and target definitions. The relationship may instead be informational, a governed output dependency, an event/approval handoff, or no separate relationship. Do not remap at emission. Remove the existing fact and send the source assertion for workbook-author clarification and a fresh verdict. Hamid 2026-09-26."
REL-00437,stays in enables review,Develop Spot Slate,CM-1-2-5-1-4,"Develop the recommended spot feedstock procurement slate — the quality-screened spot supply candidates that address residual demand, supply disruption, quality constraints, timing needs, or economic opportunities after considering committed term supply, ranked by current economic attractiveness and availability — so spot procurement decisions start from a vetted, refinery-compatible option set.",enables,Coordinate Feedstock Trading,"Coordinate feedstock supply requirements with the trading processes — translating demand, slate recommendations, and schedule imbalances into requested purchases, sales, or exchanges with their grade, quality, quantity, timing, and delivery requirements, evaluating proposed trades for plan and schedule fit, and incorporating agreed volumes back into the supply plan.",PROMOTE,emitting; stored: (CM-1-2-5-2-1 core:enabledBy CM-1-2-5-1-4),Source provides the vetted option set that spot procurement decisions start from.,"S&T enables sweep: one at a time. PTC-002: Refinery Planning and Optimization decides; Supply & Trading advises. A process that recommends, advises, or proposes an input another process may accept, modify, or reject is informed-by, not enables.",APPROVE,"The quality-screened spot options make coordinated purchases, sales, and exchanges operationally actionable. Bounded: trading coordination on quality-screened choices, not directing/approving trades. Hamid 2026-09-26."
REL-00440,Hamid decides,Coordinate Feedstock Trading,CM-1-2-5-2-1,"Coordinate feedstock supply requirements with the trading processes — translating demand, slate recommendations, and schedule imbalances into requested purchases, sales, or exchanges with their grade, quality, quantity, timing, and delivery requirements, evaluating proposed trades for plan and schedule fit, and incorporating agreed volumes back into the supply plan.",enables,Trade Capture,"Perform the controlled pre-trade analysis, authorization, and post-execution recording of trades in the trading system — capturing complete commercial, operational, and regulatory terms by deal type and submitting required creation-data reports — so authorized transactions are available to confirmation, risk, actualization, settlement, and accounting processes.",PROMOTE,emitting; stored: (CM-1-2-1-3 core:enabledBy CM-1-2-5-2-1),"Coordination produces requested trades that capture records; may be dependsOnOutputOf, not enables.","S&T enables sweep: one at a time. PTC-002: Refinery Planning and Optimization decides; Supply & Trading advises. A process that recommends, advises, or proposes an input another process may accept, modify, or reject is informed-by, not enables.",HOLD,"The asserted enables relation is not independently supported by the source and target definitions. The relationship may instead be informational, a governed output dependency, an event/approval handoff, or no separate relationship. Do not remap at emission. Remove the existing fact and send the source assertion for workbook-author clarification and a fresh verdict. Hamid 2026-09-26."
REL-00455,Hamid decides,Plan Feedstock Arrival,CM-1-2-5-3-3,"Plan individual feedstock arrivals — coordinating laycans, arrival timing, and berth and discharge sequencing with the terminal and refinery, recommending or coordinating proposed tank destinations with refinery/terminal operations subject to their operational authority, and adjusting the arrival plan as vessels, pipelines, and refinery conditions develop — so each arrival is prepared for timely, safe, and quality-compatible receipt, subject to operational conditions and the governing agreements.",enables,Perform Vessel & Barge Actualization,"Actualize marine movements by vessel and barge — recording actual loaded and outturn quantities, qualities, and dates from bills of lading, independent inspection reports, and ship and shore figures per marine measurement practice, and identifying apparent voyage gains, losses, and quantity differences according to the contractual measurement basis — so marine transactions settle on verified actuals.",PROMOTE,emitting; stored: (CM-1-2-3-1-4 core:enabledBy CM-1-2-5-3-3),"Arrival plan may be a genuine prerequisite for actualization, or an informational input; needs a read.","S&T enables sweep: one at a time. PTC-002: Refinery Planning and Optimization decides; Supply & Trading advises. A process that recommends, advises, or proposes an input another process may accept, modify, or reject is informed-by, not enables.",HOLD,"The asserted enables relation is not independently supported by the source and target definitions. The relationship may instead be informational, a governed output dependency, an event/approval handoff, or no separate relationship. Do not remap at emission. Remove the existing fact and send the source assertion for workbook-author clarification and a fresh verdict. Hamid 2026-09-26."
REL-00458,HOLD for workbook correction (REL-00445 pattern),Assess & Manage Inventory Risk,CM-1-2-5-4-1,"Assess the price, supply-availability, disruption, quality, concentration, and working-capital risk associated with feedstock inventory positions; recommend inventory, supply, operational, and hedging mitigations to accountable owners; and submit approved hedging requirements to the authorized trading process so risk is visible, understood, and managed within approved appetite.",enables,Trading Management,"Trading management consists of processes performed in the front office such as forecasting, pre-trade analysis, managing counterparty credit and contracts, executing and capturing trades.",PROMOTE,emitting; stored: (CM-1-2-1 core:enabledBy CM-1-2-5-4-1),Source recommends mitigations to accountable owners; Trading Management is the authorized decider.,"S&T enables sweep: one at a time. PTC-002: Refinery Planning and Optimization decides; Supply & Trading advises. A process that recommends, advises, or proposes an input another process may accept, modify, or reject is informed-by, not enables.",HOLD,"The source recommends, evaluates, or advises; the target retains decision or execution authority and may accept, modify, or reject the input. The asserted enables relation is not supported. Remove the existing fact, emit no substitute predicate, and route the source assertion for workbook-author correction and a fresh post-correction verdict. Hamid 2026-09-26."
REL-00466,stays in enables review,Evaluate Market Attractiveness,CM-1-2-6-1-2,"Evaluate market attractiveness for supply-network participation using accessible demand, realizable supply margin, logistics reach and cost, supply reliability, specification and regulatory constraints, and network fit — so participation recommendations rest on a consistent supply-network economic evaluation.",enables,Supply Network Participation Analysis (CM-1-2-6-1),"Analyze the refined-product supply network's market participation — segmenting customers and markets on supply economics, evaluating market attractiveness for supply-network participation, and assessing cost-to-serve performance — and recommend where and whom the network should serve profitably, informing the network and participation decisions of the accountable commercial and planning owners.",ResolvedToConcept,HELD,Source provides the economic evaluation the participation analysis rests on.,"S&T enables sweep: one at a time. PTC-002: Refinery Planning and Optimization decides; Supply & Trading advises. A process that recommends, advises, or proposes an input another process may accept, modify, or reject is informed-by, not enables.",HOLD (existing hierarchy hold),Retained as held under the ancestor/descendant non-duplication rule. No fact; no further change. Hamid 2026-09-26.
REL-00469,stays in enables review,Assess Cost-to-Serve Performance,CM-1-2-6-1-3,"Assess the full cost of serving customers, segments, and markets from the refined-product supply network — supply, storage, handling, primary and secondary logistics, and service costs against realized margins — identifying where the network serves profitably, marginally, or at a loss, so participation and service recommendations rest on evidenced economics.",enables,Supply Network Participation Analysis (CM-1-2-6-1),"Analyze the refined-product supply network's market participation — segmenting customers and markets on supply economics, evaluating market attractiveness for supply-network participation, and assessing cost-to-serve performance — and recommend where and whom the network should serve profitably, informing the network and participation decisions of the accountable commercial and planning owners.",ResolvedToConcept,HELD,Source provides the evidenced economics the participation recommendations rest on.,"S&T enables sweep: one at a time. PTC-002: Refinery Planning and Optimization decides; Supply & Trading advises. A process that recommends, advises, or proposes an input another process may accept, modify, or reject is informed-by, not enables.",HOLD (existing hierarchy hold),Retained as held under the ancestor/descendant non-duplication rule. No fact; no further change. Hamid 2026-09-26.
REL-00489,stays in enables review,Manage Product Exchange Agreements,CM-1-2-7-1-1,"Negotiate and administer product exchange agreements — the terms under which product is exchanged with other suppliers across locations and time — owning the entitlement rules, differentials, and contractual imbalance calculation and treatment, and recommending or making delegated commercial decisions on imbalance resolution, so exchange supply operates against governed agreements with controlled balances.",enables,Manage Refined Product Exchanges,"Coordinate operational utilization of product-exchange entitlements to support approved demand and supply requirements by monitoring available exchange positions, planning proposed lifting and delivery use by location and period, and communicating utilization requirements to the relevant agreement, trading, supply, and scheduling processes.",PROMOTE,emitting; stored: (CM-1-2-6-2-2 core:dependsOnOutputOf CM-1-2-7-1-1),Source owns the governed agreements/entitlement rules the exchange operation runs against.,"S&T enables sweep: one at a time. PTC-002: Refinery Planning and Optimization decides; Supply & Trading advises. A process that recommends, advises, or proposes an input another process may accept, modify, or reject is informed-by, not enables.",APPROVE,"Exchange utilization operates against the entitlement rules, differentials, contractual imbalance calculations, and governed agreement terms owned by Manage Product Exchange Agreements. Reviewer-approved core:enabledBy (override of the G1-redundant group proposal). Hamid 2026-09-26."
REL-00712,Hamid decides,Develop R&D Implementation Plans,CM-1-3-4-1-3,"Develop the R&D implementation plans that mobilize the innovation vision — programs, priorities, capability and partner needs, and resource requirements — as approval-ready recommendations into the applicable delegated authorities.",enables,Concept & Feasibility Study,"Develop and evaluate product and service concepts — ideation from evidenced needs, research on candidate concepts, and feasibility assessment across market, technical, commercial, and regulatory dimensions — so only concepts that survive evidence and feasibility reach development.",PROMOTE,emitting; stored: (CM-1-3-4-2 core:enabledBy CM-1-3-4-1-3),Approval-ready recommendations feed the feasibility study; may be informed-by rather than enables.,"S&T enables sweep: one at a time. PTC-002: Refinery Planning and Optimization decides; Supply & Trading advises. A process that recommends, advises, or proposes an input another process may accept, modify, or reject is informed-by, not enables.",HOLD,"The asserted enables relation is not independently supported by the source and target definitions. The relationship may instead be informational, a governed output dependency, an event/approval handoff, or no separate relationship. Do not remap at emission. Remove the existing fact and send the source assertion for workbook-author clarification and a fresh verdict. Hamid 2026-09-26."
REL-00750,Hamid decides,Develop Portfolio Recommendations and Track Decisions,CM-1-3-4-5-4,"Develop the portfolio recommendations and track delegated decisions — consolidating assessments into stage, stop, accelerate, extend, reposition, and retirement recommendations across the product, service, and R&D portfolios, submitting them to the applicable delegated authorities, and tracking execution of approved decisions through the accountable processes.",enables,Manage Product/Service Change,"Manage controlled change to existing products and services by assessing specification, formulation, service-design, regulatory, quality, supply, customer, pricing, tax, data, offer, channel, inventory, and operational impacts; obtaining required approvals; and coordinating effective-dated implementation and transition.",PROMOTE,emitting; stored: (CM-1-3-4-3-3 core:enabledBy CM-1-3-4-5-4),"Recommendations go to delegated authorities, not to the target; target executes approved decisions.","S&T enables sweep: one at a time. PTC-002: Refinery Planning and Optimization decides; Supply & Trading advises. A process that recommends, advises, or proposes an input another process may accept, modify, or reject is informed-by, not enables.",HOLD,"The asserted enables relation is not independently supported by the source and target definitions. The relationship may instead be informational, a governed output dependency, an event/approval handoff, or no separate relationship. Do not remap at emission. Remove the existing fact and send the source assertion for workbook-author clarification and a fresh verdict. Hamid 2026-09-26."
REL-01064,Hamid decides,Determine Taxability,CM-1-3-8-4-5,"Assess and prepare taxability-treatment recommendations for Tax approval, including new or changed product, channel, jurisdiction, exemption, and exception classes; evaluate reporting/remittance implications; and coordinate approved treatment changes into governed tax data and procedures.",enables,Maintain Tax Master Data,"Maintain governed tax master records as directed by the accountable tax owners, with effective-dating aligned to legal effectivity, so that taxability determination and tax calculation in transactions consume current, authorized tax data.",PROMOTE,emitting; stored: (CM-1-3-7-1-4 core:enabledBy CM-1-3-8-4-5),Recommendations go to Tax for approval; approved changes feed master-data maintenance as input.,"S&T enables sweep: one at a time. PTC-002: Refinery Planning and Optimization decides; Supply & Trading advises. A process that recommends, advises, or proposes an input another process may accept, modify, or reject is informed-by, not enables.",HOLD,"The asserted enables relation is not independently supported by the source and target definitions. The relationship may instead be informational, a governed output dependency, an event/approval handoff, or no separate relationship. Do not remap at emission. Remove the existing fact and send the source assertion for workbook-author clarification and a fresh verdict. Hamid 2026-09-26."
REL-01122,HOLD for workbook correction (REL-00445 pattern),Energy & Utility Management,CM-1-1-7-3,"Optimize energy, utility, and emissions-allowance economics within refinery planning and scheduling by setting sourcing strategies, economic targets, and allowance-position recommendations that inform the production schedule.",enables,Daily Execution Planning,"Translate the current production schedule into each day's refinery execution basis — updating the day's scheduling instructions and commitments, confirming the schedule-level resources the day depends on, and closing the daily production accounting balance — so the refinery works each day from a current, feasible, accounted-for scheduling basis.",PROMOTE,emitting; stored: (CM-1-1-7-1 core:enabledBy CM-1-1-7-3),Source definition itself says the recommendations 'inform the production schedule'; Daily Execution Planning decides.,"S&T enables sweep: one at a time. PTC-002: Refinery Planning and Optimization decides; Supply & Trading advises. A process that recommends, advises, or proposes an input another process may accept, modify, or reject is informed-by, not enables.",HOLD,"The source recommends, evaluates, or advises; the target retains decision or execution authority and may accept, modify, or reject the input. The asserted enables relation is not supported. Remove the existing fact, emit no substitute predicate, and route the source assertion for workbook-author correction and a fresh post-correction verdict. Hamid 2026-09-26."
REL-01124,stays in enables review,Crude/Feed Demand Management,CM-1-2-5-2,"Translate the refinery production plan into feedstock supply action — developing the feedstock demand signal, recommending the economically attractive feedstock slate and run rate to Refinery Planning, and coordinating the resulting requirements with the trading processes — so feedstock supply is planned against a validated demand and an economically informed recommendation.",enables,Trading Management,"Trading management consists of processes performed in the front office such as forecasting, pre-trade analysis, managing counterparty credit and contracts, executing and capturing trades.",PROMOTE,emitting; stored: (CM-1-2-1 core:enabledBy CM-1-2-5-2),Source provides the validated feedstock demand signal and coordinates requirements with trading.,"S&T enables sweep: one at a time. PTC-002: Refinery Planning and Optimization decides; Supply & Trading advises. A process that recommends, advises, or proposes an input another process may accept, modify, or reject is informed-by, not enables.",APPROVE,"The validated feedstock-demand signal and coordinated requirements make relevant feedstock-trading action executable within the supply plan. Bounded: enables the feedstock-supply/trading action path, not decision authority over Trading Management. Hamid 2026-09-26."
REL-01129,HOLD for workbook correction (REL-00445 pattern),Supply Network Participation Analysis,CM-1-2-6-1,"Analyze the refined-product supply network's market participation — segmenting customers and markets on supply economics, evaluating market attractiveness for supply-network participation, and assessing cost-to-serve performance — and recommend where and whom the network should serve profitably, informing the network and participation decisions of the accountable commercial and planning owners.",enables,Regional Optimization,"Optimize the integrated regional supply, demand, production, inventory, and product-movement plan to maximize commercial margin and reliably fulfill customer commitments within refinery, terminal, transportation, product-quality, and contractual constraints.",PROMOTE,emitting; stored: (CM-1-1-2 core:enabledBy CM-1-2-6-1),Source recommends where/whom to serve; Regional Optimization (planning owner) decides.,"S&T enables sweep: one at a time. PTC-002: Refinery Planning and Optimization decides; Supply & Trading advises. A process that recommends, advises, or proposes an input another process may accept, modify, or reject is informed-by, not enables.",HOLD,"The source recommends, evaluates, or advises; the target retains decision or execution authority and may accept, modify, or reject the input. The asserted enables relation is not supported. Remove the existing fact, emit no substitute predicate, and route the source assertion for workbook-author correction and a fresh post-correction verdict. Hamid 2026-09-26."
REL-01172,stays in enables review,Crude/Feed Quality Management,CM-1-2-5-1,"The capability to keep feedstock selection running on trustworthy quality and economic information — maintaining validated crude and feedstock quality data, reviewing the integrity of the evaluation models that consume it, and developing the quality-screened term and spot procurement slates that feed the feedstock recommendation and trading execution.",enables,Recommend Feedstock Slate And Run Rate (CM-1-2-5-2-3),"Recommend the economically attractive feedstock slate and run rate to Refinery Planning — combining the demand signal, procurement slates, market prices, and supply economics into a trading-side recommendation that feeds the binding plan without setting it — so the refinery plan is informed by the best current supply-market view.",ResolvedToConcept,emitting; stored: (CM-1-2-5-2-3 core:enabledBy CM-1-2-5-1),Source develops the quality-screened slates that feed the feedstock recommendation.,"S&T enables sweep: one at a time. PTC-002: Refinery Planning and Optimization decides; Supply & Trading advises. A process that recommends, advises, or proposes an input another process may accept, modify, or reject is informed-by, not enables.",APPROVE,"Validated quality/economic data and quality-screened term/spot slates provide the operating base for the recommendation. Bounded: recommendation-production, not the binding refinery plan. Hamid 2026-09-26."
REL-01174,stays in enables review,Crude/Feed Quality Management,CM-1-2-5-1,"The capability to keep feedstock selection running on trustworthy quality and economic information — maintaining validated crude and feedstock quality data, reviewing the integrity of the evaluation models that consume it, and developing the quality-screened term and spot procurement slates that feed the feedstock recommendation and trading execution.",enables,Coordinate Feedstock Trading,"Coordinate feedstock supply requirements with the trading processes — translating demand, slate recommendations, and schedule imbalances into requested purchases, sales, or exchanges with their grade, quality, quantity, timing, and delivery requirements, evaluating proposed trades for plan and schedule fit, and incorporating agreed volumes back into the supply plan.",PROMOTE,emitting; stored: (CM-1-2-5-2-1 core:enabledBy CM-1-2-5-1),Source develops the quality-screened slates that feed trading execution.,"S&T enables sweep: one at a time. PTC-002: Refinery Planning and Optimization decides; Supply & Trading advises. A process that recommends, advises, or proposes an input another process may accept, modify, or reject is informed-by, not enables.",APPROVE,Quality-screened slates and validated quality information make execution of feedstock trading requirements feasible. Bounded: trading coordination on quality-screened choices. Hamid 2026-09-26.
REL-01206,Hamid decides,Lifecycle Management,CM-1-3-4-5,"Manage the lifecycle and portfolio of downstream products, services, and R&D initiatives by identifying technology needs, valuing and assessing portfolio elements, and developing evidence-based stage, stop, accelerate, extend, reposition, and retirement recommendations for the applicable delegated authorities.",enables,Manage Product/Service Change,"Manage controlled change to existing products and services by assessing specification, formulation, service-design, regulatory, quality, supply, customer, pricing, tax, data, offer, channel, inventory, and operational impacts; obtaining required approvals; and coordinating effective-dated implementation and transition.",PROMOTE,emitting; stored: (CM-1-3-4-3-3 core:enabledBy CM-1-3-4-5),Recommendations go to delegated authorities; target executes approved changes.,"S&T enables sweep: one at a time. PTC-002: Refinery Planning and Optimization decides; Supply & Trading advises. A process that recommends, advises, or proposes an input another process may accept, modify, or reject is informed-by, not enables.",HOLD,"The asserted enables relation is not independently supported by the source and target definitions. The relationship may instead be informational, a governed output dependency, an event/approval handoff, or no separate relationship. Do not remap at emission. Remove the existing fact and send the source assertion for workbook-author clarification and a fresh verdict. Hamid 2026-09-26."
