row_id,source_slug,raw_target,patterns,definition_excerpt,disposition,triage,triage_note,proposed
REL-00152,CM-1-2-1-1-4,Trading Strategy Management,\brecommend\w*," against market conditions, identifying and valuing opportunities and providing recommendations to approved trading strategies within established plans and constraints.",SoleCandidate,PATTERN-hold,"Source provides recommendations to the trading-strategy decider; advisory, not enablement.",HOLD for workbook correction (REL-00445 pattern)
REL-00262,CM-1-2-2-3-12,Manage Risk Limits,\brecommend\w*,"concentrations and emerging exposures, and developing analytical improvements — recommending changes to methodologies, limits, and controls.",SoleCandidate,PATTERN-hold,Source recommends changes to limits/controls; Manage Risk Limits decides.,HOLD for workbook correction (REL-00445 pattern)
REL-00263,CM-1-2-2-3-12,Manage Risk Reporting,\brecommend\w*,"concentrations and emerging exposures, and developing analytical improvements — recommending changes to methodologies, limits, and controls.",SoleCandidate,AMBIGUOUS,"Recommendations concern methodologies/limits, not the reporting target; may be an output dependency instead.",Hamid decides
REL-00433,CM-1-2-5-1-3,Recommend Feedstock Slate And Run Rate (CM-1-2-5-2-3),\brecommend\w*,Develop the recommended term feedstock procurement slate — the portfolio of crudes and feedstocks propo,ResolvedToConcept,GENUINE-stays,Source develops the vetted term slate the recommendation rests on; makes the recommender able to operate.,stays in enables review
REL-00436,CM-1-2-5-1-4,Recommend Feedstock Slate And Run Rate (CM-1-2-5-2-3),\brecommend\w*,Develop the recommended spot feedstock procurement slate — the quality-screened spot supply candidates ,ResolvedToConcept,GENUINE-stays,Source develops the vetted spot slate the recommendation rests on.,stays in enables review
REL-00437,CM-1-2-5-1-4,Coordinate Feedstock Trading,\brecommend\w*,Develop the recommended spot feedstock procurement slate — the quality-screened spot supply candidates ,SoleCandidate,GENUINE-stays,Source provides the vetted option set that spot procurement decisions start from.,stays in enables review
REL-00440,CM-1-2-5-2-1,Trade Capture,\brecommend\w*,"tock supply requirements with the trading processes — translating demand, slate recommendations, and schedule imbalances into requested purchases, sales, or exchanges with the",SoleCandidate,AMBIGUOUS,"Coordination produces requested trades that capture records; may be dependsOnOutputOf, not enables.",Hamid decides
REL-00455,CM-1-2-5-3-3,Perform Vessel & Barge Actualization,\brecommend\w*,"ival timing, and berth and discharge sequencing with the terminal and refinery, recommending or coordinating proposed tank destinations with refinery/terminal operations su",SoleCandidate,AMBIGUOUS,"Arrival plan may be a genuine prerequisite for actualization, or an informational input; needs a read.",Hamid decides
REL-00458,CM-1-2-5-4-1,Trading Management,\brecommend\w*,"ration, and working-capital risk associated with feedstock inventory positions; recommend inventory, supply, operational, and hedging mitigations to accountable owners; ",SoleCandidate,PATTERN-hold,Source recommends mitigations to accountable owners; Trading Management is the authorized decider.,HOLD for workbook correction (REL-00445 pattern)
REL-00466,CM-1-2-6-1-2,Supply Network Participation Analysis (CM-1-2-6-1),\brecommend\w*,"y, specification and regulatory constraints, and network fit — so participation recommendations rest on a consistent supply-network economic evaluation.",ResolvedToConcept,GENUINE-stays,Source provides the economic evaluation the participation analysis rests on.,stays in enables review
REL-00469,CM-1-2-6-1-3,Supply Network Participation Analysis (CM-1-2-6-1),\brecommend\w*,"twork serves profitably, marginally, or at a loss, so participation and service recommendations rest on evidenced economics.",ResolvedToConcept,GENUINE-stays,Source provides the evidenced economics the participation recommendations rest on.,stays in enables review
REL-00489,CM-1-2-7-1-1,Manage Refined Product Exchanges,\brecommend\w*," rules, differentials, and contractual imbalance calculation and treatment, and recommending or making delegated commercial decisions on imbalance resolution, so exchange s",SoleCandidate,GENUINE-stays,Source owns the governed agreements/entitlement rules the exchange operation runs against.,stays in enables review
REL-00712,CM-1-3-4-1-3,Concept & Feasibility Study,\brecommend\w*,"es, capability and partner needs, and resource requirements — as approval-ready recommendations into the applicable delegated authorities.",SoleCandidate,AMBIGUOUS,Approval-ready recommendations feed the feasibility study; may be informed-by rather than enables.,Hamid decides
REL-00750,CM-1-3-4-5-4,Manage Product/Service Change,\brecommend\w*,"Develop the portfolio recommendations and track delegated decisions — consolidating assessments into stage, stop, acc",SoleCandidate,AMBIGUOUS,"Recommendations go to delegated authorities, not to the target; target executes approved decisions.",Hamid decides
REL-01064,CM-1-3-8-4-5,Maintain Tax Master Data,\brecommend\w*,"Assess and prepare taxability-treatment recommendations for Tax approval, including new or changed product, channel, jurisdiction, exem",SoleCandidate,AMBIGUOUS,Recommendations go to Tax for approval; approved changes feed master-data maintenance as input.,Hamid decides
REL-01122,CM-1-1-7-3,Daily Execution Planning,\brecommend\w*,"duling by setting sourcing strategies, economic targets, and allowance-position recommendations that inform the production schedule.",SoleCandidate,PATTERN-hold,Source definition itself says the recommendations 'inform the production schedule'; Daily Execution Planning decides.,HOLD for workbook correction (REL-00445 pattern)
REL-01124,CM-1-2-5-2,Trading Management,\brecommend\w*,"ion plan into feedstock supply action — developing the feedstock demand signal, recommending the economically attractive feedstock slate and run rate to Refinery Planning, ",SoleCandidate,GENUINE-stays,Source provides the validated feedstock demand signal and coordinates requirements with trading.,stays in enables review
REL-01129,CM-1-2-6-1,Regional Optimization,\brecommend\w*,"for supply-network participation, and assessing cost-to-serve performance — and recommend where and whom the network should serve profitably, informing the network and p",SoleCandidate,PATTERN-hold,Source recommends where/whom to serve; Regional Optimization (planning owner) decides.,HOLD for workbook correction (REL-00445 pattern)
REL-01172,CM-1-2-5-1,Recommend Feedstock Slate And Run Rate (CM-1-2-5-2-3),\brecommend\w*,g the quality-screened term and spot procurement slates that feed the feedstock recommendation and trading execution.,ResolvedToConcept,GENUINE-stays,Source develops the quality-screened slates that feed the feedstock recommendation.,stays in enables review
REL-01174,CM-1-2-5-1,Coordinate Feedstock Trading,\brecommend\w*,g the quality-screened term and spot procurement slates that feed the feedstock recommendation and trading execution.,SoleCandidate,GENUINE-stays,Source develops the quality-screened slates that feed trading execution.,stays in enables review
REL-01206,CM-1-3-4-5,Manage Product/Service Change,\brecommend\w*,"ping evidence-based stage, stop, accelerate, extend, reposition, and retirement recommendations for the applicable delegated authorities.",SoleCandidate,AMBIGUOUS,Recommendations go to delegated authorities; target executes approved changes.,Hamid decides
