row_id,source,source_slug,source_definition,verb,target,target_slug,target_definition,evidence_tier,pipeline_emission_status,proposed_predicate,pipeline_rationale,deferred_marker,Hamid_decision,Hamid_rationale
REL-00049,Monitor and Control Inventory Positions,CM-1-1-3-7-12,"Monitor and control actual and projected inventory positions for finished products and intermediates: identify operating-limit, availability, ownership, quality, location, and balance exceptions, coordinate timely response, and provide reliable current-position information to planning and operational stakeholders.",triggers,Manage Inventory Replenishment,CM-1-1-3-7-9,Plan and trigger the replenishment of finished-product stock points across the distribution network — determining when and how much to resupply each terminal and depot within inventory policy and the approved plan — so locations stay between minimum and maximum operating levels without emergency movements.,PROMOTE,emitting; stored: (CM-1-1-3-7-9 core:triggeredBy CM-1-1-3-7-12),core:triggeredBy (canonical direction: triggered activity → triggering activity),Inventory-position monitoring hitting a threshold initiates replenishment — classic event trigger.,0 deferred rows in this batch; none of the 12 deferred rows uses triggers,APPROVE,Trigger pattern: Inventory threshold/position exception. Retained stored fact (CM-1-1-3-7-9 core:triggeredBy CM-1-1-3-7-12). Hamid 2026-09-26.
REL-00127,Manage Production Schedule Exceptions,CM-1-1-7-2-4,"Detect, assess, and resolve deviations from the production schedule — unit upsets, feed or quality surprises, outage changes, and demand shifts — deciding schedule responses, triggering rescheduling, and escalating deviations that break the approved plan to planning.",triggers,Create Production Scheduling and Sequencing Plan,CM-1-1-7-2-3,"Build the dated production schedule and sequencing plan for the scheduling horizon — assigning campaigns, schedule-level unit commitments, blends, and movements to dates and sequences within the approved plan, the production wheel, and current constraints — producing the schedule that provides the approved basis for refinery execution.",PROMOTE,emitting; stored: (CM-1-1-7-2-3 core:triggeredBy CM-1-1-7-2-4),core:triggeredBy (canonical direction: triggered activity → triggering activity),A production-schedule exception forces regeneration/re-sequencing of the schedule — exception trigger.,0 deferred rows in this batch; none of the 12 deferred rows uses triggers,APPROVE,Trigger pattern: Schedule deviation and rescheduling. Retained stored fact (CM-1-1-7-2-3 core:triggeredBy CM-1-1-7-2-4). Hamid 2026-09-26.
REL-00163,Monitor Contracts,CM-1-2-1-2-11,"Monitor active agreements against their terms — tracking obligations, commitments, expiries, renewal windows, and utilization against contracted volumes and service levels — surfacing issues to the responsible owners before they become breaches or lapses.",triggers,Manage Existing Contract,CM-1-2-1-2-6,"Maintain active agreements through their life — processing approved amendments, extensions, and renewals, keeping recorded terms synchronized with what the parties have agreed, and managing agreement documentation and versions — so the contract record always reflects the operative agreement.",PROMOTE,emitting; stored: (CM-1-2-1-2-6 core:triggeredBy CM-1-2-1-2-11),core:triggeredBy (canonical direction: triggered activity → triggering activity),Contract monitoring detecting a condition requiring action invokes existing-contract management — monitoring trigger.,0 deferred rows in this batch; none of the 12 deferred rows uses triggers,APPROVE,"Trigger pattern: Contract condition, expiry, renewal, or issue. Retained stored fact (CM-1-2-1-2-6 core:triggeredBy CM-1-2-1-2-11). Hamid 2026-09-26."
REL-00169,Manage M&A Activity,CM-1-2-1-2-4,"Administer the counterparty, agreement, trade-record, and obligation consequences of merger, acquisition, divestiture, restructuring, or legal-entity change events affecting either a trading counterparty or the company's own trading entities — coordinating, recording, and operationalizing the resulting novations, assignments, renamings, and record transfers once required legal documentation and approvals are complete.",triggers,Terminate/Novate Counterparty,CM-1-2-1-2-3,"Coordinate the administrative counterparty offboarding or transfer — confirming that affected positions, agreements, collateral, payment instructions, and reporting responsibilities have been closed, settled, transferred, or queued for legally effective novation — and deactivate or transition counterparty records with preserved history.",PROMOTE,emitting; stored: (CM-1-2-1-2-3 core:triggeredBy CM-1-2-1-2-4),core:triggeredBy (canonical direction: triggered activity → triggering activity),M&A activity (entity change) requires counterparty termination/novation — corporate-action trigger.,0 deferred rows in this batch; none of the 12 deferred rows uses triggers,APPROVE,"Trigger pattern: Corporate/legal-entity event. Retained stored fact (CM-1-2-1-2-3 core:triggeredBy CM-1-2-1-2-4). Approved: M&A activity explicitly operationalizes merger/acquisition/divestiture/restructuring/legal-entity change consequences, including novations and assignments; termination/novation is an action pathway invoked by such events. Hamid 2026-09-26."
REL-00170,Manage M&A Activity,CM-1-2-1-2-4,"Administer the counterparty, agreement, trade-record, and obligation consequences of merger, acquisition, divestiture, restructuring, or legal-entity change events affecting either a trading counterparty or the company's own trading entities — coordinating, recording, and operationalizing the resulting novations, assignments, renamings, and record transfers once required legal documentation and approvals are complete.",triggers,Terminate/Novate Contract,CM-1-2-1-2-7,"End or transfer an agreement in a controlled way — confirming obligations under it are fulfilled, settled, or queued for legally effective novation, executing the administrative termination or transfer steps, and closing the agreement record with its history preserved.",PROMOTE,emitting; stored: (CM-1-2-1-2-7 core:triggeredBy CM-1-2-1-2-4),core:triggeredBy (canonical direction: triggered activity → triggering activity),M&A activity (entity change) requires contract termination/novation — corporate-action trigger.,0 deferred rows in this batch; none of the 12 deferred rows uses triggers,APPROVE,Trigger pattern: Corporate/legal-entity event. Retained stored fact (CM-1-2-1-2-7 core:triggeredBy CM-1-2-1-2-4). Same as REL-00169 (contract termination/novation). Hamid 2026-09-26.
REL-00235,Monitor & Analyze Credit,CM-1-2-2-1-7,"Continuously watch counterparty credit — exposures against limits, breach detection and aging, and early-warning signals from ratings, news, payment behavior, and market indicators — escalating breaches and deterioration per policy and triggering reassessment where warranted.",triggers,Perform Counterparty Credit Reviews,CM-1-2-2-1-1,"Assess a counterparty's creditworthiness — at onboarding, on a periodic cycle, and on trigger events — analyzing financial statements, ratings, ownership and support structures, payment behavior, and qualitative factors, and assigning or updating the internal credit assessment that limits and monitoring run on.",PROMOTE,emitting; stored: (CM-1-2-2-1-1 core:triggeredBy CM-1-2-2-1-7),core:triggeredBy (canonical direction: triggered activity → triggering activity),Credit monitoring/analysis detecting deterioration invokes a counterparty credit review — monitoring trigger.,0 deferred rows in this batch; none of the 12 deferred rows uses triggers,APPROVE,Trigger pattern: Credit deterioration or breach. Retained stored fact (CM-1-2-2-1-1 core:triggeredBy CM-1-2-2-1-7). Hamid 2026-09-26.
REL-00236,Monitor & Analyze Credit,CM-1-2-2-1-7,"Continuously watch counterparty credit — exposures against limits, breach detection and aging, and early-warning signals from ratings, news, payment behavior, and market indicators — escalating breaches and deterioration per policy and triggering reassessment where warranted.",triggers,Manage Credit Limits,CM-1-2-2-1-2,"Establish, maintain, publish, and adjust credit limits for trading counterparties and counterparty groups — based on approved credit assessments, risk appetite, exposure methodology, and credit-support arrangements — administer documented temporary-excess and exception decisions under delegated authority, and reduce, suspend, or withdraw limits when deterioration or policy triggers require it.",PROMOTE,emitting; stored: (CM-1-2-2-1-2 core:triggeredBy CM-1-2-2-1-7),core:triggeredBy (canonical direction: triggered activity → triggering activity),Credit monitoring/analysis detecting deterioration invokes credit-limit management — monitoring trigger.,0 deferred rows in this batch; none of the 12 deferred rows uses triggers,APPROVE,"Trigger pattern: Deterioration, breach, or policy trigger. Retained stored fact (CM-1-2-2-1-2 core:triggeredBy CM-1-2-2-1-7). Hamid 2026-09-26."
REL-00246,Manage Trade Modifications,CM-1-2-2-2-3,"Coordinate the confirmation-side processing of agreed post-execution changes to a trade — including amendments, allocations, partial terminations, and early terminations — by validating counterparty agreement, initiating or validating the required controlled trade-record update, re-confirming revised terms, and triggering applicable lifecycle reporting.",triggers,Report Confirmation To SDR,CM-1-2-2-2-4,"Report confirmation and lifecycle events for reportable transactions under an applicable trade-reporting regime — submitting required continuation data for amendments, terminations, and other post-execution events to the designated registered swap data repository within applicable deadlines, where the organization holds reporting responsibility — correcting errors and retaining reporting evidence.",PROMOTE,emitting; stored: (CM-1-2-2-2-4 core:triggeredBy CM-1-2-2-2-3),core:triggeredBy (canonical direction: triggered activity → triggering activity),A trade modification creates a regulatory reporting obligation to the SDR — compliance-event trigger.,0 deferred rows in this batch; none of the 12 deferred rows uses triggers,APPROVE,Trigger pattern: Reportable lifecycle event. Retained stored fact (CM-1-2-2-2-4 core:triggeredBy CM-1-2-2-2-3). Hamid 2026-09-26.
REL-00252,Manage Confirm Disputes,CM-1-2-2-2-5,"Resolve confirmation mismatches and disputes — logging discrepancies between the capture record and the counterparty's confirmation, investigating against execution evidence, agreeing the correct terms with the counterparty, and driving the resolution into the records and any required re-reporting.",triggers,Manage Trade Modifications,CM-1-2-2-2-3,"Coordinate the confirmation-side processing of agreed post-execution changes to a trade — including amendments, allocations, partial terminations, and early terminations — by validating counterparty agreement, initiating or validating the required controlled trade-record update, re-confirming revised terms, and triggering applicable lifecycle reporting.",PROMOTE,emitting; stored: (CM-1-2-2-2-3 core:triggeredBy CM-1-2-2-2-5),core:triggeredBy (canonical direction: triggered activity → triggering activity),A confirmation dispute invokes trade-modification handling — exception trigger.,0 deferred rows in this batch; none of the 12 deferred rows uses triggers,APPROVE,Trigger pattern: Confirmation discrepancy/exception. Retained stored fact (CM-1-2-2-2-3 core:triggeredBy CM-1-2-2-2-5). Hamid 2026-09-26.
REL-00291,Monitor Risk,CM-1-2-2-3-8,"Continuously watch market risk against limits — detecting breaches and near-breaches, escalating them per policy, tracking them to resolution, and watching concentration and regime signals — so no excursion goes unseen or unescalated.",triggers,Manage Risk Limits,CM-1-2-2-3-6,"Establish, maintain, publish, and adjust market-risk limits — by book, strategy, commodity, tenor, and measure — derived from approved risk appetite; administer documented temporary-excess and exception decisions under delegated authority; and tighten or suspend limits when conditions or policy triggers require it.",PROMOTE,emitting; stored: (CM-1-2-2-3-6 core:triggeredBy CM-1-2-2-3-8),core:triggeredBy (canonical direction: triggered activity → triggering activity),Risk monitoring breaching a threshold invokes risk-limit management — monitoring trigger.,0 deferred rows in this batch; none of the 12 deferred rows uses triggers,APPROVE,Trigger pattern: Risk-limit breach or near-breach. Retained stored fact (CM-1-2-2-3-6 core:triggeredBy CM-1-2-2-3-8). Hamid 2026-09-26.
REL-00396,Monitor External Trading Compliance,CM-1-2-4-3-2,"Monitor supply and trading activity for compliance with external law, regulation, and market rules — market-conduct and anti-manipulation surveillance, position-limit monitoring, exchange and market-rule adherence, licensing and registration status, and completion of regulatory reporting obligations by their owners — surfacing potential violations for assessment and escalation.",triggers,Manage Exceptions,CM-1-2-4-3-7,"Manage compliance exceptions through their lifecycle — logging and classifying identified violations, control failures, and approved deviations, assessing severity and regulatory implications, coordinating waiver, remediation-plan, and closure approvals under the documented compliance delegation, tracking remediation to closure, and evidencing the record — so every compliance gap is visibly owned, decided, and closed.",PROMOTE,emitting; stored: (CM-1-2-4-3-7 core:triggeredBy CM-1-2-4-3-2),core:triggeredBy (canonical direction: triggered activity → triggering activity),External trading-compliance monitoring detecting an issue raises an exception — monitoring trigger.,0 deferred rows in this batch; none of the 12 deferred rows uses triggers,APPROVE,Trigger pattern: Potential external-regulatory violation. Retained stored fact (CM-1-2-4-3-7 core:triggeredBy CM-1-2-4-3-2). Approved per the monitoring-finding → exception-workflow pattern: the source detects/escalates potential external-regulatory breaches; Manage Exceptions logs and classifies violations and coordinates remediation/waiver and closure. Hamid 2026-09-26.
REL-00398,Monitor Internal Trading Compliance,CM-1-2-4-3-3,"Monitor adherence to the organization's internal trading compliance policies — conduct rules, information barriers, personal-account dealing, gifts and entertainment, communications requirements, and required compliance training — surfacing violations and adverse patterns for assessment and escalation.",triggers,Manage Exceptions,CM-1-2-4-3-7,"Manage compliance exceptions through their lifecycle — logging and classifying identified violations, control failures, and approved deviations, assessing severity and regulatory implications, coordinating waiver, remediation-plan, and closure approvals under the documented compliance delegation, tracking remediation to closure, and evidencing the record — so every compliance gap is visibly owned, decided, and closed.",PROMOTE,emitting; stored: (CM-1-2-4-3-7 core:triggeredBy CM-1-2-4-3-3),core:triggeredBy (canonical direction: triggered activity → triggering activity),Internal trading-compliance monitoring detecting an issue raises an exception — monitoring trigger.,0 deferred rows in this batch; none of the 12 deferred rows uses triggers,APPROVE,Trigger pattern: Internal-policy violation or adverse pattern. Retained stored fact (CM-1-2-4-3-7 core:triggeredBy CM-1-2-4-3-3). Approved per the monitoring-finding → exception-workflow pattern (internal-policy violations / adverse patterns). Hamid 2026-09-26.
REL-00400,Monitor Internal Trade Controls,CM-1-2-4-3-4,"Monitor the operation of internally implemented controls that support the organization's external trading obligations — verifying that required deal approvals are evidenced, regulatory reporting controls are complete and functioning, surveillance and recordkeeping controls operate as designed, and audit evidence exists — surfacing control failures and gaps to the accountable owners.",triggers,Manage Exceptions,CM-1-2-4-3-7,"Manage compliance exceptions through their lifecycle — logging and classifying identified violations, control failures, and approved deviations, assessing severity and regulatory implications, coordinating waiver, remediation-plan, and closure approvals under the documented compliance delegation, tracking remediation to closure, and evidencing the record — so every compliance gap is visibly owned, decided, and closed.",PROMOTE,emitting; stored: (CM-1-2-4-3-7 core:triggeredBy CM-1-2-4-3-4),core:triggeredBy (canonical direction: triggered activity → triggering activity),Internal trade-controls monitoring detecting an issue raises an exception — monitoring trigger.,0 deferred rows in this batch; none of the 12 deferred rows uses triggers,APPROVE,Trigger pattern: Control failure or evidence gap. Retained stored fact (CM-1-2-4-3-7 core:triggeredBy CM-1-2-4-3-4). Approved per the monitoring-finding → exception-workflow pattern (control failures / evidence gaps). Hamid 2026-09-26.
REL-00403,Manage Tax Compliance,CM-1-2-4-3-5,"Monitor and assure compliance with transaction- and commodity-tax obligations affecting supply and trading activity by reviewing evidence of registration, licensing, exemption-certificate, filing-calendar, and tax-determination-control compliance; coordinating relevant tax-authority notices and examinations with the enterprise Tax function; and escalating material gaps.",triggers,Manage Exceptions,CM-1-2-4-3-7,"Manage compliance exceptions through their lifecycle — logging and classifying identified violations, control failures, and approved deviations, assessing severity and regulatory implications, coordinating waiver, remediation-plan, and closure approvals under the documented compliance delegation, tracking remediation to closure, and evidencing the record — so every compliance gap is visibly owned, decided, and closed.",PROMOTE,emitting; stored: (CM-1-2-4-3-7 core:triggeredBy CM-1-2-4-3-5),core:triggeredBy (canonical direction: triggered activity → triggering activity),Tax-compliance monitoring detecting an issue raises an exception — monitoring trigger.,0 deferred rows in this batch; none of the 12 deferred rows uses triggers,APPROVE,Trigger pattern: Tax-compliance gap or material issue. Retained stored fact (CM-1-2-4-3-7 core:triggeredBy CM-1-2-4-3-5). Approved per the monitoring-finding → exception-workflow pattern (tax-compliance gaps / material issues). Hamid 2026-09-26.
REL-00725,Manage Product/Service Change,CM-1-3-4-3-3,"Manage controlled change to existing products and services by assessing specification, formulation, service-design, regulatory, quality, supply, customer, pricing, tax, data, offer, channel, inventory, and operational impacts; obtaining required approvals; and coordinating effective-dated implementation and transition.",triggers,Manage Commercial Master Data Stewardship (CM-1-3-7-1),CM-1-3-7-1,"The capability that stewards the governed commercial master data on which sales, pricing, fulfillment, billing, and service transactions depend — customer, price and discount, product and service, tax, and location/site records, together with the workflow configurations and commercial policy content that control how they change — maintaining each domain as validated, effective-dated, auditable records through concurrent stewardship processes.",ResolvedToConcept (no context trigger),emitting; stored: (CM-1-3-7-1 core:triggeredBy CM-1-3-4-3-3),core:triggeredBy (canonical direction: triggered activity → triggering activity),A product/service change forces commercial master-data stewardship action — change trigger.,0 deferred rows in this batch; none of the 12 deferred rows uses triggers,APPROVE,Trigger pattern: Approved product/service change. Retained stored fact (CM-1-3-7-1 core:triggeredBy CM-1-3-4-3-3). Hamid 2026-09-26.
REL-00892,Manage Card Administration,CM-1-3-6-6-4,"Administer card accounts day to day: process new-card orders, changes to card data such as vehicles, drivers, and purchase restrictions, renewals and replacements, and activations and blocks on customer instruction.",triggers,Manage Card Production & Monthly Reissue,CM-1-3-6-6-13,"Manage card production runs and periodic reissue cycles: schedule production and personalization with vendors, manage the monthly reissue of expiring cards, and hand produced cards to physical handling for distribution.",PROMOTE,emitting; stored: (CM-1-3-6-6-13 core:triggeredBy CM-1-3-6-6-4),core:triggeredBy (canonical direction: triggered activity → triggering activity),"Card administration decisions (issuance, reissue, replacement) initiate card production — process-handoff trigger.",0 deferred rows in this batch; none of the 12 deferred rows uses triggers,APPROVE,"Trigger pattern: Card issue, replacement, or reissue handoff. Retained stored fact (CM-1-3-6-6-13 core:triggeredBy CM-1-3-6-6-4). Approved with scope: card-administration decisions and instructions can invoke production/reissue work — conditional workflow triggers within program controls, not every card-administration event. Hamid 2026-09-26."
REL-00897,Manage Card Delinquency and Collections Referral,CM-1-3-6-6-6,"Manage the card program's exposure to non-paying accounts at program level: monitor delinquency signals on card accounts, apply program-level servicing responses such as card blocking, transaction holds, and limit suspension, refer delinquent accounts to collections, and supply program data for bad-debt assessment.",triggers,Manage Receivables Collections (CM-1-3-8-3-2),CM-1-3-8-3-2,"Execute the approved collection strategy on undisputed, due receivables: run dunning and contact cycles by segment and aging, secure and track payment commitments, administer payment plans within pre-approved authority, escalate through the approved ladder to third-party agencies or legal referral, and keep the collection record complete.",ResolvedToConcept (no context trigger),emitting; stored: (CM-1-3-8-3-2 core:triggeredBy CM-1-3-6-6-6),core:triggeredBy (canonical direction: triggered activity → triggering activity),Delinquency/collections referral invokes receivables collections — referral trigger.,0 deferred rows in this batch; none of the 12 deferred rows uses triggers,APPROVE,Trigger pattern: Delinquency and referral event. Retained stored fact (CM-1-3-8-3-2 core:triggeredBy CM-1-3-6-6-6). Approved with scope: a formal delinquency referral can invoke receivables collections — not every delinquency. Hamid 2026-09-26.
REL-00901,"Analyze, Report, and Confirm Card Transactions",CM-1-3-6-6-7,"Analyze, report, and confirm card transaction activity: validate captured transactions for completeness and accuracy against expected patterns and program terms, confirm transaction sets for billing cycles, and produce transaction reports for customers and internal stakeholders.",triggers,Manage Fraudulent Transactions,CM-1-3-6-6-11,"Detect and respond to suspected fraudulent card activity at program level: monitor transaction alerts, investigate suspected misuse within program authority, block cards and accounts, initiate dispute and chargeback workflows where applicable, and escalate per the enterprise fraud framework.",PROMOTE,emitting; stored: (CM-1-3-6-6-11 core:triggeredBy CM-1-3-6-6-7),core:triggeredBy (canonical direction: triggered activity → triggering activity),Card-transaction analysis confirming fraud invokes fraudulent-transaction management — detection trigger.,0 deferred rows in this batch; none of the 12 deferred rows uses triggers,APPROVE,Trigger pattern: Fraud detection during transaction analysis. Retained stored fact (CM-1-3-6-6-11 core:triggeredBy CM-1-3-6-6-7). Approved with scope: transaction analysis that detects suspected fraud can invoke fraudulent-transaction management — not every analyzed transaction. Hamid 2026-09-26.
